loan_id,origination_month,original_balance,interest_rate,credit_score_band,ltv_band,dti_band,state,loan_purpose,occupancy_type,property_type
LN000000,2024-05-01,193668.75,4.53,750-799,80-90%,>50%,NY,Refinance-Cashout,Owner-Occupied,Single-Family
LN000001,2023-03-01,228575.39,2.5,650-699,80-90%,30-40%,PA,Refinance-Cashout,Investment,Multi-Unit
LN000002,2022-08-01,281651.28,4.714,600-649,70-80%,30-40%,PA,Refinance-Cashout,Investment,Single-Family
LN000003,2023-09-01,133019.98,2.5,650-699,80-90%,30-40%,OH,Purchase,Owner-Occupied,Single-Family
LN000004,2023-07-01,304677.14,3.394,650-699,70-80%,<30%,CA,Purchase,Investment,Single-Family
LN000005,2023-11-01,289284.71,2.896,700-749,60-70%,30-40%,NC,Purchase,Owner-Occupied,Single-Family
LN000006,2022-11-01,418420.91,6.699,650-699,80-90%,30-40%,TX,Purchase,Owner-Occupied,Single-Family
LN000007,2022-11-01,218013.45,7.17,800+,70-80%,<30%,NY,Refinance-Rate-Term,Owner-Occupied,Single-Family
LN000008,2023-12-01,170080.45,5.512,700-749,70-80%,40-50%,FL,Purchase,Owner-Occupied,Condo
LN000009,2024-12-01,262594.04,4.655,700-749,60-70%,40-50%,FL,Refinance-Rate-Term,Owner-Occupied,Single-Family
LN000010,2023-12-01,190190.87,5.043,700-749,80-90%,30-40%,IL,Refinance-Cashout,Investment,Single-Family
LN000011,2022-03-01,303915.46,6.698,700-749,70-80%,40-50%,OH,Refinance-Cashout,Owner-Occupied,Single-Family
LN000012,2023-10-01,114006.51,2.5,<600,70-80%,40-50%,OH,Purchase,Owner-Occupied,Single-Family
LN000013,2022-02-01,239465.46,3.387,800+,70-80%,30-40%,OH,Purchase,Owner-Occupied,Single-Family
LN000014,2023-12-01,207162.83,6.506,700-749,60-70%,40-50%,FL,Refinance-Cashout,Second Home,Single-Family
LN000015,2024-06-01,356775.71,6.818,<600,90-95%,30-40%,NC,Purchase,Investment,Single-Family
LN000016,2022-02-01,218943.53,5.885,700-749,70-80%,<30%,PA,Refinance-Cashout,Owner-Occupied,Single-Family
LN000017,2023-09-01,126390.42,3.433,700-749,70-80%,30-40%,MI,Refinance-Cashout,Owner-Occupied,Condo
LN000018,2024-09-01,279817.99,6.484,<600,60-70%,30-40%,GA,Purchase,Owner-Occupied,Single-Family
LN000019,2022-12-01,331988.61,7.042,800+,60-70%,<30%,CA,Purchase,Owner-Occupied,Single-Family
LN000020,2023-10-01,272879.48,6.077,<600,90-95%,30-40%,NY,Purchase,Owner-Occupied,Multi-Unit
LN000021,2024-01-01,238867.72,2.5,700-749,70-80%,>50%,OH,Refinance-Rate-Term,Owner-Occupied,Single-Family
LN000022,2024-03-01,232843.79,5.187,800+,80-90%,40-50%,NC,Purchase,Owner-Occupied,Single-Family
LN000023,2024-04-01,311294.8,5.878,650-699,<60%,40-50%,FL,Refinance-Rate-Term,Investment,Single-Family
LN000024,2023-04-01,211055.13,4.227,650-699,70-80%,40-50%,PA,Refinance-Cashout,Owner-Occupied,Single-Family
LN000025,2023-03-01,267151.7,5.28,<600,90-95%,40-50%,GA,Purchase,Owner-Occupied,Single-Family
LN000026,2022-03-01,375044.66,4.23,600-649,70-80%,<30%,FL,Refinance-Cashout,Owner-Occupied,Single-Family
LN000027,2022-07-01,169867.69,3.708,<600,70-80%,>50%,PA,Refinance-Rate-Term,Owner-Occupied,Single-Family
LN000028,2023-09-01,295633.3,7.266,750-799,90-95%,40-50%,NC,Refinance-Cashout,Owner-Occupied,Multi-Unit
LN000029,2022-09-01,121101.06,5.323,750-799,80-90%,30-40%,NC,Purchase,Owner-Occupied,Single-Family
LN000030,2023-06-01,322792.97,3.341,750-799,<60%,30-40%,PA,Purchase,Owner-Occupied,Single-Family
LN000031,2022-04-01,202119.08,2.935,700-749,70-80%,40-50%,IL,Purchase,Investment,Single-Family
LN000032,2024-01-01,401959.18,3.709,750-799,<60%,<30%,CA,Purchase,Owner-Occupied,Single-Family
LN000033,2023-02-01,152305.27,3.717,700-749,90-95%,30-40%,FL,Purchase,Owner-Occupied,Single-Family
LN000034,2022-09-01,344207.9,5.22,650-699,70-80%,<30%,FL,Refinance-Cashout,Investment,Single-Family
LN000035,2024-02-01,422113.11,5.728,700-749,>95%,40-50%,NY,Purchase,Owner-Occupied,Single-Family
LN000036,2022-02-01,196931.06,5.727,600-649,<60%,<30%,IL,Refinance-Cashout,Owner-Occupied,Single-Family
LN000037,2023-08-01,213811.51,3.875,800+,70-80%,30-40%,GA,Purchase,Owner-Occupied,Single-Family
LN000038,2024-04-01,205580.44,6.381,700-749,60-70%,<30%,NC,Purchase,Investment,Single-Family
LN000039,2022-07-01,251413.73,6.842,750-799,70-80%,40-50%,OH,Purchase,Owner-Occupied,Single-Family
LN000040,2022-08-01,351742.18,4.61,750-799,60-70%,>50%,MI,Refinance-Cashout,Owner-Occupied,Single-Family
LN000041,2024-11-01,243249.51,3.452,750-799,70-80%,30-40%,PA,Purchase,Owner-Occupied,Multi-Unit
LN000042,2023-02-01,187904.18,5.15,<600,80-90%,<30%,FL,Purchase,Owner-Occupied,Condo
LN000043,2023-05-01,98124.63,8.24,700-749,60-70%,30-40%,NC,Refinance-Cashout,Investment,Multi-Unit
LN000044,2024-12-01,460194.75,3.413,750-799,70-80%,40-50%,MI,Purchase,Owner-Occupied,Multi-Unit
LN000045,2022-04-01,468049.56,4.211,<600,90-95%,40-50%,CA,Refinance-Rate-Term,Owner-Occupied,Single-Family
LN000046,2022-02-01,356023.7,5.086,800+,>95%,40-50%,NC,Purchase,Owner-Occupied,Single-Family
LN000047,2022-06-01,218961.63,5.812,700-749,70-80%,30-40%,FL,Purchase,Owner-Occupied,Single-Family
LN000048,2022-04-01,374770.21,2.5,650-699,90-95%,<30%,NC,Purchase,Second Home,Single-Family
LN000049,2024-05-01,394870.69,6.959,700-749,70-80%,<30%,MI,Refinance-Cashout,Owner-Occupied,Single-Family
LN000050,2023-06-01,274575.19,6.938,750-799,70-80%,>50%,CA,Refinance-Cashout,Owner-Occupied,Single-Family
LN000051,2024-02-01,304136.85,4.363,700-749,90-95%,40-50%,GA,Purchase,Investment,Single-Family
LN000052,2024-10-01,423176.82,9.0,700-749,80-90%,40-50%,PA,Purchase,Second Home,Single-Family
LN000053,2022-10-01,135953.86,6.842,700-749,90-95%,40-50%,NC,Purchase,Owner-Occupied,Single-Family
LN000054,2024-12-01,399842.28,6.762,700-749,80-90%,40-50%,NY,Purchase,Owner-Occupied,Multi-Unit
LN000055,2023-02-01,269084.62,6.781,600-649,60-70%,30-40%,IL,Purchase,Owner-Occupied,Single-Family
LN000056,2024-07-01,188742.17,6.738,<600,70-80%,<30%,PA,Purchase,Owner-Occupied,Condo
LN000057,2023-03-01,196969.35,4.967,600-649,70-80%,>50%,NC,Purchase,Owner-Occupied,Single-Family
LN000058,2022-08-01,213527.79,4.819,650-699,70-80%,>50%,PA,Purchase,Investment,Single-Family
LN000059,2023-02-01,178992.93,3.585,650-699,60-70%,30-40%,NC,Refinance-Rate-Term,Investment,Single-Family
LN000060,2023-11-01,477138.9,4.134,700-749,70-80%,40-50%,TX,Refinance-Cashout,Second Home,Single-Family
LN000061,2023-09-01,349120.29,4.534,700-749,90-95%,30-40%,NY,Purchase,Owner-Occupied,Multi-Unit
LN000062,2023-04-01,406448.28,5.098,<600,90-95%,<30%,FL,Refinance-Rate-Term,Investment,Single-Family
LN000063,2023-06-01,356236.83,7.397,<600,70-80%,30-40%,NY,Purchase,Owner-Occupied,Single-Family
LN000064,2023-12-01,306122.76,2.5,600-649,70-80%,40-50%,CA,Purchase,Owner-Occupied,Single-Family
LN000065,2024-02-01,307475.53,7.017,700-749,80-90%,40-50%,TX,Refinance-Rate-Term,Owner-Occupied,Single-Family
LN000066,2024-01-01,260248.74,3.482,<600,70-80%,40-50%,NY,Refinance-Rate-Term,Second Home,Multi-Unit
LN000067,2024-05-01,268421.76,4.843,700-749,>95%,<30%,MI,Purchase,Owner-Occupied,Single-Family
LN000068,2023-03-01,159189.66,3.913,700-749,60-70%,30-40%,NY,Purchase,Investment,Single-Family
LN000069,2022-01-01,408182.62,7.781,700-749,70-80%,>50%,IL,Refinance-Cashout,Investment,Single-Family
LN000070,2024-01-01,118676.67,4.25,750-799,90-95%,<30%,NC,Refinance-Rate-Term,Owner-Occupied,Single-Family
LN000071,2022-07-01,194138.94,5.782,650-699,90-95%,40-50%,CA,Refinance-Rate-Term,Investment,Single-Family
LN000072,2022-09-01,501203.41,5.86,650-699,70-80%,40-50%,GA,Refinance-Rate-Term,Investment,Single-Family
LN000073,2023-12-01,313617.29,3.26,650-699,60-70%,40-50%,FL,Purchase,Owner-Occupied,Single-Family
LN000074,2022-01-01,317771.04,4.855,<600,80-90%,>50%,NC,Purchase,Owner-Occupied,Single-Family
LN000075,2022-08-01,363733.85,6.806,600-649,70-80%,30-40%,GA,Refinance-Cashout,Owner-Occupied,Single-Family
LN000076,2023-12-01,145966.25,3.69,750-799,80-90%,40-50%,GA,Purchase,Owner-Occupied,Single-Family
LN000077,2022-11-01,160620.66,6.243,650-699,70-80%,<30%,NC,Purchase,Owner-Occupied,Single-Family
LN000078,2023-05-01,255510.57,4.503,800+,60-70%,30-40%,NY,Refinance-Rate-Term,Owner-Occupied,Single-Family
LN000079,2022-08-01,209663.9,6.745,650-699,<60%,30-40%,IL,Purchase,Investment,Single-Family
LN000080,2024-11-01,292504.4,7.621,750-799,70-80%,30-40%,OH,Purchase,Investment,Single-Family
LN000081,2024-11-01,348554.93,2.5,750-799,60-70%,>50%,TX,Purchase,Owner-Occupied,Single-Family
LN000082,2024-09-01,438916.3,2.993,650-699,60-70%,40-50%,OH,Purchase,Owner-Occupied,Single-Family
LN000083,2022-05-01,381108.83,4.342,650-699,70-80%,30-40%,FL,Refinance-Rate-Term,Owner-Occupied,Single-Family
LN000084,2024-04-01,200572.33,7.198,700-749,70-80%,<30%,PA,Purchase,Owner-Occupied,Condo
LN000085,2022-07-01,262503.59,5.799,750-799,70-80%,30-40%,PA,Purchase,Owner-Occupied,Single-Family
LN000086,2022-09-01,235305.48,3.133,700-749,60-70%,40-50%,PA,Purchase,Owner-Occupied,Single-Family
LN000087,2022-08-01,198343.91,6.018,600-649,90-95%,40-50%,MI,Purchase,Owner-Occupied,Single-Family
LN000088,2022-12-01,175582.49,3.629,700-749,60-70%,30-40%,TX,Purchase,Owner-Occupied,Single-Family
LN000089,2024-10-01,466431.24,6.306,650-699,70-80%,<30%,NC,Purchase,Investment,Single-Family
LN000090,2024-09-01,301064.22,5.808,800+,70-80%,30-40%,GA,Refinance-Rate-Term,Owner-Occupied,Condo
LN000091,2023-11-01,277576.98,3.623,750-799,90-95%,30-40%,OH,Refinance-Rate-Term,Owner-Occupied,Multi-Unit
LN000092,2023-12-01,348425.76,4.901,600-649,70-80%,40-50%,NC,Purchase,Owner-Occupied,Single-Family
LN000093,2024-11-01,353374.61,6.837,650-699,60-70%,30-40%,NY,Purchase,Owner-Occupied,Single-Family
LN000094,2023-10-01,411882.57,2.5,600-649,<60%,30-40%,TX,Purchase,Owner-Occupied,Single-Family
LN000095,2024-03-01,225633.84,5.452,750-799,80-90%,30-40%,NY,Purchase,Owner-Occupied,Single-Family
LN000096,2024-11-01,340272.22,3.34,800+,80-90%,30-40%,MI,Purchase,Owner-Occupied,Single-Family
LN000097,2022-01-01,208882.6,4.976,600-649,70-80%,30-40%,FL,Purchase,Owner-Occupied,Condo
LN000098,2024-11-01,280984.21,5.687,700-749,60-70%,40-50%,TX,Purchase,Owner-Occupied,Single-Family
LN000099,2023-02-01,305674.26,8.02,800+,70-80%,40-50%,TX,Refinance-Cashout,Owner-Occupied,Single-Family
LN000100,2022-03-01,315448.4,4.961,600-649,70-80%,40-50%,GA,Refinance-Rate-Term,Owner-Occupied,Single-Family
LN000101,2022-01-01,311032.11,7.198,650-699,80-90%,<30%,IL,Refinance-Cashout,Owner-Occupied,Single-Family
LN000102,2022-05-01,380183.1,3.739,650-699,<60%,<30%,PA,Purchase,Owner-Occupied,Single-Family
LN000103,2024-02-01,240301.16,4.257,<600,70-80%,30-40%,GA,Purchase,Owner-Occupied,Condo
LN000104,2023-02-01,318167.43,5.881,<600,70-80%,<30%,OH,Purchase,Owner-Occupied,Single-Family
LN000105,2024-03-01,224109.52,5.303,800+,70-80%,30-40%,OH,Refinance-Cashout,Investment,Single-Family
LN000106,2022-09-01,592075.26,4.507,700-749,70-80%,<30%,OH,Purchase,Second Home,Single-Family
LN000107,2023-03-01,208713.57,4.467,650-699,90-95%,<30%,OH,Purchase,Owner-Occupied,Multi-Unit
LN000108,2023-03-01,229934.73,7.0,700-749,70-80%,<30%,GA,Purchase,Owner-Occupied,Single-Family
LN000109,2024-02-01,388264.81,4.567,750-799,70-80%,40-50%,CA,Refinance-Rate-Term,Owner-Occupied,Single-Family
LN000110,2023-01-01,257053.49,3.469,700-749,70-80%,30-40%,FL,Purchase,Second Home,Single-Family
LN000111,2024-08-01,388304.61,3.718,650-699,70-80%,<30%,CA,Purchase,Second Home,Single-Family
LN000112,2024-08-01,315302.26,6.005,600-649,<60%,30-40%,GA,Refinance-Cashout,Owner-Occupied,Multi-Unit
LN000113,2022-04-01,259681.07,8.385,750-799,70-80%,40-50%,TX,Purchase,Owner-Occupied,Single-Family
LN000114,2024-06-01,224724.47,4.214,650-699,<60%,40-50%,OH,Purchase,Owner-Occupied,Single-Family
LN000115,2023-11-01,221116.34,8.223,600-649,>95%,<30%,PA,Purchase,Owner-Occupied,Single-Family
LN000116,2023-03-01,260767.9,4.984,700-749,70-80%,40-50%,CA,Refinance-Cashout,Investment,Single-Family
LN000117,2024-05-01,282560.37,4.58,<600,60-70%,30-40%,PA,Purchase,Owner-Occupied,Single-Family
LN000118,2024-12-01,216811.88,3.635,800+,60-70%,40-50%,NC,Purchase,Owner-Occupied,Single-Family
LN000119,2023-01-01,289076.76,4.703,700-749,70-80%,40-50%,FL,Refinance-Rate-Term,Second Home,Single-Family
LN000120,2024-08-01,190588.47,3.866,650-699,70-80%,40-50%,OH,Purchase,Owner-Occupied,Single-Family
LN000121,2022-07-01,375590.12,3.745,650-699,70-80%,40-50%,NY,Refinance-Cashout,Owner-Occupied,Single-Family
LN000122,2023-10-01,394736.24,2.522,700-749,70-80%,<30%,CA,Refinance-Rate-Term,Owner-Occupied,Single-Family
LN000123,2024-04-01,229567.48,7.649,700-749,90-95%,30-40%,OH,Purchase,Owner-Occupied,Condo
LN000124,2022-02-01,223982.69,6.597,750-799,70-80%,<30%,CA,Purchase,Owner-Occupied,Single-Family
LN000125,2022-06-01,317791.68,5.407,700-749,70-80%,>50%,NY,Refinance-Rate-Term,Owner-Occupied,Single-Family
LN000126,2024-04-01,426536.61,4.784,700-749,80-90%,30-40%,NC,Refinance-Rate-Term,Owner-Occupied,Condo
LN000127,2024-04-01,448666.37,4.992,800+,<60%,30-40%,IL,Refinance-Rate-Term,Owner-Occupied,Condo
LN000128,2023-08-01,159725.73,3.835,700-749,60-70%,<30%,OH,Purchase,Owner-Occupied,Single-Family
LN000129,2024-06-01,400630.48,3.299,700-749,70-80%,<30%,OH,Refinance-Cashout,Second Home,Single-Family
LN000130,2022-11-01,293844.67,6.076,750-799,80-90%,40-50%,FL,Purchase,Owner-Occupied,Condo
LN000131,2024-04-01,295781.03,4.607,750-799,70-80%,30-40%,GA,Purchase,Owner-Occupied,Single-Family
LN000132,2024-01-01,350471.24,5.489,700-749,60-70%,30-40%,CA,Refinance-Cashout,Owner-Occupied,Multi-Unit
LN000133,2024-09-01,251904.25,2.506,750-799,90-95%,<30%,NY,Refinance-Rate-Term,Owner-Occupied,Condo
LN000134,2022-01-01,409670.06,4.527,700-749,70-80%,40-50%,MI,Purchase,Owner-Occupied,Single-Family
LN000135,2024-03-01,442396.23,3.27,700-749,80-90%,<30%,NY,Refinance-Cashout,Owner-Occupied,Single-Family
LN000136,2023-01-01,446128.43,5.726,650-699,90-95%,30-40%,TX,Purchase,Owner-Occupied,Single-Family
LN000137,2022-03-01,115608.52,6.493,750-799,70-80%,40-50%,PA,Purchase,Owner-Occupied,Multi-Unit
LN000138,2022-06-01,277034.27,7.19,650-699,80-90%,30-40%,CA,Refinance-Rate-Term,Owner-Occupied,Condo
LN000139,2022-08-01,106476.94,4.057,<600,80-90%,<30%,FL,Purchase,Second Home,Single-Family
LN000140,2024-03-01,223471.99,3.308,800+,90-95%,40-50%,NC,Refinance-Cashout,Investment,Single-Family
LN000141,2022-09-01,60250.11,4.372,650-699,70-80%,30-40%,MI,Refinance-Cashout,Owner-Occupied,Single-Family
LN000142,2024-09-01,345026.66,3.951,650-699,90-95%,<30%,PA,Purchase,Owner-Occupied,Multi-Unit
LN000143,2023-12-01,321930.96,5.647,650-699,<60%,30-40%,TX,Refinance-Cashout,Owner-Occupied,Single-Family
LN000144,2023-03-01,256739.89,2.896,650-699,80-90%,<30%,NC,Purchase,Second Home,Single-Family
LN000145,2024-08-01,220885.19,2.5,700-749,70-80%,30-40%,TX,Purchase,Owner-Occupied,Single-Family
LN000146,2024-08-01,331403.16,4.48,600-649,60-70%,40-50%,OH,Refinance-Cashout,Owner-Occupied,Single-Family
LN000147,2023-12-01,198857.79,6.09,600-649,<60%,>50%,CA,Refinance-Cashout,Owner-Occupied,Multi-Unit
LN000148,2022-12-01,192053.79,3.459,650-699,70-80%,30-40%,IL,Purchase,Owner-Occupied,Single-Family
LN000149,2022-02-01,179758.38,6.274,650-699,70-80%,30-40%,OH,Purchase,Owner-Occupied,Single-Family
LN000150,2022-03-01,279615.91,5.548,600-649,60-70%,30-40%,FL,Purchase,Owner-Occupied,Single-Family
LN000151,2023-05-01,241769.24,7.32,700-749,60-70%,40-50%,NY,Purchase,Second Home,Single-Family
LN000152,2022-02-01,261576.2,3.797,650-699,70-80%,30-40%,IL,Purchase,Owner-Occupied,Single-Family
LN000153,2022-02-01,352180.87,2.59,<600,70-80%,<30%,FL,Purchase,Owner-Occupied,Condo
LN000154,2024-04-01,396329.66,5.898,750-799,70-80%,40-50%,PA,Purchase,Owner-Occupied,Single-Family
LN000155,2023-11-01,445048.08,5.42,750-799,90-95%,30-40%,FL,Refinance-Cashout,Owner-Occupied,Single-Family
LN000156,2024-08-01,306013.7,5.304,650-699,70-80%,30-40%,GA,Purchase,Owner-Occupied,Single-Family
LN000157,2024-09-01,334758.91,3.428,650-699,<60%,<30%,OH,Purchase,Second Home,Condo
LN000158,2022-01-01,318884.64,6.163,700-749,70-80%,40-50%,CA,Refinance-Cashout,Owner-Occupied,Single-Family
LN000159,2023-07-01,132581.43,4.05,700-749,80-90%,30-40%,TX,Purchase,Owner-Occupied,Single-Family
LN000160,2022-02-01,263030.29,5.303,800+,<60%,30-40%,NY,Refinance-Rate-Term,Owner-Occupied,Single-Family
LN000161,2024-02-01,263490.18,4.311,700-749,70-80%,30-40%,IL,Purchase,Owner-Occupied,Condo
LN000162,2024-08-01,248918.72,5.532,700-749,70-80%,40-50%,MI,Purchase,Owner-Occupied,Condo
LN000163,2022-06-01,295906.07,3.207,750-799,>95%,30-40%,NY,Purchase,Investment,Single-Family
LN000164,2024-08-01,278051.94,5.75,700-749,70-80%,<30%,NY,Purchase,Owner-Occupied,Multi-Unit
LN000165,2022-04-01,201367.32,5.986,600-649,80-90%,40-50%,NC,Purchase,Owner-Occupied,Single-Family
LN000166,2022-11-01,284897.4,5.174,700-749,70-80%,30-40%,NY,Purchase,Owner-Occupied,Single-Family
LN000167,2023-05-01,236094.96,7.466,600-649,80-90%,30-40%,NY,Purchase,Owner-Occupied,Condo
LN000168,2023-12-01,50000.0,5.311,<600,70-80%,30-40%,NY,Purchase,Owner-Occupied,Single-Family
LN000169,2022-05-01,160293.11,6.378,750-799,70-80%,30-40%,TX,Purchase,Owner-Occupied,Multi-Unit
LN000170,2024-10-01,308891.43,5.139,650-699,70-80%,<30%,GA,Refinance-Cashout,Owner-Occupied,Single-Family
LN000171,2022-06-01,409189.13,6.244,<600,90-95%,40-50%,NY,Refinance-Cashout,Owner-Occupied,Single-Family
LN000172,2023-10-01,57279.67,2.7,750-799,<60%,30-40%,IL,Refinance-Cashout,Owner-Occupied,Single-Family
LN000173,2022-11-01,212960.84,5.049,700-749,60-70%,>50%,GA,Refinance-Rate-Term,Investment,Single-Family
LN000174,2023-04-01,343145.38,3.31,650-699,80-90%,40-50%,NY,Purchase,Owner-Occupied,Single-Family
LN000175,2024-09-01,387819.55,5.211,650-699,70-80%,>50%,IL,Purchase,Owner-Occupied,Single-Family
LN000176,2022-09-01,257988.64,5.576,650-699,70-80%,30-40%,IL,Refinance-Cashout,Owner-Occupied,Single-Family
LN000177,2022-06-01,231721.76,6.211,650-699,70-80%,<30%,PA,Purchase,Owner-Occupied,Condo
LN000178,2023-04-01,421971.07,5.735,750-799,70-80%,40-50%,OH,Purchase,Owner-Occupied,Single-Family
LN000179,2024-05-01,379609.27,4.495,650-699,70-80%,40-50%,FL,Purchase,Owner-Occupied,Condo
LN000180,2022-03-01,385861.84,3.87,700-749,80-90%,40-50%,MI,Purchase,Owner-Occupied,Single-Family
LN000181,2023-08-01,253193.6,2.5,600-649,<60%,30-40%,FL,Purchase,Owner-Occupied,Single-Family
LN000182,2024-12-01,411369.42,5.103,800+,90-95%,30-40%,NC,Refinance-Cashout,Owner-Occupied,Single-Family
LN000183,2023-07-01,105493.13,6.707,700-749,70-80%,40-50%,CA,Refinance-Rate-Term,Owner-Occupied,Single-Family
LN000184,2024-02-01,413123.01,5.163,800+,60-70%,40-50%,MI,Purchase,Owner-Occupied,Condo
LN000185,2022-03-01,293346.78,4.873,700-749,70-80%,<30%,GA,Refinance-Rate-Term,Investment,Multi-Unit
LN000186,2023-07-01,312893.42,5.215,750-799,80-90%,40-50%,MI,Purchase,Owner-Occupied,Single-Family
LN000187,2023-08-01,205474.73,4.418,750-799,<60%,40-50%,FL,Refinance-Rate-Term,Second Home,Single-Family
LN000188,2024-08-01,118597.37,5.292,750-799,80-90%,<30%,IL,Refinance-Cashout,Owner-Occupied,Single-Family
LN000189,2022-07-01,310770.41,4.393,600-649,80-90%,>50%,FL,Purchase,Owner-Occupied,Multi-Unit
LN000190,2024-09-01,355139.45,3.652,<600,60-70%,30-40%,MI,Refinance-Rate-Term,Owner-Occupied,Condo
LN000191,2023-06-01,370269.24,4.887,650-699,60-70%,40-50%,CA,Purchase,Owner-Occupied,Single-Family
LN000192,2022-01-01,359477.86,4.854,600-649,60-70%,40-50%,MI,Purchase,Owner-Occupied,Single-Family
LN000193,2022-11-01,336816.17,7.813,750-799,80-90%,<30%,IL,Refinance-Rate-Term,Second Home,Single-Family
LN000194,2024-04-01,207621.36,3.791,700-749,70-80%,40-50%,GA,Refinance-Cashout,Owner-Occupied,Condo
LN000195,2024-01-01,376747.61,4.761,700-749,80-90%,40-50%,IL,Refinance-Rate-Term,Owner-Occupied,Condo
LN000196,2023-11-01,196437.77,4.615,650-699,70-80%,40-50%,NY,Refinance-Cashout,Owner-Occupied,Multi-Unit
LN000197,2024-07-01,410706.42,4.328,650-699,80-90%,30-40%,NC,Refinance-Cashout,Owner-Occupied,Single-Family
LN000198,2024-06-01,291601.81,5.77,650-699,70-80%,<30%,CA,Refinance-Rate-Term,Owner-Occupied,Single-Family
LN000199,2024-11-01,294929.08,8.357,700-749,70-80%,40-50%,IL,Refinance-Cashout,Owner-Occupied,Single-Family
LN000200,2022-07-01,386592.66,4.519,750-799,90-95%,30-40%,CA,Purchase,Owner-Occupied,Single-Family
LN000201,2023-04-01,400146.86,5.774,650-699,80-90%,30-40%,PA,Purchase,Owner-Occupied,Single-Family
LN000202,2024-02-01,377063.87,2.5,750-799,70-80%,30-40%,MI,Purchase,Owner-Occupied,Single-Family
LN000203,2022-02-01,217954.22,4.41,700-749,70-80%,30-40%,NC,Purchase,Investment,Single-Family
LN000204,2022-01-01,376266.96,7.333,750-799,70-80%,40-50%,TX,Refinance-Cashout,Owner-Occupied,Single-Family
LN000205,2022-12-01,218521.04,4.918,650-699,70-80%,40-50%,NY,Purchase,Owner-Occupied,Single-Family
LN000206,2022-05-01,378790.14,5.754,700-749,70-80%,40-50%,GA,Purchase,Owner-Occupied,Multi-Unit
LN000207,2024-08-01,157483.68,4.066,600-649,70-80%,40-50%,FL,Refinance-Cashout,Owner-Occupied,Single-Family
LN000208,2022-09-01,290631.99,5.386,650-699,>95%,40-50%,OH,Purchase,Owner-Occupied,Single-Family
LN000209,2024-11-01,217910.89,7.449,700-749,70-80%,<30%,OH,Purchase,Owner-Occupied,Condo
LN000210,2023-07-01,386993.57,3.26,750-799,<60%,40-50%,TX,Purchase,Owner-Occupied,Single-Family
LN000211,2023-04-01,411516.68,8.28,650-699,70-80%,30-40%,MI,Refinance-Rate-Term,Owner-Occupied,Single-Family
LN000212,2022-03-01,319899.65,2.681,650-699,<60%,30-40%,NY,Purchase,Owner-Occupied,Multi-Unit
LN000213,2023-08-01,316610.91,4.272,700-749,70-80%,30-40%,CA,Refinance-Cashout,Owner-Occupied,Multi-Unit
LN000214,2023-12-01,370417.71,3.746,700-749,70-80%,30-40%,GA,Purchase,Second Home,Single-Family
LN000215,2024-09-01,412111.49,4.591,700-749,70-80%,30-40%,MI,Refinance-Cashout,Owner-Occupied,Single-Family
LN000216,2023-12-01,303731.12,3.727,750-799,>95%,<30%,MI,Purchase,Owner-Occupied,Condo
LN000217,2022-11-01,250032.47,3.613,700-749,>95%,<30%,NC,Purchase,Owner-Occupied,Single-Family
LN000218,2022-08-01,364726.75,3.22,750-799,<60%,30-40%,CA,Purchase,Owner-Occupied,Single-Family
LN000219,2024-12-01,114127.26,5.966,750-799,70-80%,<30%,OH,Purchase,Owner-Occupied,Single-Family
LN000220,2023-08-01,390965.15,4.643,750-799,80-90%,30-40%,CA,Purchase,Investment,Multi-Unit
LN000221,2024-11-01,228981.31,4.251,700-749,60-70%,<30%,CA,Purchase,Owner-Occupied,Single-Family
LN000222,2024-01-01,275977.21,5.423,600-649,80-90%,<30%,NC,Purchase,Investment,Single-Family
LN000223,2024-11-01,391605.13,2.758,650-699,90-95%,40-50%,MI,Refinance-Cashout,Owner-Occupied,Single-Family
LN000224,2024-01-01,258449.05,5.46,800+,80-90%,40-50%,MI,Purchase,Owner-Occupied,Single-Family
LN000225,2024-05-01,364740.89,4.859,650-699,70-80%,>50%,PA,Refinance-Cashout,Owner-Occupied,Single-Family
LN000226,2023-06-01,413890.88,4.905,700-749,90-95%,40-50%,CA,Refinance-Cashout,Owner-Occupied,Single-Family
LN000227,2023-06-01,311003.31,5.779,750-799,90-95%,40-50%,OH,Purchase,Owner-Occupied,Single-Family
LN000228,2022-02-01,331144.82,7.465,700-749,80-90%,30-40%,FL,Purchase,Owner-Occupied,Condo
LN000229,2024-11-01,288056.41,5.484,700-749,70-80%,30-40%,MI,Refinance-Rate-Term,Investment,Single-Family
LN000230,2023-04-01,311559.8,4.7,600-649,80-90%,30-40%,NY,Refinance-Cashout,Owner-Occupied,Single-Family
LN000231,2024-12-01,188359.52,3.226,700-749,70-80%,30-40%,NY,Refinance-Cashout,Owner-Occupied,Single-Family
LN000232,2024-09-01,270626.19,2.5,650-699,70-80%,40-50%,GA,Refinance-Rate-Term,Owner-Occupied,Single-Family
LN000233,2022-04-01,171179.44,5.192,800+,70-80%,40-50%,CA,Purchase,Owner-Occupied,Single-Family
LN000234,2024-09-01,210123.28,3.111,750-799,>95%,40-50%,GA,Purchase,Owner-Occupied,Single-Family
LN000235,2023-02-01,99705.1,2.5,750-799,80-90%,30-40%,NC,Refinance-Cashout,Second Home,Single-Family
LN000236,2023-09-01,326392.82,4.474,700-749,80-90%,>50%,OH,Refinance-Rate-Term,Owner-Occupied,Single-Family
LN000237,2023-08-01,469160.22,5.359,600-649,70-80%,>50%,CA,Refinance-Cashout,Owner-Occupied,Condo
LN000238,2022-08-01,254389.43,6.116,650-699,70-80%,30-40%,OH,Refinance-Rate-Term,Owner-Occupied,Single-Family
LN000239,2022-07-01,396513.36,6.592,650-699,90-95%,40-50%,PA,Purchase,Owner-Occupied,Single-Family
LN000240,2022-03-01,412569.28,6.314,700-749,70-80%,<30%,IL,Refinance-Cashout,Owner-Occupied,Condo
LN000241,2023-05-01,180086.28,6.354,700-749,80-90%,<30%,IL,Refinance-Cashout,Owner-Occupied,Condo
LN000242,2024-09-01,201620.61,2.798,700-749,70-80%,<30%,CA,Purchase,Owner-Occupied,Condo
LN000243,2022-12-01,399079.81,4.776,700-749,80-90%,40-50%,PA,Purchase,Owner-Occupied,Single-Family
LN000244,2023-10-01,290765.86,5.87,800+,90-95%,<30%,NY,Purchase,Owner-Occupied,Multi-Unit
LN000245,2023-10-01,170921.11,5.07,650-699,70-80%,<30%,CA,Refinance-Rate-Term,Owner-Occupied,Condo
LN000246,2024-06-01,236314.04,4.767,700-749,<60%,<30%,GA,Purchase,Owner-Occupied,Single-Family
LN000247,2022-08-01,341966.02,5.042,650-699,70-80%,30-40%,GA,Purchase,Owner-Occupied,Single-Family
LN000248,2024-03-01,220606.33,5.368,700-749,90-95%,30-40%,NY,Purchase,Owner-Occupied,Single-Family
LN000249,2024-03-01,50000.0,4.885,650-699,80-90%,<30%,OH,Purchase,Owner-Occupied,Single-Family
LN000250,2024-10-01,267798.68,3.731,700-749,80-90%,30-40%,FL,Purchase,Second Home,Single-Family
LN000251,2023-09-01,275900.68,2.5,650-699,70-80%,30-40%,GA,Refinance-Rate-Term,Owner-Occupied,Single-Family
LN000252,2024-06-01,300922.64,4.694,<600,80-90%,30-40%,OH,Refinance-Cashout,Investment,Single-Family
LN000253,2024-09-01,425888.34,5.086,750-799,70-80%,40-50%,IL,Purchase,Investment,Single-Family
LN000254,2024-04-01,305352.28,5.07,600-649,60-70%,>50%,IL,Refinance-Rate-Term,Owner-Occupied,Single-Family
LN000255,2024-09-01,324293.74,6.429,700-749,>95%,30-40%,NC,Refinance-Rate-Term,Owner-Occupied,Single-Family
LN000256,2022-05-01,405553.7,6.696,700-749,70-80%,30-40%,PA,Purchase,Owner-Occupied,Single-Family
LN000257,2023-07-01,301034.4,4.844,700-749,70-80%,>50%,PA,Purchase,Owner-Occupied,Condo
LN000258,2022-04-01,513652.07,4.855,750-799,70-80%,30-40%,TX,Purchase,Investment,Single-Family
LN000259,2024-11-01,173629.17,5.86,700-749,<60%,40-50%,IL,Purchase,Owner-Occupied,Single-Family
LN000260,2023-05-01,206585.23,5.64,650-699,70-80%,30-40%,NY,Refinance-Cashout,Owner-Occupied,Single-Family
LN000261,2024-04-01,361395.84,4.336,600-649,60-70%,30-40%,MI,Refinance-Cashout,Investment,Condo
LN000262,2024-06-01,425431.35,5.989,750-799,80-90%,40-50%,FL,Purchase,Owner-Occupied,Single-Family
LN000263,2024-05-01,279920.5,4.78,700-749,70-80%,40-50%,NC,Refinance-Cashout,Owner-Occupied,Condo
LN000264,2022-06-01,198937.88,4.812,750-799,70-80%,30-40%,OH,Refinance-Cashout,Owner-Occupied,Single-Family
LN000265,2024-11-01,476098.96,5.65,700-749,70-80%,30-40%,NY,Refinance-Cashout,Second Home,Single-Family
LN000266,2023-12-01,220763.11,4.548,750-799,80-90%,40-50%,NC,Purchase,Second Home,Single-Family
LN000267,2024-05-01,333905.45,5.142,800+,60-70%,30-40%,NC,Refinance-Rate-Term,Second Home,Single-Family
LN000268,2024-07-01,431415.18,5.446,750-799,>95%,40-50%,OH,Refinance-Rate-Term,Owner-Occupied,Single-Family
LN000269,2024-11-01,255839.48,6.226,700-749,70-80%,30-40%,IL,Refinance-Rate-Term,Owner-Occupied,Condo
LN000270,2024-09-01,237787.22,6.122,700-749,<60%,30-40%,NC,Purchase,Owner-Occupied,Single-Family
LN000271,2023-09-01,244631.23,5.401,700-749,70-80%,30-40%,OH,Refinance-Rate-Term,Second Home,Single-Family
LN000272,2024-08-01,390155.13,2.5,700-749,70-80%,40-50%,NC,Purchase,Owner-Occupied,Single-Family
LN000273,2023-11-01,406014.77,5.365,600-649,80-90%,30-40%,FL,Refinance-Cashout,Owner-Occupied,Single-Family
LN000274,2024-09-01,303372.54,5.597,750-799,70-80%,30-40%,NC,Refinance-Rate-Term,Owner-Occupied,Single-Family
LN000275,2022-03-01,488308.23,5.901,600-649,70-80%,30-40%,CA,Purchase,Owner-Occupied,Single-Family
LN000276,2023-06-01,303196.66,3.566,<600,<60%,>50%,IL,Purchase,Owner-Occupied,Single-Family
LN000277,2024-01-01,429233.32,2.5,700-749,70-80%,>50%,TX,Refinance-Rate-Term,Owner-Occupied,Single-Family
LN000278,2024-07-01,256799.84,6.209,600-649,80-90%,40-50%,CA,Purchase,Owner-Occupied,Single-Family
LN000279,2022-03-01,533375.65,3.163,750-799,70-80%,>50%,FL,Purchase,Owner-Occupied,Single-Family
LN000280,2023-12-01,457013.14,6.833,750-799,<60%,<30%,OH,Refinance-Rate-Term,Owner-Occupied,Multi-Unit
LN000281,2024-08-01,287202.54,4.132,800+,60-70%,>50%,FL,Refinance-Cashout,Owner-Occupied,Multi-Unit
LN000282,2023-10-01,443454.02,3.459,750-799,70-80%,<30%,MI,Purchase,Owner-Occupied,Single-Family
LN000283,2023-11-01,438398.05,5.524,700-749,80-90%,30-40%,MI,Purchase,Owner-Occupied,Single-Family
LN000284,2022-02-01,455304.11,5.924,700-749,80-90%,30-40%,NC,Refinance-Cashout,Investment,Single-Family
LN000285,2024-03-01,51801.37,5.835,700-749,<60%,>50%,FL,Refinance-Cashout,Second Home,Single-Family
LN000286,2022-02-01,371935.14,5.752,650-699,70-80%,40-50%,PA,Purchase,Second Home,Condo
LN000287,2024-02-01,354229.88,3.938,650-699,70-80%,30-40%,TX,Purchase,Owner-Occupied,Single-Family
LN000288,2023-05-01,347107.33,2.71,750-799,90-95%,>50%,GA,Purchase,Second Home,Condo
LN000289,2024-09-01,321834.64,4.416,650-699,70-80%,40-50%,MI,Refinance-Cashout,Owner-Occupied,Single-Family
LN000290,2022-09-01,324781.13,3.281,650-699,70-80%,40-50%,IL,Purchase,Investment,Single-Family
LN000291,2024-05-01,428314.03,5.649,750-799,70-80%,<30%,TX,Purchase,Owner-Occupied,Single-Family
LN000292,2024-02-01,353947.34,6.311,650-699,70-80%,40-50%,OH,Purchase,Owner-Occupied,Single-Family
LN000293,2024-11-01,321690.64,5.259,650-699,80-90%,>50%,FL,Purchase,Owner-Occupied,Multi-Unit
LN000294,2024-01-01,413938.1,4.999,<600,<60%,>50%,IL,Refinance-Rate-Term,Investment,Single-Family
LN000295,2023-12-01,341802.62,4.534,750-799,70-80%,30-40%,NC,Purchase,Owner-Occupied,Single-Family
LN000296,2023-01-01,351356.84,6.471,700-749,70-80%,30-40%,CA,Purchase,Owner-Occupied,Multi-Unit
LN000297,2022-07-01,486703.71,2.5,750-799,70-80%,30-40%,TX,Purchase,Owner-Occupied,Single-Family
LN000298,2024-12-01,256551.93,3.191,650-699,70-80%,30-40%,IL,Purchase,Second Home,Single-Family
LN000299,2023-08-01,148428.97,7.74,750-799,70-80%,30-40%,NY,Refinance-Cashout,Investment,Single-Family
LN000300,2022-01-01,307236.35,3.118,700-749,80-90%,40-50%,CA,Purchase,Owner-Occupied,Single-Family
LN000301,2022-08-01,321454.33,5.797,700-749,<60%,40-50%,OH,Refinance-Cashout,Owner-Occupied,Single-Family
LN000302,2023-04-01,372152.9,6.105,700-749,90-95%,>50%,NC,Purchase,Owner-Occupied,Single-Family
LN000303,2023-02-01,310731.59,2.5,700-749,60-70%,<30%,CA,Purchase,Owner-Occupied,Single-Family
LN000304,2022-12-01,375511.92,2.5,700-749,60-70%,30-40%,GA,Purchase,Second Home,Single-Family
LN000305,2023-11-01,550461.67,6.897,700-749,80-90%,30-40%,NC,Refinance-Cashout,Owner-Occupied,Single-Family
LN000306,2023-03-01,380151.43,3.541,650-699,90-95%,30-40%,TX,Purchase,Owner-Occupied,Single-Family
LN000307,2024-04-01,397731.53,3.582,700-749,<60%,30-40%,CA,Refinance-Rate-Term,Owner-Occupied,Condo
LN000308,2024-10-01,287046.86,4.219,700-749,90-95%,30-40%,PA,Purchase,Owner-Occupied,Multi-Unit
LN000309,2022-02-01,161474.29,3.544,700-749,70-80%,>50%,OH,Purchase,Owner-Occupied,Single-Family
LN000310,2024-08-01,70188.84,5.789,700-749,70-80%,30-40%,TX,Purchase,Owner-Occupied,Single-Family
LN000311,2023-11-01,248131.94,3.227,750-799,<60%,30-40%,IL,Refinance-Cashout,Owner-Occupied,Single-Family
LN000312,2023-10-01,50000.0,2.5,750-799,70-80%,40-50%,IL,Purchase,Investment,Single-Family
LN000313,2024-01-01,351354.9,6.735,700-749,70-80%,40-50%,OH,Refinance-Rate-Term,Owner-Occupied,Condo
LN000314,2023-10-01,261718.3,3.301,750-799,70-80%,30-40%,CA,Refinance-Cashout,Owner-Occupied,Single-Family
LN000315,2023-10-01,168662.51,3.872,<600,70-80%,40-50%,MI,Purchase,Owner-Occupied,Single-Family
LN000316,2022-06-01,313087.41,6.245,750-799,70-80%,40-50%,GA,Purchase,Second Home,Single-Family
LN000317,2023-03-01,226136.78,5.105,700-749,>95%,40-50%,IL,Purchase,Owner-Occupied,Single-Family
LN000318,2024-09-01,345077.63,6.669,650-699,60-70%,30-40%,FL,Purchase,Owner-Occupied,Single-Family
LN000319,2022-08-01,370762.63,6.268,600-649,60-70%,<30%,NC,Purchase,Owner-Occupied,Condo
LN000320,2022-05-01,229816.58,4.32,600-649,80-90%,40-50%,FL,Refinance-Rate-Term,Owner-Occupied,Multi-Unit
LN000321,2022-04-01,276271.88,6.533,<600,<60%,30-40%,OH,Refinance-Rate-Term,Owner-Occupied,Single-Family
LN000322,2022-06-01,321489.58,5.252,650-699,70-80%,40-50%,MI,Refinance-Rate-Term,Owner-Occupied,Single-Family
LN000323,2024-08-01,159295.78,4.102,<600,70-80%,40-50%,OH,Refinance-Cashout,Owner-Occupied,Single-Family
LN000324,2024-06-01,321480.75,5.436,750-799,70-80%,30-40%,MI,Purchase,Owner-Occupied,Single-Family
LN000325,2024-11-01,156898.14,3.036,650-699,90-95%,30-40%,GA,Purchase,Owner-Occupied,Single-Family
LN000326,2023-04-01,356571.7,6.251,700-749,70-80%,40-50%,MI,Purchase,Investment,Condo
LN000327,2023-01-01,256483.63,6.056,750-799,70-80%,40-50%,GA,Purchase,Second Home,Single-Family
LN000328,2024-06-01,156345.73,5.181,600-649,60-70%,40-50%,NY,Purchase,Owner-Occupied,Single-Family
LN000329,2023-07-01,242002.64,2.5,750-799,60-70%,40-50%,CA,Purchase,Owner-Occupied,Single-Family
LN000330,2023-05-01,246232.54,6.732,700-749,70-80%,40-50%,NY,Refinance-Cashout,Owner-Occupied,Single-Family
LN000331,2023-07-01,406852.09,5.656,650-699,80-90%,40-50%,PA,Refinance-Cashout,Owner-Occupied,Single-Family
LN000332,2024-04-01,317330.47,4.966,600-649,80-90%,30-40%,MI,Purchase,Investment,Single-Family
LN000333,2024-02-01,204372.25,4.729,600-649,80-90%,<30%,PA,Refinance-Cashout,Owner-Occupied,Condo
LN000334,2024-02-01,464906.63,4.195,650-699,60-70%,30-40%,PA,Refinance-Cashout,Investment,Single-Family
LN000335,2023-11-01,362649.04,4.483,600-649,<60%,<30%,OH,Purchase,Investment,Single-Family
LN000336,2022-09-01,266367.76,6.154,650-699,>95%,<30%,CA,Purchase,Owner-Occupied,Single-Family
LN000337,2022-12-01,144616.58,4.225,600-649,<60%,>50%,MI,Refinance-Cashout,Owner-Occupied,Single-Family
LN000338,2022-01-01,257540.64,4.589,700-749,>95%,40-50%,CA,Refinance-Rate-Term,Owner-Occupied,Single-Family
LN000339,2022-01-01,277948.69,4.809,600-649,80-90%,40-50%,OH,Refinance-Cashout,Owner-Occupied,Single-Family
LN000340,2024-10-01,336903.23,4.85,750-799,90-95%,40-50%,NY,Purchase,Owner-Occupied,Single-Family
LN000341,2024-08-01,360725.65,4.073,650-699,70-80%,30-40%,PA,Purchase,Owner-Occupied,Single-Family
LN000342,2024-01-01,380658.21,4.745,750-799,60-70%,<30%,PA,Purchase,Owner-Occupied,Single-Family
LN000343,2022-01-01,138853.26,5.515,650-699,70-80%,>50%,NC,Refinance-Cashout,Investment,Condo
LN000344,2023-04-01,320850.48,3.643,750-799,80-90%,<30%,TX,Purchase,Investment,Multi-Unit
LN000345,2022-05-01,284038.42,4.752,650-699,60-70%,40-50%,NY,Purchase,Owner-Occupied,Single-Family
LN000346,2023-10-01,567797.73,7.896,700-749,80-90%,<30%,NY,Purchase,Second Home,Multi-Unit
LN000347,2024-05-01,306469.44,4.905,<600,60-70%,30-40%,OH,Purchase,Owner-Occupied,Condo
LN000348,2022-03-01,237734.68,3.604,700-749,70-80%,<30%,CA,Purchase,Second Home,Single-Family
LN000349,2022-12-01,311036.89,3.429,600-649,90-95%,30-40%,IL,Refinance-Rate-Term,Owner-Occupied,Single-Family
LN000350,2024-02-01,299143.17,3.102,700-749,60-70%,40-50%,NY,Purchase,Investment,Single-Family
LN000351,2023-04-01,101096.07,7.441,600-649,60-70%,40-50%,TX,Purchase,Owner-Occupied,Single-Family
LN000352,2023-10-01,340830.45,6.512,700-749,<60%,40-50%,IL,Purchase,Owner-Occupied,Single-Family
LN000353,2024-05-01,268944.19,3.066,600-649,60-70%,>50%,NC,Purchase,Owner-Occupied,Single-Family
LN000354,2023-02-01,297330.88,5.321,650-699,60-70%,40-50%,GA,Purchase,Owner-Occupied,Single-Family
LN000355,2024-04-01,212643.15,6.837,700-749,60-70%,40-50%,NC,Purchase,Owner-Occupied,Single-Family
LN000356,2022-05-01,190608.58,4.939,800+,70-80%,30-40%,OH,Refinance-Rate-Term,Second Home,Single-Family
LN000357,2024-06-01,387888.23,4.263,700-749,80-90%,40-50%,MI,Purchase,Owner-Occupied,Single-Family
LN000358,2022-05-01,410845.67,8.361,750-799,90-95%,40-50%,OH,Purchase,Second Home,Multi-Unit
LN000359,2022-12-01,341809.86,2.5,700-749,70-80%,<30%,TX,Purchase,Owner-Occupied,Condo
LN000360,2023-04-01,118920.24,8.949,700-749,60-70%,<30%,FL,Purchase,Investment,Single-Family
LN000361,2024-02-01,348306.34,5.09,600-649,60-70%,30-40%,MI,Purchase,Owner-Occupied,Single-Family
LN000362,2024-02-01,120406.34,6.936,600-649,80-90%,30-40%,GA,Refinance-Rate-Term,Owner-Occupied,Single-Family
LN000363,2023-09-01,233882.44,3.199,750-799,80-90%,40-50%,TX,Refinance-Rate-Term,Owner-Occupied,Multi-Unit
LN000364,2024-12-01,386555.84,3.912,700-749,>95%,40-50%,OH,Refinance-Rate-Term,Owner-Occupied,Condo
LN000365,2024-09-01,365759.85,3.38,700-749,<60%,>50%,PA,Purchase,Investment,Single-Family
LN000366,2024-06-01,345696.74,4.848,700-749,80-90%,30-40%,MI,Purchase,Owner-Occupied,Single-Family
LN000367,2023-11-01,431290.27,5.462,700-749,70-80%,40-50%,NY,Refinance-Rate-Term,Owner-Occupied,Single-Family
LN000368,2022-10-01,356001.51,6.6,700-749,90-95%,30-40%,NY,Purchase,Owner-Occupied,Condo
LN000369,2022-05-01,98098.08,2.5,700-749,70-80%,40-50%,FL,Purchase,Owner-Occupied,Multi-Unit
LN000370,2024-12-01,263046.92,5.235,600-649,70-80%,40-50%,PA,Refinance-Rate-Term,Owner-Occupied,Single-Family
LN000371,2024-10-01,295839.15,6.342,700-749,80-90%,40-50%,FL,Purchase,Investment,Single-Family
LN000372,2024-07-01,284125.83,6.623,700-749,80-90%,30-40%,NC,Refinance-Rate-Term,Owner-Occupied,Single-Family
LN000373,2022-10-01,238286.48,4.339,800+,70-80%,40-50%,NY,Purchase,Owner-Occupied,Multi-Unit
LN000374,2023-07-01,196984.39,4.358,700-749,60-70%,30-40%,NY,Purchase,Owner-Occupied,Single-Family
LN000375,2024-08-01,540074.5,4.862,700-749,70-80%,40-50%,TX,Refinance-Cashout,Owner-Occupied,Single-Family
LN000376,2022-01-01,261125.52,5.279,600-649,60-70%,40-50%,TX,Purchase,Owner-Occupied,Single-Family
LN000377,2022-05-01,535160.21,6.954,600-649,70-80%,30-40%,OH,Purchase,Owner-Occupied,Condo
LN000378,2022-04-01,185870.96,3.185,750-799,>95%,<30%,IL,Purchase,Owner-Occupied,Single-Family
LN000379,2023-04-01,365706.01,3.821,750-799,70-80%,30-40%,FL,Purchase,Owner-Occupied,Single-Family
LN000380,2023-12-01,322964.14,3.003,650-699,80-90%,30-40%,PA,Purchase,Owner-Occupied,Single-Family
LN000381,2023-04-01,207805.05,5.642,700-749,80-90%,40-50%,PA,Purchase,Owner-Occupied,Single-Family
LN000382,2022-02-01,253244.29,6.652,600-649,80-90%,30-40%,CA,Refinance-Cashout,Owner-Occupied,Single-Family
LN000383,2024-04-01,298486.99,2.869,750-799,90-95%,40-50%,FL,Refinance-Cashout,Owner-Occupied,Single-Family
LN000384,2024-08-01,215588.34,5.133,600-649,80-90%,30-40%,IL,Refinance-Rate-Term,Owner-Occupied,Single-Family
LN000385,2024-03-01,274385.94,6.544,750-799,70-80%,<30%,OH,Refinance-Cashout,Owner-Occupied,Multi-Unit
LN000386,2023-08-01,63509.76,6.177,700-749,70-80%,40-50%,NY,Purchase,Owner-Occupied,Multi-Unit
LN000387,2023-12-01,371151.6,6.159,650-699,70-80%,40-50%,GA,Purchase,Owner-Occupied,Single-Family
LN000388,2022-12-01,422715.17,3.215,750-799,70-80%,40-50%,FL,Purchase,Investment,Multi-Unit
LN000389,2024-11-01,345436.37,6.154,800+,70-80%,30-40%,PA,Refinance-Rate-Term,Owner-Occupied,Single-Family
LN000390,2024-09-01,526425.81,4.721,650-699,80-90%,<30%,PA,Purchase,Owner-Occupied,Single-Family
LN000391,2024-09-01,368209.62,6.605,750-799,70-80%,<30%,NC,Purchase,Owner-Occupied,Single-Family
LN000392,2022-12-01,414280.96,5.674,750-799,60-70%,<30%,NY,Refinance-Cashout,Owner-Occupied,Single-Family
LN000393,2022-03-01,423836.28,3.777,750-799,>95%,40-50%,OH,Purchase,Owner-Occupied,Condo
LN000394,2022-01-01,50000.0,5.418,800+,70-80%,30-40%,MI,Purchase,Owner-Occupied,Condo
LN000395,2024-09-01,342367.32,6.228,700-749,70-80%,>50%,CA,Purchase,Investment,Single-Family
LN000396,2022-10-01,161706.5,4.24,750-799,80-90%,40-50%,CA,Purchase,Owner-Occupied,Single-Family
LN000397,2024-05-01,181909.65,5.193,750-799,70-80%,40-50%,TX,Purchase,Owner-Occupied,Single-Family
LN000398,2023-01-01,199302.67,2.995,700-749,70-80%,>50%,NY,Purchase,Owner-Occupied,Condo
LN000399,2022-12-01,268728.42,5.824,700-749,80-90%,30-40%,PA,Purchase,Owner-Occupied,Single-Family
LN000400,2024-07-01,365046.0,4.916,650-699,60-70%,<30%,NY,Purchase,Owner-Occupied,Single-Family
LN000401,2022-02-01,343398.98,6.371,750-799,70-80%,40-50%,PA,Purchase,Owner-Occupied,Condo
LN000402,2024-11-01,298741.86,5.781,750-799,70-80%,30-40%,TX,Refinance-Cashout,Owner-Occupied,Multi-Unit
LN000403,2023-11-01,372268.34,4.389,700-749,70-80%,>50%,NC,Purchase,Second Home,Single-Family
LN000404,2023-05-01,378348.63,3.73,700-749,60-70%,>50%,FL,Refinance-Rate-Term,Owner-Occupied,Condo
LN000405,2024-02-01,344262.42,3.385,600-649,80-90%,>50%,OH,Refinance-Rate-Term,Owner-Occupied,Single-Family
LN000406,2022-08-01,127549.52,4.239,<600,60-70%,>50%,CA,Purchase,Owner-Occupied,Single-Family
LN000407,2024-05-01,226066.72,6.331,700-749,90-95%,40-50%,GA,Purchase,Owner-Occupied,Condo
LN000408,2024-02-01,302632.78,2.5,700-749,90-95%,40-50%,NY,Purchase,Owner-Occupied,Single-Family
LN000409,2022-10-01,373345.29,3.446,750-799,70-80%,<30%,IL,Refinance-Rate-Term,Owner-Occupied,Single-Family
LN000410,2024-02-01,167142.03,6.288,700-749,70-80%,40-50%,OH,Purchase,Second Home,Single-Family
LN000411,2024-10-01,298865.48,6.993,800+,80-90%,30-40%,FL,Purchase,Owner-Occupied,Condo
LN000412,2022-07-01,143437.55,3.525,650-699,<60%,40-50%,NC,Purchase,Owner-Occupied,Single-Family
LN000413,2022-04-01,402591.8,3.43,800+,<60%,>50%,NC,Purchase,Owner-Occupied,Single-Family
LN000414,2022-11-01,324234.73,7.111,650-699,60-70%,30-40%,GA,Purchase,Owner-Occupied,Single-Family
LN000415,2024-05-01,165386.4,4.815,700-749,70-80%,<30%,CA,Refinance-Cashout,Investment,Single-Family
LN000416,2024-12-01,164727.15,3.658,700-749,60-70%,30-40%,TX,Purchase,Owner-Occupied,Single-Family
LN000417,2024-01-01,338743.19,6.567,700-749,70-80%,40-50%,TX,Purchase,Second Home,Single-Family
LN000418,2023-09-01,437479.89,5.755,600-649,70-80%,40-50%,FL,Refinance-Rate-Term,Owner-Occupied,Single-Family
LN000419,2024-12-01,190321.42,6.105,600-649,<60%,40-50%,TX,Refinance-Cashout,Second Home,Single-Family
LN000420,2022-10-01,378660.41,3.736,750-799,60-70%,40-50%,CA,Purchase,Owner-Occupied,Single-Family
LN000421,2022-09-01,245776.23,5.562,700-749,90-95%,<30%,IL,Purchase,Owner-Occupied,Single-Family
LN000422,2023-12-01,382319.41,6.869,800+,80-90%,40-50%,PA,Purchase,Second Home,Single-Family
LN000423,2024-11-01,368319.09,5.961,650-699,70-80%,40-50%,OH,Purchase,Second Home,Single-Family
LN000424,2024-11-01,315529.98,6.38,800+,<60%,<30%,MI,Purchase,Owner-Occupied,Multi-Unit
LN000425,2024-12-01,116560.87,7.105,650-699,70-80%,30-40%,OH,Purchase,Owner-Occupied,Single-Family
LN000426,2023-06-01,368118.57,5.642,600-649,60-70%,40-50%,TX,Purchase,Owner-Occupied,Single-Family
LN000427,2024-08-01,350201.93,4.152,650-699,>95%,>50%,OH,Refinance-Cashout,Owner-Occupied,Single-Family
LN000428,2023-12-01,341042.98,6.316,750-799,80-90%,40-50%,TX,Purchase,Owner-Occupied,Single-Family
LN000429,2023-11-01,319567.41,3.341,700-749,>95%,>50%,TX,Purchase,Owner-Occupied,Multi-Unit
LN000430,2024-08-01,212121.31,4.667,600-649,80-90%,<30%,PA,Refinance-Cashout,Owner-Occupied,Single-Family
LN000431,2022-12-01,408296.28,5.882,650-699,70-80%,>50%,PA,Refinance-Rate-Term,Owner-Occupied,Single-Family
LN000432,2023-01-01,389813.97,2.5,650-699,80-90%,<30%,GA,Purchase,Owner-Occupied,Single-Family
LN000433,2023-11-01,192457.72,5.379,700-749,80-90%,30-40%,IL,Purchase,Investment,Multi-Unit
LN000434,2024-01-01,431429.5,5.449,650-699,70-80%,30-40%,IL,Refinance-Cashout,Owner-Occupied,Single-Family
LN000435,2024-11-01,313166.94,3.296,750-799,<60%,40-50%,MI,Purchase,Owner-Occupied,Single-Family
LN000436,2024-06-01,312913.7,5.489,700-749,70-80%,30-40%,CA,Refinance-Rate-Term,Second Home,Single-Family
LN000437,2023-05-01,282364.47,5.285,750-799,60-70%,<30%,NY,Refinance-Cashout,Owner-Occupied,Single-Family
LN000438,2023-08-01,292200.66,5.051,700-749,80-90%,30-40%,CA,Purchase,Owner-Occupied,Single-Family
LN000439,2024-01-01,437089.92,6.784,650-699,80-90%,<30%,MI,Refinance-Rate-Term,Owner-Occupied,Single-Family
LN000440,2023-10-01,403307.5,6.318,800+,>95%,30-40%,IL,Refinance-Cashout,Owner-Occupied,Single-Family
LN000441,2023-01-01,401184.71,5.96,700-749,70-80%,40-50%,GA,Refinance-Rate-Term,Owner-Occupied,Single-Family
LN000442,2023-07-01,318456.44,3.464,700-749,80-90%,30-40%,CA,Purchase,Owner-Occupied,Single-Family
LN000443,2024-12-01,388917.17,4.974,750-799,70-80%,30-40%,FL,Refinance-Cashout,Investment,Condo
LN000444,2022-12-01,216568.69,6.777,600-649,70-80%,<30%,CA,Purchase,Owner-Occupied,Multi-Unit
LN000445,2023-07-01,358344.3,4.678,700-749,90-95%,<30%,PA,Refinance-Rate-Term,Owner-Occupied,Single-Family
LN000446,2022-12-01,284651.2,7.331,600-649,80-90%,30-40%,MI,Purchase,Owner-Occupied,Single-Family
LN000447,2022-09-01,94019.5,6.004,600-649,80-90%,40-50%,CA,Purchase,Owner-Occupied,Condo
LN000448,2022-07-01,141389.83,7.564,<600,70-80%,30-40%,MI,Purchase,Owner-Occupied,Condo
LN000449,2024-04-01,233702.12,3.399,<600,80-90%,<30%,FL,Purchase,Owner-Occupied,Single-Family
LN000450,2023-02-01,341515.4,4.768,700-749,90-95%,40-50%,IL,Purchase,Second Home,Single-Family
LN000451,2024-07-01,233792.02,4.91,750-799,60-70%,30-40%,IL,Purchase,Owner-Occupied,Multi-Unit
LN000452,2023-07-01,240888.33,5.909,700-749,80-90%,30-40%,TX,Purchase,Owner-Occupied,Single-Family
LN000453,2023-04-01,376326.09,3.892,700-749,70-80%,30-40%,FL,Purchase,Owner-Occupied,Single-Family
LN000454,2022-05-01,244498.79,2.589,700-749,60-70%,<30%,NC,Refinance-Cashout,Owner-Occupied,Condo
LN000455,2024-11-01,433080.72,5.567,750-799,80-90%,<30%,CA,Refinance-Rate-Term,Owner-Occupied,Single-Family
LN000456,2022-12-01,416512.37,4.45,750-799,60-70%,30-40%,CA,Purchase,Owner-Occupied,Single-Family
LN000457,2024-01-01,302188.13,4.294,750-799,70-80%,<30%,TX,Purchase,Second Home,Single-Family
LN000458,2023-09-01,375346.15,3.961,750-799,80-90%,30-40%,GA,Purchase,Owner-Occupied,Condo
LN000459,2024-12-01,361724.05,5.186,650-699,80-90%,40-50%,PA,Purchase,Owner-Occupied,Condo
LN000460,2023-11-01,275433.47,3.385,700-749,70-80%,>50%,NY,Refinance-Rate-Term,Owner-Occupied,Single-Family
LN000461,2023-04-01,386163.47,4.709,700-749,90-95%,40-50%,OH,Refinance-Rate-Term,Owner-Occupied,Single-Family
LN000462,2023-02-01,400890.21,3.757,700-749,60-70%,40-50%,PA,Purchase,Owner-Occupied,Single-Family
LN000463,2024-07-01,204756.48,4.086,700-749,>95%,30-40%,NC,Refinance-Rate-Term,Investment,Condo
LN000464,2022-05-01,315354.86,5.531,600-649,80-90%,<30%,PA,Refinance-Rate-Term,Investment,Single-Family
LN000465,2024-11-01,314250.38,5.977,600-649,70-80%,30-40%,TX,Purchase,Investment,Single-Family
LN000466,2023-11-01,384961.95,4.541,800+,60-70%,30-40%,FL,Purchase,Owner-Occupied,Single-Family
LN000467,2024-05-01,255614.16,6.452,700-749,70-80%,40-50%,NC,Purchase,Owner-Occupied,Single-Family
LN000468,2022-11-01,240223.97,3.541,650-699,60-70%,40-50%,OH,Purchase,Second Home,Condo
LN000469,2023-06-01,316899.97,2.72,650-699,70-80%,30-40%,PA,Purchase,Owner-Occupied,Single-Family
LN000470,2022-12-01,418135.92,2.996,700-749,70-80%,30-40%,IL,Purchase,Owner-Occupied,Condo
LN000471,2022-09-01,180062.29,3.387,700-749,70-80%,30-40%,FL,Purchase,Owner-Occupied,Single-Family
LN000472,2022-10-01,197519.38,3.031,700-749,80-90%,30-40%,NY,Purchase,Second Home,Single-Family
LN000473,2023-05-01,247949.51,8.032,600-649,60-70%,30-40%,CA,Purchase,Owner-Occupied,Multi-Unit
LN000474,2022-07-01,265742.29,2.675,600-649,70-80%,30-40%,IL,Purchase,Owner-Occupied,Single-Family
LN000475,2023-01-01,123441.72,6.406,700-749,60-70%,30-40%,OH,Purchase,Second Home,Single-Family
LN000476,2022-09-01,449819.53,4.962,750-799,80-90%,40-50%,TX,Purchase,Owner-Occupied,Condo
LN000477,2024-03-01,286969.34,5.337,<600,70-80%,30-40%,GA,Purchase,Owner-Occupied,Single-Family
LN000478,2022-02-01,271989.55,3.641,650-699,80-90%,30-40%,MI,Refinance-Rate-Term,Owner-Occupied,Single-Family
LN000479,2022-05-01,462263.75,5.488,750-799,<60%,40-50%,PA,Refinance-Cashout,Owner-Occupied,Single-Family
LN000480,2024-05-01,371779.35,3.629,750-799,60-70%,>50%,MI,Purchase,Owner-Occupied,Condo
LN000481,2023-07-01,246457.81,6.384,650-699,60-70%,>50%,FL,Purchase,Owner-Occupied,Single-Family
LN000482,2022-08-01,316460.78,6.508,750-799,60-70%,30-40%,TX,Refinance-Cashout,Owner-Occupied,Single-Family
LN000483,2022-01-01,295826.29,4.798,800+,60-70%,30-40%,GA,Refinance-Rate-Term,Owner-Occupied,Condo
LN000484,2023-10-01,444835.09,4.896,800+,70-80%,30-40%,NY,Purchase,Second Home,Single-Family
LN000485,2023-05-01,283257.58,5.649,750-799,70-80%,<30%,OH,Refinance-Rate-Term,Owner-Occupied,Single-Family
LN000486,2022-07-01,155794.05,5.572,750-799,80-90%,<30%,OH,Purchase,Second Home,Single-Family
LN000487,2024-01-01,112277.59,6.536,650-699,70-80%,<30%,MI,Purchase,Owner-Occupied,Multi-Unit
LN000488,2022-04-01,447516.13,6.494,700-749,70-80%,40-50%,NC,Refinance-Cashout,Owner-Occupied,Multi-Unit
LN000489,2024-12-01,221138.53,4.957,700-749,>95%,30-40%,MI,Purchase,Owner-Occupied,Single-Family
LN000490,2022-06-01,367021.17,4.284,700-749,70-80%,<30%,GA,Refinance-Cashout,Owner-Occupied,Single-Family
LN000491,2024-07-01,307176.34,6.217,700-749,70-80%,40-50%,GA,Purchase,Owner-Occupied,Single-Family
LN000492,2023-07-01,258334.52,4.766,750-799,>95%,40-50%,OH,Purchase,Owner-Occupied,Single-Family
LN000493,2024-03-01,274015.26,5.171,800+,>95%,40-50%,MI,Purchase,Investment,Single-Family
LN000494,2022-10-01,458337.79,5.795,650-699,70-80%,30-40%,IL,Refinance-Rate-Term,Owner-Occupied,Single-Family
LN000495,2024-02-01,155193.66,6.463,650-699,70-80%,<30%,NC,Purchase,Investment,Multi-Unit
LN000496,2023-07-01,261354.48,5.391,700-749,70-80%,<30%,OH,Refinance-Rate-Term,Owner-Occupied,Single-Family
LN000497,2022-03-01,390656.58,4.119,600-649,80-90%,40-50%,FL,Refinance-Rate-Term,Owner-Occupied,Single-Family
LN000498,2023-01-01,171685.5,7.696,700-749,90-95%,30-40%,PA,Purchase,Owner-Occupied,Single-Family
LN000499,2024-04-01,431728.28,7.296,600-649,70-80%,30-40%,FL,Purchase,Owner-Occupied,Single-Family
LN000500,2023-08-01,389224.97,3.473,700-749,80-90%,30-40%,PA,Purchase,Owner-Occupied,Single-Family
LN000501,2024-04-01,327179.57,3.632,700-749,80-90%,>50%,GA,Refinance-Rate-Term,Owner-Occupied,Condo
LN000502,2022-08-01,249684.31,3.821,600-649,70-80%,30-40%,NC,Refinance-Cashout,Owner-Occupied,Single-Family
LN000503,2022-01-01,158843.38,6.273,650-699,80-90%,30-40%,TX,Purchase,Owner-Occupied,Single-Family
LN000504,2022-03-01,370704.59,7.753,650-699,70-80%,30-40%,PA,Purchase,Second Home,Single-Family
LN000505,2023-01-01,574864.49,4.241,700-749,60-70%,>50%,FL,Purchase,Owner-Occupied,Condo
LN000506,2024-04-01,314589.25,5.254,750-799,>95%,40-50%,OH,Purchase,Owner-Occupied,Single-Family
LN000507,2024-01-01,117395.46,3.871,700-749,70-80%,<30%,NY,Purchase,Owner-Occupied,Single-Family
LN000508,2024-09-01,345751.65,7.55,700-749,70-80%,30-40%,IL,Refinance-Rate-Term,Second Home,Single-Family
LN000509,2022-06-01,386026.3,6.237,700-749,80-90%,30-40%,MI,Refinance-Cashout,Owner-Occupied,Condo
LN000510,2024-08-01,208214.76,3.763,<600,>95%,<30%,PA,Refinance-Cashout,Owner-Occupied,Single-Family
LN000511,2023-09-01,235448.81,2.5,750-799,90-95%,30-40%,GA,Purchase,Owner-Occupied,Single-Family
LN000512,2023-04-01,225262.18,6.556,<600,70-80%,40-50%,TX,Purchase,Owner-Occupied,Single-Family
LN000513,2023-09-01,246863.61,4.141,750-799,70-80%,30-40%,NY,Purchase,Owner-Occupied,Single-Family
LN000514,2022-11-01,282783.69,6.264,700-749,70-80%,40-50%,NY,Purchase,Owner-Occupied,Single-Family
LN000515,2024-12-01,213909.89,5.441,700-749,70-80%,40-50%,PA,Purchase,Owner-Occupied,Single-Family
LN000516,2024-11-01,176416.23,2.5,750-799,90-95%,40-50%,NY,Purchase,Owner-Occupied,Single-Family
LN000517,2023-07-01,317437.54,3.79,750-799,80-90%,30-40%,IL,Refinance-Rate-Term,Owner-Occupied,Single-Family
LN000518,2023-08-01,281733.8,4.469,800+,<60%,30-40%,IL,Purchase,Owner-Occupied,Multi-Unit
LN000519,2023-06-01,256375.82,3.986,700-749,60-70%,<30%,GA,Refinance-Cashout,Owner-Occupied,Single-Family
LN000520,2023-02-01,308318.97,5.174,650-699,90-95%,<30%,NY,Purchase,Owner-Occupied,Single-Family
LN000521,2023-03-01,147982.43,5.602,750-799,80-90%,>50%,PA,Purchase,Owner-Occupied,Single-Family
LN000522,2024-07-01,326320.29,7.684,<600,70-80%,40-50%,OH,Purchase,Owner-Occupied,Single-Family
LN000523,2022-01-01,258431.18,5.708,750-799,70-80%,30-40%,GA,Purchase,Owner-Occupied,Single-Family
LN000524,2022-03-01,323948.95,7.237,750-799,70-80%,30-40%,NC,Refinance-Cashout,Owner-Occupied,Single-Family
LN000525,2023-04-01,339964.91,4.285,800+,80-90%,>50%,MI,Purchase,Owner-Occupied,Single-Family
LN000526,2023-11-01,413115.13,6.748,750-799,70-80%,30-40%,GA,Refinance-Cashout,Owner-Occupied,Condo
LN000527,2022-11-01,310295.44,4.428,600-649,80-90%,30-40%,NY,Purchase,Owner-Occupied,Multi-Unit
LN000528,2022-12-01,406671.88,3.624,700-749,70-80%,<30%,NY,Purchase,Owner-Occupied,Condo
LN000529,2022-10-01,267808.69,3.561,600-649,70-80%,40-50%,MI,Purchase,Owner-Occupied,Single-Family
LN000530,2024-08-01,272582.25,2.5,600-649,60-70%,>50%,IL,Refinance-Cashout,Investment,Single-Family
LN000531,2023-04-01,290907.18,6.281,700-749,90-95%,40-50%,FL,Purchase,Owner-Occupied,Single-Family
LN000532,2022-08-01,377412.49,3.065,600-649,90-95%,30-40%,TX,Refinance-Cashout,Owner-Occupied,Single-Family
LN000533,2022-12-01,363095.91,7.112,750-799,80-90%,40-50%,TX,Purchase,Owner-Occupied,Multi-Unit
LN000534,2023-12-01,313507.19,4.739,800+,90-95%,30-40%,NC,Purchase,Second Home,Single-Family
LN000535,2024-04-01,177226.47,2.668,700-749,80-90%,<30%,GA,Refinance-Rate-Term,Second Home,Single-Family
LN000536,2022-08-01,361305.92,3.323,650-699,60-70%,<30%,PA,Purchase,Owner-Occupied,Single-Family
LN000537,2024-04-01,213859.54,5.286,750-799,80-90%,>50%,NC,Purchase,Owner-Occupied,Condo
LN000538,2024-12-01,208410.26,2.5,750-799,70-80%,30-40%,IL,Refinance-Cashout,Owner-Occupied,Condo
LN000539,2024-02-01,186151.49,5.885,750-799,70-80%,30-40%,MI,Purchase,Owner-Occupied,Single-Family
LN000540,2022-08-01,291683.13,2.726,700-749,70-80%,30-40%,CA,Purchase,Owner-Occupied,Single-Family
LN000541,2024-04-01,421172.43,3.892,750-799,70-80%,>50%,GA,Purchase,Owner-Occupied,Single-Family
LN000542,2024-04-01,203463.95,5.298,650-699,80-90%,40-50%,FL,Purchase,Owner-Occupied,Single-Family
LN000543,2024-12-01,467857.6,5.701,800+,60-70%,40-50%,NC,Purchase,Owner-Occupied,Single-Family
LN000544,2024-03-01,390981.02,6.197,800+,60-70%,30-40%,CA,Purchase,Owner-Occupied,Single-Family
LN000545,2023-05-01,153539.79,3.04,750-799,80-90%,40-50%,FL,Refinance-Rate-Term,Owner-Occupied,Multi-Unit
LN000546,2022-09-01,261722.48,4.537,650-699,80-90%,40-50%,CA,Purchase,Second Home,Condo
LN000547,2024-09-01,195974.97,6.639,750-799,70-80%,>50%,CA,Refinance-Rate-Term,Owner-Occupied,Single-Family
LN000548,2023-08-01,366495.55,4.538,700-749,60-70%,30-40%,PA,Purchase,Owner-Occupied,Single-Family
LN000549,2023-01-01,201183.67,5.441,700-749,70-80%,30-40%,NY,Purchase,Second Home,Single-Family
LN000550,2024-04-01,137888.05,5.244,750-799,80-90%,40-50%,MI,Purchase,Owner-Occupied,Single-Family
LN000551,2024-05-01,267427.42,6.952,<600,80-90%,40-50%,NY,Refinance-Rate-Term,Owner-Occupied,Single-Family
LN000552,2023-01-01,416939.41,4.301,700-749,60-70%,<30%,IL,Refinance-Rate-Term,Owner-Occupied,Single-Family
LN000553,2024-11-01,280748.38,2.915,750-799,>95%,30-40%,FL,Purchase,Owner-Occupied,Multi-Unit
LN000554,2022-06-01,339844.39,3.548,750-799,60-70%,>50%,TX,Purchase,Owner-Occupied,Multi-Unit
LN000555,2023-06-01,343723.11,5.283,750-799,60-70%,30-40%,MI,Refinance-Rate-Term,Second Home,Condo
LN000556,2022-05-01,148772.44,2.646,650-699,70-80%,30-40%,GA,Refinance-Cashout,Owner-Occupied,Single-Family
LN000557,2024-01-01,210062.59,4.183,750-799,70-80%,30-40%,OH,Refinance-Rate-Term,Owner-Occupied,Condo
LN000558,2022-02-01,300646.42,5.113,600-649,>95%,30-40%,MI,Purchase,Second Home,Single-Family
LN000559,2022-10-01,244264.5,3.85,750-799,<60%,40-50%,NY,Purchase,Owner-Occupied,Single-Family
LN000560,2024-06-01,470445.46,5.49,650-699,70-80%,30-40%,TX,Refinance-Rate-Term,Owner-Occupied,Single-Family
LN000561,2022-05-01,177167.76,6.087,750-799,70-80%,30-40%,NC,Purchase,Owner-Occupied,Multi-Unit
LN000562,2024-09-01,209073.99,5.682,700-749,70-80%,<30%,GA,Purchase,Owner-Occupied,Single-Family
LN000563,2022-01-01,329054.43,2.679,800+,<60%,>50%,NY,Purchase,Owner-Occupied,Single-Family
LN000564,2023-06-01,237210.67,5.119,700-749,<60%,40-50%,IL,Purchase,Owner-Occupied,Single-Family
LN000565,2024-08-01,50000.0,5.236,700-749,70-80%,40-50%,MI,Refinance-Cashout,Owner-Occupied,Single-Family
LN000566,2022-11-01,493468.12,4.429,700-749,70-80%,40-50%,PA,Refinance-Cashout,Owner-Occupied,Single-Family
LN000567,2023-09-01,192569.46,5.47,750-799,80-90%,30-40%,NY,Purchase,Second Home,Single-Family
LN000568,2024-02-01,356089.27,5.416,700-749,80-90%,40-50%,TX,Purchase,Owner-Occupied,Multi-Unit
LN000569,2024-01-01,174660.88,4.864,<600,70-80%,40-50%,IL,Refinance-Rate-Term,Owner-Occupied,Condo
LN000570,2023-10-01,213696.51,3.494,700-749,70-80%,40-50%,CA,Purchase,Owner-Occupied,Multi-Unit
LN000571,2024-03-01,137706.7,4.96,750-799,90-95%,30-40%,OH,Purchase,Second Home,Single-Family
LN000572,2023-01-01,225880.66,7.8,650-699,70-80%,30-40%,NC,Purchase,Owner-Occupied,Single-Family
LN000573,2024-09-01,235571.82,4.412,650-699,70-80%,40-50%,FL,Purchase,Owner-Occupied,Single-Family
LN000574,2024-10-01,286743.43,6.571,700-749,70-80%,30-40%,PA,Purchase,Investment,Multi-Unit
LN000575,2024-11-01,262743.12,5.058,750-799,80-90%,30-40%,NC,Purchase,Second Home,Single-Family
LN000576,2022-01-01,155848.02,3.799,650-699,70-80%,40-50%,NY,Purchase,Owner-Occupied,Single-Family
LN000577,2023-09-01,247610.02,4.555,800+,<60%,30-40%,PA,Refinance-Cashout,Owner-Occupied,Single-Family
LN000578,2022-06-01,444701.07,4.975,800+,<60%,40-50%,FL,Refinance-Cashout,Investment,Single-Family
LN000579,2024-04-01,432839.05,5.983,650-699,80-90%,<30%,NC,Refinance-Rate-Term,Second Home,Single-Family
LN000580,2023-05-01,345568.7,8.57,650-699,<60%,40-50%,OH,Purchase,Owner-Occupied,Single-Family
LN000581,2022-05-01,366309.92,5.082,750-799,70-80%,<30%,OH,Purchase,Owner-Occupied,Single-Family
LN000582,2024-07-01,506082.28,3.154,800+,60-70%,>50%,NY,Refinance-Rate-Term,Owner-Occupied,Single-Family
LN000583,2022-05-01,357124.77,2.518,750-799,60-70%,30-40%,PA,Refinance-Cashout,Owner-Occupied,Single-Family
LN000584,2022-03-01,364418.99,4.367,700-749,70-80%,40-50%,GA,Purchase,Owner-Occupied,Single-Family
LN000585,2023-11-01,143541.7,3.308,650-699,<60%,30-40%,PA,Purchase,Owner-Occupied,Single-Family
LN000586,2022-10-01,188736.94,5.837,700-749,60-70%,<30%,PA,Purchase,Owner-Occupied,Multi-Unit
LN000587,2022-10-01,296730.97,5.848,700-749,80-90%,30-40%,NY,Purchase,Owner-Occupied,Single-Family
LN000588,2023-07-01,219255.78,4.781,650-699,70-80%,>50%,GA,Purchase,Owner-Occupied,Single-Family
LN000589,2023-05-01,200204.47,5.986,700-749,80-90%,<30%,MI,Refinance-Cashout,Owner-Occupied,Single-Family
LN000590,2023-09-01,211754.1,5.097,600-649,<60%,30-40%,GA,Purchase,Owner-Occupied,Single-Family
LN000591,2023-02-01,157642.94,7.801,700-749,90-95%,30-40%,NC,Purchase,Owner-Occupied,Condo
LN000592,2022-09-01,220861.55,5.939,600-649,>95%,30-40%,PA,Refinance-Cashout,Investment,Multi-Unit
LN000593,2022-01-01,333943.56,6.343,<600,<60%,>50%,TX,Purchase,Owner-Occupied,Condo
LN000594,2023-01-01,479632.39,2.828,750-799,>95%,30-40%,NY,Refinance-Cashout,Owner-Occupied,Single-Family
LN000595,2022-04-01,379698.22,3.243,650-699,60-70%,40-50%,NY,Purchase,Owner-Occupied,Single-Family
LN000596,2022-01-01,363615.55,5.718,700-749,80-90%,30-40%,GA,Refinance-Cashout,Owner-Occupied,Multi-Unit
LN000597,2024-08-01,137646.66,2.676,600-649,70-80%,30-40%,IL,Purchase,Owner-Occupied,Single-Family
LN000598,2024-10-01,311929.67,4.063,650-699,70-80%,<30%,NY,Refinance-Cashout,Owner-Occupied,Condo
LN000599,2024-04-01,293304.01,6.769,700-749,70-80%,30-40%,GA,Purchase,Owner-Occupied,Multi-Unit
LN000600,2024-07-01,329074.11,4.031,600-649,70-80%,30-40%,FL,Purchase,Owner-Occupied,Single-Family
LN000601,2022-08-01,263931.25,3.185,<600,80-90%,<30%,TX,Purchase,Owner-Occupied,Single-Family
LN000602,2024-02-01,466207.67,6.001,750-799,70-80%,40-50%,NY,Purchase,Owner-Occupied,Single-Family
LN000603,2024-10-01,305277.55,8.11,<600,70-80%,30-40%,CA,Purchase,Owner-Occupied,Single-Family
LN000604,2022-03-01,315022.34,3.787,600-649,>95%,<30%,CA,Refinance-Cashout,Second Home,Single-Family
LN000605,2022-12-01,103755.98,6.836,750-799,90-95%,<30%,IL,Purchase,Owner-Occupied,Single-Family
LN000606,2022-01-01,289332.43,3.6,650-699,>95%,<30%,CA,Refinance-Rate-Term,Owner-Occupied,Single-Family
LN000607,2022-05-01,414925.94,4.831,750-799,90-95%,30-40%,NY,Purchase,Investment,Single-Family
LN000608,2024-06-01,355557.56,4.896,600-649,70-80%,30-40%,GA,Refinance-Cashout,Owner-Occupied,Single-Family
LN000609,2024-06-01,84440.91,3.827,650-699,70-80%,40-50%,GA,Purchase,Owner-Occupied,Condo
LN000610,2023-05-01,255032.49,6.313,700-749,60-70%,>50%,TX,Refinance-Cashout,Investment,Condo
LN000611,2023-11-01,473189.95,2.69,800+,>95%,40-50%,FL,Purchase,Owner-Occupied,Single-Family
LN000612,2023-03-01,284935.93,5.293,600-649,60-70%,30-40%,FL,Purchase,Owner-Occupied,Condo
LN000613,2023-09-01,332241.6,6.611,700-749,70-80%,30-40%,CA,Purchase,Investment,Single-Family
LN000614,2023-02-01,461900.93,6.188,<600,60-70%,>50%,FL,Refinance-Rate-Term,Owner-Occupied,Single-Family
LN000615,2022-02-01,284538.59,5.737,650-699,60-70%,40-50%,GA,Refinance-Rate-Term,Owner-Occupied,Condo
LN000616,2022-11-01,379102.99,7.378,800+,60-70%,30-40%,PA,Refinance-Rate-Term,Second Home,Single-Family
LN000617,2024-10-01,341139.59,4.671,600-649,70-80%,30-40%,IL,Purchase,Owner-Occupied,Single-Family
LN000618,2024-10-01,362514.89,2.713,750-799,<60%,30-40%,MI,Purchase,Owner-Occupied,Single-Family
LN000619,2023-06-01,337921.57,5.203,650-699,70-80%,40-50%,NC,Refinance-Cashout,Owner-Occupied,Condo
LN000620,2024-06-01,245237.01,4.811,750-799,80-90%,40-50%,OH,Purchase,Owner-Occupied,Single-Family
LN000621,2023-03-01,255220.24,2.5,700-749,80-90%,<30%,PA,Purchase,Owner-Occupied,Condo
LN000622,2024-03-01,214542.38,3.312,750-799,60-70%,<30%,IL,Refinance-Rate-Term,Owner-Occupied,Single-Family
LN000623,2024-10-01,136029.09,3.121,650-699,90-95%,30-40%,IL,Purchase,Owner-Occupied,Single-Family
LN000624,2024-09-01,424452.99,3.778,750-799,80-90%,30-40%,MI,Refinance-Rate-Term,Owner-Occupied,Single-Family
LN000625,2023-12-01,301008.3,4.473,750-799,<60%,30-40%,NC,Purchase,Owner-Occupied,Single-Family
LN000626,2023-03-01,419416.02,4.531,700-749,80-90%,40-50%,MI,Refinance-Cashout,Owner-Occupied,Single-Family
LN000627,2024-06-01,456537.27,3.832,750-799,80-90%,30-40%,PA,Refinance-Cashout,Second Home,Single-Family
LN000628,2023-05-01,305341.75,3.119,700-749,70-80%,40-50%,NY,Refinance-Rate-Term,Owner-Occupied,Single-Family
LN000629,2022-05-01,168651.09,5.566,750-799,<60%,30-40%,NY,Purchase,Owner-Occupied,Single-Family
LN000630,2024-05-01,280381.19,5.175,700-749,70-80%,40-50%,NY,Purchase,Investment,Single-Family
LN000631,2022-04-01,232885.64,5.22,700-749,80-90%,40-50%,PA,Refinance-Cashout,Owner-Occupied,Condo
LN000632,2022-10-01,101984.95,7.669,750-799,70-80%,30-40%,CA,Purchase,Owner-Occupied,Condo
LN000633,2023-05-01,249827.11,5.244,650-699,80-90%,40-50%,NC,Refinance-Rate-Term,Owner-Occupied,Condo
LN000634,2022-10-01,292846.28,4.45,700-749,70-80%,30-40%,TX,Purchase,Owner-Occupied,Condo
LN000635,2023-05-01,235667.56,4.841,800+,70-80%,30-40%,TX,Purchase,Owner-Occupied,Single-Family
LN000636,2023-08-01,222845.49,5.148,700-749,70-80%,30-40%,IL,Purchase,Owner-Occupied,Single-Family
LN000637,2023-12-01,172246.42,5.924,650-699,70-80%,30-40%,NY,Purchase,Owner-Occupied,Multi-Unit
LN000638,2022-05-01,319592.21,4.933,700-749,90-95%,40-50%,FL,Refinance-Rate-Term,Owner-Occupied,Condo
LN000639,2024-10-01,486926.93,2.5,750-799,80-90%,30-40%,IL,Refinance-Rate-Term,Owner-Occupied,Single-Family
LN000640,2022-06-01,427862.39,4.345,800+,70-80%,40-50%,OH,Purchase,Owner-Occupied,Single-Family
LN000641,2022-02-01,365362.69,5.002,800+,70-80%,>50%,MI,Refinance-Rate-Term,Owner-Occupied,Single-Family
LN000642,2023-01-01,367540.91,6.956,750-799,80-90%,30-40%,TX,Refinance-Cashout,Owner-Occupied,Single-Family
LN000643,2022-11-01,286735.69,3.821,700-749,80-90%,<30%,PA,Refinance-Rate-Term,Second Home,Single-Family
LN000644,2023-11-01,119548.68,2.547,650-699,80-90%,<30%,NY,Purchase,Owner-Occupied,Condo
LN000645,2023-04-01,263056.83,5.097,600-649,70-80%,<30%,TX,Purchase,Owner-Occupied,Single-Family
LN000646,2024-07-01,203072.23,6.299,600-649,>95%,<30%,CA,Refinance-Cashout,Owner-Occupied,Single-Family
LN000647,2022-11-01,315469.67,4.41,<600,80-90%,40-50%,GA,Purchase,Owner-Occupied,Single-Family
LN000648,2023-04-01,423321.47,8.575,750-799,60-70%,30-40%,IL,Refinance-Cashout,Owner-Occupied,Condo
LN000649,2022-08-01,497340.96,8.221,750-799,70-80%,40-50%,MI,Refinance-Rate-Term,Owner-Occupied,Single-Family
LN000650,2022-04-01,306462.1,4.891,700-749,70-80%,<30%,TX,Refinance-Cashout,Owner-Occupied,Single-Family
LN000651,2022-04-01,133284.37,5.28,800+,80-90%,30-40%,GA,Refinance-Cashout,Owner-Occupied,Single-Family
LN000652,2024-01-01,306267.61,7.053,800+,<60%,30-40%,FL,Refinance-Rate-Term,Owner-Occupied,Single-Family
LN000653,2022-03-01,308985.62,4.865,750-799,70-80%,30-40%,OH,Purchase,Second Home,Single-Family
LN000654,2024-08-01,367884.39,3.794,700-749,70-80%,<30%,TX,Purchase,Owner-Occupied,Condo
LN000655,2022-03-01,298080.44,6.333,650-699,60-70%,40-50%,OH,Purchase,Owner-Occupied,Single-Family
LN000656,2024-03-01,306651.83,5.697,700-749,70-80%,40-50%,NY,Purchase,Owner-Occupied,Single-Family
LN000657,2024-05-01,236793.92,3.789,650-699,80-90%,<30%,MI,Purchase,Owner-Occupied,Single-Family
LN000658,2024-08-01,268809.8,5.419,700-749,70-80%,40-50%,CA,Purchase,Owner-Occupied,Single-Family
LN000659,2023-07-01,351323.24,4.76,800+,70-80%,30-40%,IL,Purchase,Owner-Occupied,Single-Family
LN000660,2023-09-01,99151.63,4.422,650-699,70-80%,30-40%,NY,Purchase,Owner-Occupied,Single-Family
LN000661,2022-05-01,268271.14,3.821,650-699,70-80%,40-50%,GA,Refinance-Cashout,Owner-Occupied,Single-Family
LN000662,2023-06-01,368790.0,5.182,700-749,70-80%,>50%,CA,Refinance-Rate-Term,Owner-Occupied,Condo
LN000663,2024-04-01,464072.89,4.601,700-749,60-70%,40-50%,TX,Refinance-Cashout,Owner-Occupied,Single-Family
LN000664,2023-10-01,260166.36,5.427,650-699,60-70%,<30%,IL,Purchase,Owner-Occupied,Condo
LN000665,2023-09-01,418536.98,6.23,650-699,80-90%,>50%,MI,Purchase,Owner-Occupied,Single-Family
LN000666,2022-06-01,469002.38,5.347,800+,70-80%,40-50%,MI,Purchase,Second Home,Condo
LN000667,2022-01-01,261461.76,5.373,650-699,80-90%,30-40%,TX,Purchase,Owner-Occupied,Single-Family
LN000668,2022-05-01,244179.15,4.188,750-799,70-80%,>50%,CA,Purchase,Owner-Occupied,Single-Family
LN000669,2022-12-01,281792.55,6.762,700-749,<60%,40-50%,PA,Purchase,Second Home,Condo
LN000670,2024-02-01,291804.82,3.727,700-749,80-90%,40-50%,MI,Purchase,Owner-Occupied,Single-Family
LN000671,2024-10-01,409082.27,2.582,650-699,<60%,40-50%,NY,Refinance-Rate-Term,Owner-Occupied,Single-Family
LN000672,2023-02-01,222627.48,3.394,750-799,90-95%,30-40%,IL,Refinance-Rate-Term,Owner-Occupied,Single-Family
LN000673,2024-02-01,453806.54,6.551,750-799,60-70%,40-50%,FL,Purchase,Owner-Occupied,Single-Family
LN000674,2024-03-01,219924.24,5.688,650-699,70-80%,<30%,MI,Purchase,Owner-Occupied,Single-Family
LN000675,2022-09-01,173557.51,6.968,600-649,<60%,>50%,PA,Purchase,Owner-Occupied,Single-Family
LN000676,2024-02-01,352377.72,3.015,600-649,90-95%,30-40%,NY,Purchase,Owner-Occupied,Single-Family
LN000677,2023-10-01,423056.04,8.48,750-799,>95%,40-50%,PA,Refinance-Cashout,Second Home,Single-Family
LN000678,2024-06-01,317865.55,4.574,700-749,60-70%,30-40%,IL,Refinance-Cashout,Owner-Occupied,Multi-Unit
LN000679,2023-05-01,343508.44,2.5,600-649,70-80%,40-50%,TX,Purchase,Owner-Occupied,Multi-Unit
LN000680,2024-02-01,495429.72,8.294,650-699,<60%,30-40%,NY,Purchase,Owner-Occupied,Single-Family
LN000681,2024-12-01,424465.28,3.035,700-749,80-90%,30-40%,TX,Purchase,Owner-Occupied,Single-Family
LN000682,2022-01-01,303092.54,4.403,750-799,70-80%,40-50%,IL,Purchase,Owner-Occupied,Single-Family
LN000683,2022-08-01,256885.31,4.691,700-749,70-80%,<30%,FL,Refinance-Cashout,Owner-Occupied,Single-Family
LN000684,2024-11-01,409505.89,5.666,650-699,<60%,30-40%,PA,Refinance-Rate-Term,Owner-Occupied,Single-Family
LN000685,2023-03-01,382928.39,3.813,650-699,80-90%,30-40%,IL,Purchase,Owner-Occupied,Single-Family
LN000686,2023-10-01,341857.67,6.559,700-749,70-80%,30-40%,TX,Purchase,Second Home,Condo
LN000687,2023-02-01,267298.63,6.13,600-649,80-90%,30-40%,MI,Refinance-Rate-Term,Second Home,Single-Family
LN000688,2024-02-01,292361.04,5.029,750-799,80-90%,30-40%,GA,Purchase,Owner-Occupied,Single-Family
LN000689,2024-04-01,285248.04,6.986,700-749,<60%,30-40%,PA,Refinance-Rate-Term,Owner-Occupied,Single-Family
LN000690,2023-11-01,268963.12,4.898,650-699,70-80%,40-50%,NC,Purchase,Owner-Occupied,Single-Family
LN000691,2023-02-01,239885.19,4.587,700-749,70-80%,>50%,FL,Purchase,Investment,Single-Family
LN000692,2023-12-01,326519.86,7.997,750-799,70-80%,40-50%,NY,Refinance-Rate-Term,Owner-Occupied,Single-Family
LN000693,2022-02-01,235368.47,5.444,700-749,60-70%,<30%,GA,Purchase,Owner-Occupied,Single-Family
LN000694,2024-02-01,317737.92,3.522,750-799,80-90%,40-50%,OH,Purchase,Owner-Occupied,Single-Family
LN000695,2023-02-01,90012.68,3.725,700-749,>95%,30-40%,GA,Purchase,Owner-Occupied,Single-Family
LN000696,2022-07-01,240012.58,5.028,750-799,>95%,40-50%,NC,Purchase,Second Home,Multi-Unit
LN000697,2022-03-01,409832.92,2.5,750-799,80-90%,30-40%,GA,Refinance-Rate-Term,Owner-Occupied,Single-Family
LN000698,2023-11-01,209957.08,4.051,650-699,70-80%,<30%,GA,Purchase,Owner-Occupied,Single-Family
LN000699,2023-06-01,359210.2,4.849,600-649,70-80%,40-50%,PA,Refinance-Rate-Term,Owner-Occupied,Condo
LN000700,2024-11-01,218271.62,4.749,800+,<60%,30-40%,TX,Purchase,Owner-Occupied,Single-Family
LN000701,2023-03-01,377578.57,3.114,800+,70-80%,40-50%,OH,Purchase,Owner-Occupied,Multi-Unit
LN000702,2024-01-01,270289.11,4.327,750-799,60-70%,40-50%,NY,Refinance-Rate-Term,Second Home,Single-Family
LN000703,2024-04-01,266335.34,6.77,750-799,70-80%,30-40%,FL,Refinance-Rate-Term,Second Home,Single-Family
LN000704,2022-10-01,305435.15,6.46,650-699,90-95%,40-50%,NY,Purchase,Investment,Condo
LN000705,2023-05-01,165657.3,5.143,700-749,>95%,30-40%,NY,Purchase,Owner-Occupied,Single-Family
LN000706,2023-10-01,397209.08,4.897,800+,90-95%,<30%,FL,Purchase,Owner-Occupied,Condo
LN000707,2024-02-01,430343.34,4.758,750-799,60-70%,30-40%,NC,Refinance-Cashout,Owner-Occupied,Condo
LN000708,2024-01-01,263996.85,5.354,650-699,90-95%,30-40%,FL,Purchase,Owner-Occupied,Single-Family
LN000709,2023-05-01,352420.42,5.154,650-699,60-70%,<30%,TX,Purchase,Owner-Occupied,Single-Family
LN000710,2023-01-01,377891.07,5.486,700-749,70-80%,30-40%,CA,Purchase,Owner-Occupied,Single-Family
LN000711,2023-08-01,290874.24,5.753,700-749,70-80%,30-40%,CA,Purchase,Investment,Single-Family
LN000712,2024-01-01,189175.28,3.183,700-749,70-80%,<30%,IL,Refinance-Rate-Term,Owner-Occupied,Single-Family
LN000713,2022-04-01,459408.21,4.535,700-749,>95%,40-50%,IL,Purchase,Owner-Occupied,Single-Family
LN000714,2022-10-01,260747.83,5.297,<600,70-80%,<30%,NC,Purchase,Owner-Occupied,Single-Family
LN000715,2022-03-01,239086.52,3.551,750-799,70-80%,30-40%,NY,Purchase,Second Home,Condo
LN000716,2023-06-01,463879.19,3.989,750-799,<60%,30-40%,IL,Purchase,Second Home,Condo
LN000717,2024-12-01,361005.88,4.673,750-799,90-95%,<30%,PA,Purchase,Owner-Occupied,Single-Family
LN000718,2023-10-01,325743.01,4.747,750-799,70-80%,>50%,MI,Purchase,Owner-Occupied,Single-Family
LN000719,2024-10-01,202923.93,5.325,700-749,80-90%,40-50%,OH,Purchase,Owner-Occupied,Single-Family
LN000720,2022-08-01,380280.41,3.728,750-799,80-90%,40-50%,NC,Refinance-Rate-Term,Owner-Occupied,Condo
LN000721,2023-07-01,589651.86,6.452,700-749,80-90%,30-40%,PA,Refinance-Rate-Term,Investment,Single-Family
LN000722,2022-06-01,388050.77,4.734,800+,70-80%,40-50%,CA,Purchase,Owner-Occupied,Multi-Unit
LN000723,2024-02-01,349608.85,5.218,650-699,70-80%,>50%,GA,Purchase,Owner-Occupied,Condo
LN000724,2024-10-01,372109.28,4.445,800+,70-80%,30-40%,TX,Purchase,Owner-Occupied,Condo
LN000725,2022-06-01,267188.47,5.353,650-699,>95%,30-40%,NC,Purchase,Owner-Occupied,Single-Family
LN000726,2024-09-01,266234.93,7.507,600-649,80-90%,30-40%,OH,Refinance-Cashout,Owner-Occupied,Single-Family
LN000727,2023-10-01,264955.45,4.431,700-749,60-70%,>50%,OH,Refinance-Cashout,Second Home,Multi-Unit
LN000728,2023-09-01,242505.0,4.183,700-749,<60%,30-40%,MI,Refinance-Rate-Term,Owner-Occupied,Single-Family
LN000729,2022-06-01,264755.51,3.755,650-699,70-80%,40-50%,MI,Purchase,Owner-Occupied,Single-Family
LN000730,2022-06-01,264289.28,4.911,700-749,80-90%,<30%,IL,Refinance-Rate-Term,Owner-Occupied,Single-Family
LN000731,2022-04-01,275531.55,4.893,750-799,70-80%,>50%,GA,Purchase,Second Home,Single-Family
LN000732,2024-06-01,272732.2,5.077,650-699,80-90%,30-40%,MI,Refinance-Rate-Term,Owner-Occupied,Condo
LN000733,2022-11-01,324301.19,5.702,700-749,90-95%,40-50%,CA,Purchase,Owner-Occupied,Single-Family
LN000734,2024-06-01,307879.3,5.513,650-699,70-80%,40-50%,FL,Purchase,Owner-Occupied,Condo
LN000735,2024-07-01,316736.25,4.966,700-749,60-70%,30-40%,NC,Purchase,Owner-Occupied,Single-Family
LN000736,2023-12-01,452229.76,7.931,750-799,90-95%,40-50%,CA,Purchase,Owner-Occupied,Single-Family
LN000737,2022-09-01,307673.42,6.036,700-749,70-80%,40-50%,GA,Refinance-Rate-Term,Owner-Occupied,Condo
LN000738,2022-03-01,521089.1,3.366,800+,70-80%,30-40%,PA,Refinance-Rate-Term,Owner-Occupied,Multi-Unit
LN000739,2024-07-01,335268.95,2.682,700-749,70-80%,30-40%,MI,Refinance-Cashout,Owner-Occupied,Multi-Unit
LN000740,2024-12-01,255274.04,3.957,750-799,70-80%,<30%,IL,Refinance-Cashout,Investment,Condo
LN000741,2023-12-01,434958.32,5.229,750-799,80-90%,30-40%,PA,Purchase,Owner-Occupied,Single-Family
LN000742,2024-07-01,292047.27,3.831,750-799,70-80%,>50%,IL,Purchase,Owner-Occupied,Single-Family
LN000743,2022-06-01,60631.58,4.059,650-699,70-80%,30-40%,NC,Purchase,Owner-Occupied,Single-Family
LN000744,2022-02-01,299599.69,5.039,650-699,80-90%,40-50%,TX,Refinance-Cashout,Owner-Occupied,Single-Family
LN000745,2023-08-01,275082.42,4.487,700-749,60-70%,<30%,MI,Purchase,Owner-Occupied,Single-Family
LN000746,2024-04-01,460654.74,2.5,750-799,60-70%,30-40%,PA,Purchase,Owner-Occupied,Single-Family
LN000747,2022-11-01,210243.33,6.616,650-699,80-90%,<30%,NY,Purchase,Owner-Occupied,Single-Family
LN000748,2022-04-01,266734.52,6.267,800+,90-95%,30-40%,FL,Refinance-Cashout,Owner-Occupied,Single-Family
LN000749,2023-03-01,426763.94,3.072,600-649,60-70%,<30%,IL,Refinance-Cashout,Second Home,Single-Family
LN000750,2022-06-01,339440.85,5.085,650-699,60-70%,40-50%,TX,Purchase,Investment,Single-Family
LN000751,2024-06-01,282854.32,3.325,650-699,80-90%,30-40%,FL,Refinance-Cashout,Owner-Occupied,Single-Family
LN000752,2022-02-01,224351.43,4.087,700-749,70-80%,40-50%,OH,Purchase,Second Home,Single-Family
LN000753,2023-03-01,335174.57,5.729,800+,70-80%,30-40%,CA,Purchase,Owner-Occupied,Single-Family
LN000754,2022-11-01,297069.89,6.215,650-699,<60%,>50%,TX,Refinance-Rate-Term,Owner-Occupied,Condo
LN000755,2022-08-01,223217.07,6.18,700-749,<60%,40-50%,FL,Purchase,Owner-Occupied,Single-Family
LN000756,2024-02-01,228415.35,5.367,650-699,80-90%,<30%,MI,Purchase,Investment,Multi-Unit
LN000757,2022-05-01,218552.79,6.913,700-749,70-80%,30-40%,OH,Refinance-Cashout,Owner-Occupied,Single-Family
LN000758,2022-06-01,200744.44,4.084,600-649,90-95%,<30%,NY,Refinance-Rate-Term,Owner-Occupied,Single-Family
LN000759,2024-02-01,393403.38,4.417,700-749,70-80%,30-40%,GA,Refinance-Cashout,Owner-Occupied,Single-Family
LN000760,2022-04-01,379939.34,2.5,750-799,70-80%,30-40%,GA,Purchase,Owner-Occupied,Condo
LN000761,2023-07-01,393567.45,4.86,700-749,90-95%,>50%,CA,Purchase,Owner-Occupied,Single-Family
LN000762,2023-08-01,300449.95,5.87,600-649,60-70%,30-40%,IL,Purchase,Owner-Occupied,Single-Family
LN000763,2024-09-01,275737.12,5.428,650-699,70-80%,40-50%,CA,Refinance-Cashout,Owner-Occupied,Multi-Unit
LN000764,2023-08-01,277561.79,4.064,750-799,<60%,30-40%,OH,Purchase,Owner-Occupied,Condo
LN000765,2022-12-01,402110.16,6.267,750-799,70-80%,<30%,NY,Purchase,Owner-Occupied,Single-Family
LN000766,2022-01-01,117985.22,4.889,800+,60-70%,40-50%,GA,Purchase,Owner-Occupied,Condo
LN000767,2024-02-01,248551.39,6.15,750-799,60-70%,30-40%,GA,Refinance-Rate-Term,Owner-Occupied,Condo
LN000768,2023-02-01,211265.44,5.729,800+,90-95%,40-50%,NC,Purchase,Owner-Occupied,Single-Family
LN000769,2022-11-01,435988.75,7.137,700-749,70-80%,<30%,PA,Purchase,Owner-Occupied,Single-Family
LN000770,2024-12-01,252254.25,5.509,650-699,90-95%,40-50%,OH,Purchase,Owner-Occupied,Condo
LN000771,2023-01-01,136401.12,5.915,<600,70-80%,40-50%,OH,Purchase,Owner-Occupied,Single-Family
LN000772,2022-03-01,322342.36,4.885,700-749,70-80%,40-50%,IL,Purchase,Second Home,Single-Family
LN000773,2024-09-01,262988.58,4.246,750-799,<60%,40-50%,OH,Purchase,Owner-Occupied,Single-Family
LN000774,2022-06-01,244307.12,5.736,750-799,70-80%,30-40%,NC,Refinance-Cashout,Owner-Occupied,Single-Family
LN000775,2022-10-01,233996.8,7.254,650-699,70-80%,<30%,NY,Purchase,Investment,Single-Family
LN000776,2022-05-01,230051.52,4.076,700-749,<60%,<30%,TX,Purchase,Owner-Occupied,Condo
LN000777,2023-11-01,370856.03,4.628,750-799,80-90%,30-40%,GA,Purchase,Owner-Occupied,Condo
LN000778,2022-10-01,322378.74,5.04,700-749,70-80%,30-40%,OH,Refinance-Cashout,Investment,Single-Family
LN000779,2022-02-01,280203.42,6.027,650-699,70-80%,40-50%,PA,Purchase,Owner-Occupied,Single-Family
LN000780,2023-01-01,190176.11,5.518,750-799,70-80%,<30%,OH,Refinance-Cashout,Owner-Occupied,Single-Family
LN000781,2022-02-01,283110.67,6.37,650-699,>95%,>50%,FL,Refinance-Cashout,Owner-Occupied,Single-Family
LN000782,2023-08-01,326062.79,7.961,800+,<60%,>50%,PA,Purchase,Owner-Occupied,Single-Family
LN000783,2022-01-01,329865.44,4.042,800+,70-80%,40-50%,MI,Purchase,Owner-Occupied,Single-Family
LN000784,2022-09-01,316088.44,5.915,700-749,70-80%,>50%,OH,Refinance-Rate-Term,Owner-Occupied,Single-Family
LN000785,2023-05-01,207740.73,5.481,700-749,<60%,40-50%,OH,Refinance-Rate-Term,Owner-Occupied,Single-Family
LN000786,2022-09-01,59682.34,5.029,750-799,70-80%,30-40%,IL,Refinance-Rate-Term,Investment,Single-Family
LN000787,2022-11-01,479961.88,5.909,700-749,70-80%,40-50%,FL,Refinance-Cashout,Owner-Occupied,Single-Family
LN000788,2023-03-01,169036.31,4.6,<600,60-70%,40-50%,TX,Purchase,Second Home,Multi-Unit
LN000789,2023-12-01,103504.2,5.485,800+,60-70%,<30%,OH,Refinance-Rate-Term,Owner-Occupied,Condo
LN000790,2024-11-01,313051.56,3.042,700-749,80-90%,<30%,NY,Purchase,Owner-Occupied,Single-Family
LN000791,2024-06-01,129148.15,4.192,650-699,60-70%,30-40%,TX,Purchase,Investment,Multi-Unit
LN000792,2024-07-01,219520.13,6.571,700-749,70-80%,<30%,GA,Refinance-Rate-Term,Owner-Occupied,Single-Family
LN000793,2022-05-01,354885.04,6.514,650-699,60-70%,>50%,TX,Purchase,Owner-Occupied,Single-Family
LN000794,2023-02-01,477268.73,5.389,650-699,60-70%,30-40%,PA,Purchase,Owner-Occupied,Single-Family
LN000795,2022-11-01,338751.18,4.32,700-749,60-70%,30-40%,NY,Purchase,Owner-Occupied,Single-Family
LN000796,2022-09-01,256084.07,6.238,700-749,70-80%,<30%,NC,Purchase,Owner-Occupied,Condo
LN000797,2024-10-01,294858.04,6.855,700-749,60-70%,30-40%,IL,Refinance-Cashout,Owner-Occupied,Condo
LN000798,2022-12-01,119141.4,4.381,800+,<60%,30-40%,NY,Purchase,Second Home,Single-Family
LN000799,2024-11-01,254924.79,2.817,750-799,80-90%,<30%,GA,Refinance-Rate-Term,Owner-Occupied,Single-Family
LN000800,2024-11-01,255021.84,5.674,<600,70-80%,>50%,FL,Purchase,Owner-Occupied,Single-Family
LN000801,2022-01-01,315332.87,6.371,600-649,60-70%,30-40%,NC,Purchase,Owner-Occupied,Condo
LN000802,2023-10-01,494218.96,5.881,700-749,70-80%,40-50%,GA,Purchase,Owner-Occupied,Single-Family
LN000803,2024-05-01,106320.47,7.348,700-749,<60%,<30%,GA,Purchase,Investment,Single-Family
LN000804,2022-08-01,259232.24,7.354,750-799,70-80%,>50%,MI,Purchase,Investment,Condo
LN000805,2022-11-01,116649.05,4.542,700-749,70-80%,30-40%,IL,Refinance-Cashout,Owner-Occupied,Single-Family
LN000806,2023-02-01,249663.59,5.298,650-699,60-70%,40-50%,CA,Purchase,Owner-Occupied,Condo
LN000807,2024-06-01,213539.79,4.255,700-749,60-70%,40-50%,MI,Purchase,Second Home,Single-Family
LN000808,2024-11-01,150565.37,3.467,750-799,70-80%,40-50%,NC,Purchase,Owner-Occupied,Single-Family
LN000809,2023-09-01,391309.2,3.555,800+,80-90%,<30%,TX,Purchase,Owner-Occupied,Condo
LN000810,2022-05-01,325564.77,6.076,650-699,60-70%,30-40%,CA,Purchase,Owner-Occupied,Single-Family
LN000811,2023-07-01,379585.56,5.454,700-749,60-70%,30-40%,PA,Refinance-Rate-Term,Second Home,Single-Family
LN000812,2023-02-01,246834.62,6.335,650-699,70-80%,30-40%,CA,Purchase,Owner-Occupied,Multi-Unit
LN000813,2024-02-01,292928.35,8.797,700-749,70-80%,30-40%,MI,Purchase,Owner-Occupied,Single-Family
LN000814,2022-04-01,459464.06,5.75,600-649,<60%,40-50%,MI,Purchase,Owner-Occupied,Single-Family
LN000815,2024-01-01,299727.98,3.818,800+,70-80%,30-40%,MI,Purchase,Owner-Occupied,Single-Family
LN000816,2024-01-01,380795.65,6.553,700-749,70-80%,30-40%,OH,Purchase,Second Home,Single-Family
LN000817,2023-06-01,238254.37,3.79,750-799,60-70%,>50%,OH,Refinance-Rate-Term,Owner-Occupied,Single-Family
LN000818,2022-08-01,371601.73,7.623,800+,70-80%,>50%,CA,Refinance-Rate-Term,Owner-Occupied,Single-Family
LN000819,2023-02-01,245108.06,2.5,650-699,<60%,>50%,MI,Purchase,Owner-Occupied,Single-Family
LN000820,2024-08-01,110357.76,4.18,750-799,80-90%,30-40%,IL,Refinance-Rate-Term,Owner-Occupied,Single-Family
LN000821,2024-09-01,299241.71,5.933,750-799,>95%,<30%,FL,Purchase,Owner-Occupied,Single-Family
LN000822,2023-11-01,252969.69,6.766,700-749,70-80%,40-50%,TX,Refinance-Rate-Term,Owner-Occupied,Single-Family
LN000823,2023-03-01,137521.86,3.985,700-749,70-80%,<30%,IL,Refinance-Cashout,Owner-Occupied,Single-Family
LN000824,2024-09-01,319149.29,3.713,700-749,80-90%,<30%,IL,Purchase,Owner-Occupied,Single-Family
LN000825,2024-01-01,210647.35,5.223,750-799,70-80%,<30%,TX,Purchase,Second Home,Single-Family
LN000826,2023-05-01,609264.13,7.863,700-749,80-90%,40-50%,PA,Purchase,Investment,Single-Family
LN000827,2024-09-01,153555.78,2.692,700-749,70-80%,<30%,OH,Purchase,Owner-Occupied,Single-Family
LN000828,2022-02-01,178707.51,4.529,600-649,70-80%,40-50%,CA,Purchase,Owner-Occupied,Single-Family
LN000829,2023-02-01,386955.11,5.39,<600,60-70%,<30%,FL,Refinance-Rate-Term,Owner-Occupied,Single-Family
LN000830,2022-06-01,286697.81,3.806,600-649,70-80%,<30%,NY,Purchase,Owner-Occupied,Multi-Unit
LN000831,2022-06-01,384920.23,3.801,650-699,70-80%,30-40%,TX,Purchase,Owner-Occupied,Single-Family
LN000832,2022-03-01,338039.11,4.65,700-749,<60%,30-40%,MI,Refinance-Rate-Term,Owner-Occupied,Condo
LN000833,2022-07-01,241769.29,5.439,<600,70-80%,>50%,IL,Refinance-Rate-Term,Second Home,Single-Family
LN000834,2022-08-01,162090.76,4.707,650-699,70-80%,>50%,NY,Purchase,Owner-Occupied,Condo
LN000835,2023-03-01,407108.31,7.198,750-799,70-80%,<30%,TX,Refinance-Rate-Term,Second Home,Single-Family
LN000836,2024-05-01,171154.98,5.889,750-799,90-95%,>50%,CA,Refinance-Cashout,Owner-Occupied,Single-Family
LN000837,2024-09-01,355890.6,5.575,750-799,60-70%,40-50%,GA,Purchase,Owner-Occupied,Condo
LN000838,2024-06-01,391899.88,6.541,800+,60-70%,30-40%,TX,Purchase,Owner-Occupied,Single-Family
LN000839,2024-03-01,287308.22,5.601,600-649,90-95%,40-50%,NY,Refinance-Rate-Term,Owner-Occupied,Single-Family
LN000840,2024-12-01,269585.25,4.335,650-699,90-95%,>50%,MI,Refinance-Rate-Term,Second Home,Single-Family
LN000841,2024-05-01,201627.39,4.605,650-699,70-80%,<30%,IL,Purchase,Investment,Single-Family
LN000842,2024-09-01,346274.27,3.306,800+,60-70%,<30%,TX,Purchase,Second Home,Condo
LN000843,2024-03-01,50000.0,8.007,750-799,70-80%,30-40%,MI,Refinance-Rate-Term,Owner-Occupied,Single-Family
LN000844,2024-09-01,371572.63,6.396,650-699,60-70%,<30%,NC,Refinance-Cashout,Owner-Occupied,Single-Family
LN000845,2022-04-01,311947.63,2.5,600-649,90-95%,30-40%,TX,Refinance-Rate-Term,Owner-Occupied,Single-Family
LN000846,2023-10-01,277718.43,7.0,700-749,80-90%,40-50%,PA,Refinance-Cashout,Second Home,Single-Family
LN000847,2022-02-01,324230.23,2.801,650-699,60-70%,40-50%,OH,Refinance-Rate-Term,Owner-Occupied,Single-Family
LN000848,2022-10-01,162644.36,5.781,700-749,90-95%,30-40%,PA,Refinance-Cashout,Owner-Occupied,Single-Family
LN000849,2022-05-01,58700.73,2.5,800+,70-80%,30-40%,NY,Refinance-Rate-Term,Owner-Occupied,Single-Family
LN000850,2022-10-01,346857.51,4.358,700-749,>95%,40-50%,CA,Refinance-Cashout,Investment,Single-Family
LN000851,2024-09-01,431654.62,7.011,800+,>95%,30-40%,TX,Purchase,Owner-Occupied,Single-Family
LN000852,2023-01-01,126059.8,7.095,700-749,<60%,40-50%,MI,Refinance-Cashout,Owner-Occupied,Single-Family
LN000853,2024-07-01,194751.99,5.46,700-749,60-70%,>50%,MI,Purchase,Owner-Occupied,Multi-Unit
LN000854,2024-12-01,375232.49,6.181,750-799,70-80%,>50%,PA,Purchase,Investment,Single-Family
LN000855,2023-12-01,335888.98,2.88,700-749,>95%,40-50%,GA,Purchase,Owner-Occupied,Single-Family
LN000856,2023-03-01,596310.85,5.807,700-749,>95%,30-40%,FL,Purchase,Owner-Occupied,Single-Family
LN000857,2024-05-01,407565.75,6.276,750-799,70-80%,<30%,OH,Purchase,Owner-Occupied,Multi-Unit
LN000858,2022-08-01,383542.45,8.855,750-799,60-70%,40-50%,NC,Refinance-Cashout,Second Home,Single-Family
LN000859,2022-05-01,223621.13,4.065,600-649,60-70%,>50%,NY,Refinance-Rate-Term,Second Home,Single-Family
LN000860,2024-05-01,352480.58,5.024,650-699,80-90%,<30%,OH,Refinance-Cashout,Investment,Condo
LN000861,2022-04-01,449541.37,5.117,700-749,70-80%,<30%,OH,Refinance-Cashout,Owner-Occupied,Single-Family
LN000862,2022-12-01,283560.92,6.048,800+,70-80%,40-50%,MI,Purchase,Owner-Occupied,Single-Family
LN000863,2022-02-01,288278.54,6.321,800+,70-80%,<30%,NC,Purchase,Second Home,Single-Family
LN000864,2024-03-01,314135.35,6.591,600-649,80-90%,<30%,FL,Purchase,Investment,Single-Family
LN000865,2024-07-01,233550.13,6.482,600-649,90-95%,>50%,CA,Purchase,Owner-Occupied,Single-Family
LN000866,2024-12-01,326896.35,2.778,800+,70-80%,<30%,GA,Refinance-Rate-Term,Owner-Occupied,Single-Family
LN000867,2024-12-01,324397.21,2.5,650-699,60-70%,<30%,NY,Purchase,Owner-Occupied,Single-Family
LN000868,2024-02-01,447998.64,4.228,650-699,80-90%,30-40%,TX,Purchase,Owner-Occupied,Single-Family
LN000869,2024-03-01,281060.76,4.947,<600,90-95%,40-50%,IL,Purchase,Owner-Occupied,Multi-Unit
LN000870,2022-05-01,367472.85,4.08,650-699,70-80%,30-40%,NY,Purchase,Owner-Occupied,Single-Family
LN000871,2023-08-01,284043.47,4.31,750-799,70-80%,30-40%,CA,Purchase,Owner-Occupied,Single-Family
LN000872,2022-11-01,363975.94,4.496,700-749,60-70%,40-50%,OH,Refinance-Cashout,Second Home,Multi-Unit
LN000873,2022-10-01,274994.15,5.866,700-749,70-80%,30-40%,NY,Purchase,Owner-Occupied,Single-Family
LN000874,2022-06-01,357347.3,3.449,800+,60-70%,<30%,GA,Purchase,Owner-Occupied,Condo
LN000875,2022-08-01,372823.58,4.883,600-649,70-80%,<30%,NC,Purchase,Owner-Occupied,Single-Family
LN000876,2023-11-01,193334.39,4.895,600-649,70-80%,30-40%,GA,Refinance-Rate-Term,Owner-Occupied,Condo
LN000877,2024-02-01,410237.54,5.832,750-799,70-80%,40-50%,CA,Purchase,Owner-Occupied,Condo
LN000878,2022-12-01,283352.26,6.743,750-799,<60%,40-50%,GA,Purchase,Owner-Occupied,Single-Family
LN000879,2024-02-01,253020.33,7.526,650-699,60-70%,40-50%,IL,Purchase,Owner-Occupied,Single-Family
LN000880,2023-01-01,228999.19,3.881,650-699,70-80%,40-50%,CA,Refinance-Cashout,Second Home,Single-Family
LN000881,2023-06-01,329820.03,2.5,650-699,70-80%,<30%,NC,Refinance-Cashout,Owner-Occupied,Single-Family
LN000882,2024-01-01,299537.83,4.637,700-749,70-80%,40-50%,NC,Purchase,Owner-Occupied,Multi-Unit
LN000883,2024-09-01,337080.72,2.617,600-649,80-90%,40-50%,OH,Refinance-Rate-Term,Second Home,Single-Family
LN000884,2022-12-01,339022.08,9.0,700-749,60-70%,30-40%,OH,Purchase,Owner-Occupied,Condo
LN000885,2024-12-01,360858.46,3.691,600-649,70-80%,30-40%,CA,Purchase,Investment,Condo
LN000886,2022-04-01,577628.41,5.846,750-799,70-80%,30-40%,NC,Purchase,Owner-Occupied,Single-Family
LN000887,2022-05-01,303969.18,6.401,700-749,90-95%,30-40%,CA,Purchase,Owner-Occupied,Single-Family
LN000888,2022-08-01,226542.66,5.511,700-749,70-80%,30-40%,OH,Refinance-Rate-Term,Owner-Occupied,Single-Family
LN000889,2024-04-01,98018.67,8.115,<600,70-80%,40-50%,NC,Refinance-Cashout,Owner-Occupied,Single-Family
LN000890,2024-07-01,180468.32,4.696,600-649,70-80%,40-50%,NC,Purchase,Owner-Occupied,Multi-Unit
LN000891,2022-09-01,423534.87,3.748,750-799,70-80%,40-50%,IL,Purchase,Owner-Occupied,Single-Family
LN000892,2024-05-01,371992.45,3.67,750-799,80-90%,<30%,PA,Purchase,Owner-Occupied,Single-Family
LN000893,2023-02-01,165001.4,6.125,750-799,60-70%,<30%,TX,Purchase,Second Home,Condo
LN000894,2023-10-01,546421.24,4.715,750-799,80-90%,40-50%,TX,Refinance-Cashout,Second Home,Single-Family
LN000895,2022-11-01,332676.45,3.67,600-649,70-80%,40-50%,MI,Refinance-Cashout,Owner-Occupied,Single-Family
LN000896,2023-11-01,346031.67,5.662,750-799,>95%,30-40%,NC,Refinance-Rate-Term,Owner-Occupied,Condo
LN000897,2022-01-01,524422.52,6.064,650-699,70-80%,40-50%,CA,Purchase,Owner-Occupied,Single-Family
LN000898,2023-09-01,473945.57,5.407,600-649,90-95%,<30%,MI,Refinance-Rate-Term,Owner-Occupied,Condo
LN000899,2024-02-01,378113.75,6.349,750-799,70-80%,40-50%,IL,Purchase,Investment,Condo
LN000900,2024-12-01,382921.39,5.132,750-799,60-70%,>50%,OH,Refinance-Cashout,Owner-Occupied,Single-Family
LN000901,2023-11-01,392278.51,4.11,750-799,60-70%,40-50%,MI,Purchase,Owner-Occupied,Single-Family
LN000902,2022-01-01,275903.29,6.217,750-799,90-95%,>50%,PA,Purchase,Owner-Occupied,Single-Family
LN000903,2023-03-01,328679.29,3.665,800+,70-80%,30-40%,PA,Purchase,Owner-Occupied,Single-Family
LN000904,2023-09-01,357432.05,3.307,600-649,70-80%,40-50%,PA,Purchase,Second Home,Single-Family
LN000905,2022-09-01,287321.74,6.734,800+,60-70%,<30%,GA,Refinance-Rate-Term,Owner-Occupied,Single-Family
LN000906,2022-09-01,203458.05,4.478,700-749,>95%,<30%,OH,Refinance-Rate-Term,Owner-Occupied,Multi-Unit
LN000907,2022-10-01,273386.96,7.499,750-799,60-70%,<30%,IL,Refinance-Rate-Term,Owner-Occupied,Single-Family
LN000908,2024-02-01,201206.74,6.285,750-799,60-70%,30-40%,MI,Purchase,Owner-Occupied,Condo
LN000909,2024-11-01,306437.26,4.364,700-749,90-95%,30-40%,TX,Purchase,Owner-Occupied,Single-Family
LN000910,2024-01-01,121954.28,5.729,750-799,90-95%,40-50%,MI,Refinance-Cashout,Second Home,Single-Family
LN000911,2024-02-01,334103.85,8.793,650-699,60-70%,>50%,PA,Refinance-Cashout,Owner-Occupied,Multi-Unit
LN000912,2022-11-01,136872.55,6.131,800+,90-95%,40-50%,MI,Purchase,Owner-Occupied,Condo
LN000913,2022-02-01,259652.69,5.873,600-649,60-70%,30-40%,IL,Refinance-Cashout,Owner-Occupied,Single-Family
LN000914,2022-07-01,350410.11,4.108,650-699,<60%,>50%,NY,Refinance-Cashout,Owner-Occupied,Single-Family
LN000915,2023-06-01,379114.67,7.767,<600,80-90%,30-40%,MI,Refinance-Rate-Term,Second Home,Single-Family
LN000916,2024-03-01,367235.92,6.977,650-699,80-90%,40-50%,IL,Purchase,Owner-Occupied,Single-Family
LN000917,2024-10-01,331973.39,4.122,650-699,70-80%,40-50%,NC,Refinance-Rate-Term,Owner-Occupied,Condo
LN000918,2024-03-01,188072.67,7.821,<600,<60%,>50%,TX,Purchase,Owner-Occupied,Single-Family
LN000919,2023-05-01,398060.84,5.247,700-749,60-70%,30-40%,PA,Refinance-Rate-Term,Owner-Occupied,Single-Family
LN000920,2023-12-01,190359.86,3.739,700-749,80-90%,40-50%,NC,Purchase,Investment,Single-Family
LN000921,2024-01-01,409457.58,4.102,600-649,>95%,30-40%,MI,Refinance-Cashout,Owner-Occupied,Single-Family
LN000922,2022-07-01,362770.48,6.317,650-699,70-80%,30-40%,IL,Refinance-Rate-Term,Owner-Occupied,Condo
LN000923,2022-06-01,435890.15,3.75,800+,80-90%,30-40%,PA,Purchase,Owner-Occupied,Single-Family
LN000924,2023-12-01,302486.85,3.345,600-649,60-70%,30-40%,MI,Refinance-Rate-Term,Owner-Occupied,Multi-Unit
LN000925,2024-09-01,218123.59,4.342,650-699,80-90%,30-40%,NY,Purchase,Owner-Occupied,Condo
LN000926,2024-05-01,170734.75,4.566,<600,<60%,40-50%,IL,Purchase,Second Home,Single-Family
LN000927,2023-10-01,181842.07,3.99,600-649,70-80%,30-40%,GA,Purchase,Owner-Occupied,Condo
LN000928,2024-02-01,136322.53,4.319,750-799,70-80%,40-50%,CA,Purchase,Owner-Occupied,Single-Family
LN000929,2024-04-01,394200.29,6.375,700-749,90-95%,40-50%,CA,Refinance-Cashout,Owner-Occupied,Single-Family
LN000930,2023-09-01,406741.7,5.385,700-749,70-80%,40-50%,MI,Purchase,Owner-Occupied,Single-Family
LN000931,2022-07-01,355369.99,4.227,650-699,70-80%,30-40%,NY,Refinance-Rate-Term,Owner-Occupied,Multi-Unit
LN000932,2023-05-01,296695.91,4.358,750-799,80-90%,40-50%,MI,Purchase,Second Home,Single-Family
LN000933,2023-08-01,506095.94,4.803,750-799,70-80%,>50%,FL,Refinance-Rate-Term,Owner-Occupied,Single-Family
LN000934,2023-08-01,290185.15,4.888,650-699,60-70%,40-50%,IL,Purchase,Owner-Occupied,Single-Family
LN000935,2023-10-01,322091.68,4.895,<600,70-80%,40-50%,MI,Purchase,Second Home,Single-Family
LN000936,2024-04-01,295214.85,6.32,600-649,80-90%,30-40%,GA,Refinance-Cashout,Owner-Occupied,Condo
LN000937,2022-07-01,266169.19,5.296,750-799,70-80%,>50%,CA,Purchase,Owner-Occupied,Condo
LN000938,2022-01-01,363097.45,5.34,600-649,60-70%,40-50%,IL,Refinance-Rate-Term,Owner-Occupied,Single-Family
LN000939,2024-08-01,236650.33,7.14,700-749,70-80%,30-40%,IL,Purchase,Owner-Occupied,Single-Family
LN000940,2023-01-01,229942.22,7.815,650-699,>95%,30-40%,TX,Purchase,Owner-Occupied,Single-Family
LN000941,2024-06-01,368146.94,3.154,650-699,<60%,40-50%,IL,Refinance-Cashout,Owner-Occupied,Single-Family
LN000942,2023-11-01,250239.16,2.632,<600,70-80%,30-40%,GA,Refinance-Rate-Term,Owner-Occupied,Condo
LN000943,2023-07-01,313348.2,4.476,650-699,70-80%,40-50%,MI,Purchase,Owner-Occupied,Single-Family
LN000944,2024-08-01,265867.19,6.175,600-649,<60%,30-40%,OH,Refinance-Cashout,Owner-Occupied,Condo
LN000945,2024-06-01,298844.87,5.564,700-749,70-80%,30-40%,TX,Purchase,Owner-Occupied,Single-Family
LN000946,2024-05-01,232671.09,6.581,700-749,90-95%,40-50%,PA,Purchase,Second Home,Single-Family
LN000947,2024-05-01,235941.12,4.411,700-749,<60%,40-50%,MI,Purchase,Owner-Occupied,Single-Family
LN000948,2024-06-01,218026.79,2.5,750-799,80-90%,40-50%,CA,Refinance-Rate-Term,Owner-Occupied,Single-Family
LN000949,2023-04-01,384333.01,2.95,750-799,80-90%,40-50%,MI,Purchase,Owner-Occupied,Single-Family
LN000950,2023-07-01,317188.48,5.847,750-799,70-80%,>50%,MI,Purchase,Owner-Occupied,Single-Family
LN000951,2023-06-01,391855.08,6.593,800+,60-70%,30-40%,FL,Refinance-Cashout,Owner-Occupied,Single-Family
LN000952,2022-01-01,402538.66,2.5,650-699,90-95%,40-50%,PA,Purchase,Owner-Occupied,Single-Family
LN000953,2023-02-01,254008.57,7.116,650-699,80-90%,30-40%,NC,Purchase,Investment,Single-Family
LN000954,2022-02-01,388158.5,5.697,700-749,60-70%,40-50%,CA,Purchase,Owner-Occupied,Single-Family
LN000955,2024-04-01,298587.93,4.894,700-749,60-70%,30-40%,PA,Purchase,Owner-Occupied,Single-Family
LN000956,2024-06-01,284132.65,4.06,700-749,70-80%,>50%,TX,Purchase,Owner-Occupied,Condo
LN000957,2022-04-01,425236.71,7.387,<600,70-80%,30-40%,NC,Purchase,Owner-Occupied,Single-Family
LN000958,2022-01-01,355376.85,6.346,700-749,70-80%,<30%,TX,Purchase,Owner-Occupied,Single-Family
LN000959,2022-08-01,264757.57,5.736,800+,>95%,<30%,FL,Purchase,Owner-Occupied,Single-Family
LN000960,2024-05-01,348879.33,3.903,650-699,70-80%,<30%,TX,Refinance-Rate-Term,Owner-Occupied,Single-Family
LN000961,2022-03-01,173428.73,7.421,800+,90-95%,30-40%,NY,Refinance-Cashout,Owner-Occupied,Single-Family
LN000962,2024-08-01,324731.3,5.046,700-749,80-90%,30-40%,NY,Refinance-Rate-Term,Owner-Occupied,Single-Family
LN000963,2022-10-01,150040.84,5.449,600-649,60-70%,>50%,MI,Purchase,Owner-Occupied,Condo
LN000964,2022-10-01,201560.04,5.11,700-749,80-90%,30-40%,CA,Purchase,Second Home,Single-Family
LN000965,2023-07-01,358463.97,3.852,700-749,70-80%,30-40%,GA,Refinance-Rate-Term,Second Home,Single-Family
LN000966,2024-10-01,50000.0,5.48,700-749,60-70%,40-50%,IL,Refinance-Rate-Term,Owner-Occupied,Single-Family
LN000967,2024-09-01,480251.19,6.045,700-749,70-80%,<30%,GA,Purchase,Owner-Occupied,Single-Family
LN000968,2023-11-01,383449.27,4.338,700-749,70-80%,40-50%,PA,Purchase,Owner-Occupied,Single-Family
LN000969,2024-04-01,116146.69,5.351,<600,70-80%,30-40%,TX,Refinance-Rate-Term,Owner-Occupied,Condo
LN000970,2024-08-01,539849.86,5.088,650-699,>95%,40-50%,OH,Purchase,Owner-Occupied,Single-Family
LN000971,2022-07-01,567410.39,6.373,650-699,90-95%,<30%,MI,Purchase,Second Home,Multi-Unit
LN000972,2024-05-01,281950.83,4.552,800+,60-70%,<30%,NC,Purchase,Owner-Occupied,Single-Family
LN000973,2022-08-01,207351.09,5.34,650-699,80-90%,40-50%,OH,Refinance-Rate-Term,Owner-Occupied,Single-Family
LN000974,2022-01-01,468630.36,5.656,750-799,<60%,30-40%,IL,Refinance-Rate-Term,Second Home,Multi-Unit
LN000975,2022-03-01,265620.99,4.518,650-699,60-70%,>50%,NY,Refinance-Cashout,Second Home,Condo
LN000976,2023-12-01,316103.95,3.762,600-649,60-70%,30-40%,GA,Refinance-Rate-Term,Owner-Occupied,Single-Family
LN000977,2023-11-01,421728.97,4.006,650-699,70-80%,40-50%,PA,Purchase,Owner-Occupied,Single-Family
LN000978,2022-08-01,284648.85,5.614,650-699,60-70%,>50%,IL,Refinance-Rate-Term,Owner-Occupied,Single-Family
LN000979,2022-03-01,275894.57,4.647,800+,70-80%,30-40%,OH,Purchase,Owner-Occupied,Single-Family
LN000980,2024-09-01,172760.5,4.627,750-799,60-70%,40-50%,FL,Purchase,Owner-Occupied,Single-Family
LN000981,2024-04-01,236945.69,5.906,800+,70-80%,<30%,NC,Refinance-Cashout,Owner-Occupied,Single-Family
LN000982,2022-08-01,273923.02,6.529,750-799,90-95%,40-50%,NY,Purchase,Owner-Occupied,Single-Family
LN000983,2024-10-01,176143.68,6.788,700-749,>95%,40-50%,NY,Purchase,Investment,Single-Family
LN000984,2024-11-01,185206.42,4.081,750-799,80-90%,30-40%,GA,Refinance-Cashout,Owner-Occupied,Single-Family
LN000985,2024-08-01,303360.13,6.384,700-749,70-80%,<30%,PA,Refinance-Cashout,Owner-Occupied,Single-Family
LN000986,2023-12-01,115029.59,8.127,750-799,80-90%,40-50%,CA,Purchase,Owner-Occupied,Single-Family
LN000987,2023-02-01,212083.7,5.189,650-699,80-90%,40-50%,TX,Purchase,Investment,Single-Family
LN000988,2024-08-01,494459.4,4.89,700-749,80-90%,>50%,NC,Purchase,Owner-Occupied,Single-Family
LN000989,2023-04-01,265453.14,4.577,700-749,<60%,40-50%,PA,Refinance-Cashout,Owner-Occupied,Single-Family
LN000990,2022-04-01,252927.66,3.404,<600,70-80%,30-40%,OH,Purchase,Owner-Occupied,Multi-Unit
LN000991,2023-09-01,265005.42,6.263,700-749,70-80%,40-50%,NC,Refinance-Cashout,Second Home,Single-Family
LN000992,2023-02-01,266584.76,4.897,750-799,70-80%,40-50%,FL,Purchase,Owner-Occupied,Single-Family
LN000993,2024-07-01,357486.89,4.775,700-749,70-80%,30-40%,IL,Purchase,Second Home,Multi-Unit
LN000994,2023-06-01,350486.62,6.031,700-749,80-90%,<30%,IL,Purchase,Owner-Occupied,Condo
LN000995,2022-07-01,260924.16,6.169,650-699,80-90%,40-50%,MI,Purchase,Owner-Occupied,Single-Family
LN000996,2022-10-01,278616.26,4.099,750-799,<60%,40-50%,OH,Refinance-Cashout,Owner-Occupied,Single-Family
LN000997,2022-07-01,431277.31,4.135,700-749,70-80%,<30%,TX,Refinance-Rate-Term,Owner-Occupied,Single-Family
LN000998,2024-09-01,148969.52,4.068,800+,70-80%,>50%,NY,Purchase,Owner-Occupied,Single-Family
LN000999,2023-11-01,294241.8,8.17,800+,60-70%,30-40%,NY,Purchase,Second Home,Single-Family
LN001000,2023-09-01,313524.65,7.216,800+,<60%,>50%,GA,Refinance-Rate-Term,Owner-Occupied,Single-Family
LN001001,2023-07-01,222331.71,6.061,600-649,80-90%,30-40%,MI,Purchase,Owner-Occupied,Single-Family
LN001002,2023-07-01,288486.34,4.437,650-699,70-80%,30-40%,FL,Refinance-Cashout,Owner-Occupied,Condo
LN001003,2024-12-01,208832.35,4.615,800+,90-95%,30-40%,TX,Purchase,Owner-Occupied,Single-Family
LN001004,2024-05-01,363716.91,5.545,750-799,80-90%,40-50%,NC,Purchase,Owner-Occupied,Multi-Unit
LN001005,2023-06-01,166179.33,8.314,800+,90-95%,30-40%,NY,Purchase,Second Home,Condo
LN001006,2022-02-01,406233.37,5.433,700-749,<60%,40-50%,NC,Purchase,Owner-Occupied,Single-Family
LN001007,2022-01-01,292669.48,5.763,700-749,60-70%,<30%,PA,Purchase,Owner-Occupied,Single-Family
LN001008,2022-05-01,255196.61,2.5,600-649,70-80%,40-50%,CA,Refinance-Cashout,Owner-Occupied,Single-Family
LN001009,2023-08-01,199530.29,5.386,750-799,60-70%,30-40%,FL,Purchase,Owner-Occupied,Single-Family
LN001010,2022-11-01,403065.78,2.909,750-799,70-80%,<30%,OH,Purchase,Investment,Single-Family
LN001011,2022-02-01,234813.79,4.27,600-649,80-90%,30-40%,NC,Purchase,Second Home,Single-Family
LN001012,2022-03-01,183275.14,5.07,650-699,>95%,<30%,GA,Refinance-Rate-Term,Owner-Occupied,Condo
LN001013,2023-11-01,405146.33,4.547,700-749,90-95%,40-50%,IL,Refinance-Rate-Term,Owner-Occupied,Single-Family
LN001014,2022-12-01,209569.42,4.046,750-799,70-80%,30-40%,GA,Refinance-Rate-Term,Investment,Single-Family
LN001015,2023-08-01,290551.77,4.059,600-649,70-80%,<30%,TX,Purchase,Owner-Occupied,Condo
LN001016,2022-05-01,381880.38,4.683,650-699,60-70%,30-40%,FL,Refinance-Rate-Term,Investment,Single-Family
LN001017,2024-06-01,315795.76,4.618,650-699,70-80%,30-40%,GA,Refinance-Rate-Term,Owner-Occupied,Single-Family
LN001018,2022-09-01,473085.15,5.03,650-699,90-95%,<30%,NC,Purchase,Owner-Occupied,Single-Family
LN001019,2024-10-01,216504.96,4.918,800+,<60%,30-40%,MI,Purchase,Owner-Occupied,Single-Family
LN001020,2024-11-01,278948.87,6.918,750-799,70-80%,40-50%,GA,Refinance-Rate-Term,Owner-Occupied,Single-Family
LN001021,2023-10-01,286682.19,2.5,750-799,90-95%,30-40%,NY,Purchase,Second Home,Single-Family
LN001022,2023-12-01,362123.5,5.367,750-799,60-70%,30-40%,PA,Purchase,Owner-Occupied,Single-Family
LN001023,2023-05-01,428862.31,5.107,700-749,>95%,30-40%,IL,Purchase,Owner-Occupied,Condo
LN001024,2022-10-01,307361.65,4.799,750-799,<60%,<30%,NY,Purchase,Investment,Single-Family
LN001025,2024-06-01,286233.62,3.941,800+,90-95%,40-50%,NC,Purchase,Owner-Occupied,Multi-Unit
LN001026,2023-11-01,151700.81,4.775,750-799,70-80%,>50%,MI,Refinance-Rate-Term,Owner-Occupied,Single-Family
LN001027,2024-08-01,311238.12,2.55,700-749,60-70%,30-40%,FL,Refinance-Cashout,Owner-Occupied,Condo
LN001028,2023-05-01,234970.0,5.31,750-799,60-70%,30-40%,CA,Purchase,Owner-Occupied,Single-Family
LN001029,2023-05-01,361843.63,5.582,800+,80-90%,30-40%,OH,Purchase,Owner-Occupied,Multi-Unit
LN001030,2023-02-01,259031.58,3.944,600-649,90-95%,40-50%,MI,Refinance-Rate-Term,Owner-Occupied,Single-Family
LN001031,2022-09-01,275936.19,7.911,650-699,70-80%,40-50%,GA,Refinance-Rate-Term,Owner-Occupied,Single-Family
LN001032,2022-02-01,153973.2,4.819,800+,90-95%,40-50%,FL,Purchase,Owner-Occupied,Single-Family
LN001033,2024-01-01,118854.79,5.066,800+,80-90%,30-40%,FL,Refinance-Rate-Term,Owner-Occupied,Single-Family
LN001034,2022-09-01,486098.7,7.004,700-749,<60%,40-50%,PA,Refinance-Rate-Term,Owner-Occupied,Single-Family
LN001035,2023-10-01,312968.39,8.213,700-749,80-90%,40-50%,TX,Purchase,Owner-Occupied,Condo
LN001036,2022-04-01,340433.55,3.315,650-699,70-80%,30-40%,PA,Purchase,Owner-Occupied,Single-Family
LN001037,2024-02-01,208770.5,4.134,700-749,70-80%,30-40%,IL,Purchase,Owner-Occupied,Single-Family
LN001038,2024-05-01,387552.36,4.846,800+,<60%,30-40%,OH,Refinance-Cashout,Owner-Occupied,Condo
LN001039,2024-10-01,369513.99,3.886,600-649,70-80%,40-50%,NC,Purchase,Owner-Occupied,Multi-Unit
LN001040,2023-11-01,219757.28,6.269,700-749,70-80%,>50%,NC,Purchase,Investment,Single-Family
LN001041,2022-11-01,194049.46,3.721,800+,60-70%,<30%,CA,Purchase,Owner-Occupied,Single-Family
LN001042,2022-06-01,226747.23,6.9,650-699,70-80%,30-40%,OH,Refinance-Cashout,Owner-Occupied,Single-Family
LN001043,2023-06-01,297171.74,5.935,750-799,90-95%,>50%,FL,Purchase,Owner-Occupied,Single-Family
LN001044,2023-09-01,316710.7,6.746,700-749,<60%,<30%,NY,Refinance-Rate-Term,Owner-Occupied,Single-Family
LN001045,2024-12-01,303839.4,3.727,750-799,80-90%,30-40%,TX,Refinance-Rate-Term,Investment,Single-Family
LN001046,2024-10-01,429873.01,4.425,800+,70-80%,<30%,CA,Refinance-Rate-Term,Owner-Occupied,Single-Family
LN001047,2023-05-01,228504.31,6.347,700-749,<60%,<30%,MI,Refinance-Cashout,Owner-Occupied,Single-Family
LN001048,2024-01-01,191333.8,6.075,750-799,80-90%,>50%,FL,Purchase,Owner-Occupied,Single-Family
LN001049,2022-12-01,300009.9,4.57,800+,60-70%,30-40%,MI,Refinance-Cashout,Owner-Occupied,Single-Family
LN001050,2023-11-01,130691.52,4.783,800+,70-80%,40-50%,NC,Refinance-Cashout,Owner-Occupied,Single-Family
LN001051,2023-10-01,369573.75,4.348,700-749,<60%,<30%,CA,Refinance-Cashout,Second Home,Single-Family
LN001052,2023-09-01,309796.33,4.743,700-749,70-80%,<30%,FL,Refinance-Rate-Term,Owner-Occupied,Single-Family
LN001053,2024-03-01,266196.2,3.552,650-699,70-80%,40-50%,IL,Refinance-Cashout,Owner-Occupied,Condo
LN001054,2024-07-01,260644.71,3.3,650-699,70-80%,30-40%,FL,Purchase,Owner-Occupied,Multi-Unit
LN001055,2022-06-01,390999.58,6.508,700-749,60-70%,<30%,NY,Purchase,Investment,Condo
LN001056,2024-03-01,387814.79,4.692,650-699,80-90%,>50%,NY,Purchase,Owner-Occupied,Single-Family
LN001057,2024-10-01,275362.81,6.727,750-799,90-95%,30-40%,CA,Purchase,Investment,Single-Family
LN001058,2022-12-01,359176.88,5.894,700-749,70-80%,30-40%,PA,Refinance-Rate-Term,Owner-Occupied,Multi-Unit
LN001059,2022-07-01,386337.05,5.468,750-799,60-70%,40-50%,OH,Purchase,Investment,Condo
LN001060,2022-10-01,333552.62,3.935,750-799,<60%,<30%,OH,Purchase,Second Home,Condo
LN001061,2023-05-01,279453.5,3.184,650-699,90-95%,30-40%,PA,Refinance-Rate-Term,Owner-Occupied,Single-Family
LN001062,2024-02-01,338116.77,4.315,700-749,<60%,40-50%,OH,Refinance-Cashout,Owner-Occupied,Single-Family
LN001063,2023-09-01,196091.34,7.298,750-799,<60%,30-40%,FL,Refinance-Rate-Term,Owner-Occupied,Condo
LN001064,2024-04-01,307110.56,6.333,650-699,70-80%,40-50%,IL,Refinance-Cashout,Owner-Occupied,Single-Family
LN001065,2022-02-01,276687.37,4.174,<600,80-90%,30-40%,OH,Purchase,Owner-Occupied,Single-Family
LN001066,2022-01-01,261013.44,4.332,750-799,70-80%,40-50%,MI,Refinance-Cashout,Owner-Occupied,Single-Family
LN001067,2024-12-01,127347.9,3.606,600-649,<60%,<30%,IL,Purchase,Owner-Occupied,Single-Family
LN001068,2024-02-01,197240.22,2.679,750-799,80-90%,>50%,MI,Refinance-Cashout,Owner-Occupied,Single-Family
LN001069,2024-05-01,251410.52,5.152,800+,70-80%,40-50%,TX,Purchase,Owner-Occupied,Single-Family
LN001070,2023-09-01,389503.92,7.588,700-749,80-90%,<30%,PA,Refinance-Cashout,Investment,Single-Family
LN001071,2022-11-01,328582.35,7.606,750-799,60-70%,>50%,OH,Refinance-Rate-Term,Owner-Occupied,Single-Family
LN001072,2022-11-01,393967.42,5.912,700-749,80-90%,30-40%,TX,Purchase,Owner-Occupied,Single-Family
LN001073,2024-12-01,424291.34,4.096,750-799,70-80%,40-50%,MI,Refinance-Rate-Term,Owner-Occupied,Single-Family
LN001074,2024-11-01,332930.91,2.826,750-799,70-80%,40-50%,GA,Refinance-Cashout,Owner-Occupied,Condo
LN001075,2024-10-01,314029.34,6.571,600-649,70-80%,<30%,IL,Refinance-Cashout,Owner-Occupied,Single-Family
LN001076,2023-12-01,202700.6,5.671,700-749,70-80%,<30%,GA,Purchase,Second Home,Single-Family
LN001077,2023-10-01,498667.13,4.526,700-749,70-80%,30-40%,FL,Purchase,Owner-Occupied,Single-Family
LN001078,2022-05-01,158215.59,4.275,<600,<60%,30-40%,TX,Purchase,Owner-Occupied,Single-Family
LN001079,2024-09-01,311873.41,5.901,800+,70-80%,30-40%,OH,Purchase,Owner-Occupied,Single-Family
LN001080,2024-12-01,383279.9,3.76,700-749,70-80%,30-40%,IL,Purchase,Owner-Occupied,Single-Family
LN001081,2023-08-01,384673.76,5.359,700-749,80-90%,<30%,IL,Refinance-Rate-Term,Owner-Occupied,Single-Family
LN001082,2023-07-01,184491.09,3.17,650-699,<60%,40-50%,GA,Purchase,Owner-Occupied,Single-Family
LN001083,2024-11-01,258009.7,8.343,700-749,90-95%,<30%,NC,Refinance-Rate-Term,Owner-Occupied,Single-Family
LN001084,2023-05-01,220104.52,3.969,750-799,70-80%,30-40%,GA,Purchase,Owner-Occupied,Single-Family
LN001085,2024-10-01,101956.58,5.973,700-749,70-80%,<30%,MI,Purchase,Owner-Occupied,Condo
LN001086,2022-09-01,313032.67,3.203,750-799,<60%,40-50%,TX,Purchase,Owner-Occupied,Single-Family
LN001087,2024-02-01,228238.46,4.755,750-799,80-90%,40-50%,MI,Refinance-Rate-Term,Owner-Occupied,Multi-Unit
LN001088,2022-02-01,450548.23,6.327,650-699,80-90%,<30%,OH,Refinance-Rate-Term,Second Home,Multi-Unit
LN001089,2022-09-01,361517.44,6.651,700-749,90-95%,40-50%,IL,Purchase,Owner-Occupied,Condo
LN001090,2022-09-01,304140.2,6.145,600-649,70-80%,40-50%,OH,Purchase,Owner-Occupied,Condo
LN001091,2023-05-01,252730.05,4.793,<600,70-80%,>50%,FL,Purchase,Owner-Occupied,Single-Family
LN001092,2022-01-01,311511.61,4.001,600-649,80-90%,30-40%,NY,Refinance-Cashout,Investment,Single-Family
LN001093,2024-01-01,274412.62,3.383,800+,80-90%,30-40%,OH,Refinance-Rate-Term,Owner-Occupied,Multi-Unit
LN001094,2024-01-01,306953.91,7.256,800+,90-95%,30-40%,TX,Refinance-Rate-Term,Second Home,Single-Family
LN001095,2024-11-01,490163.58,5.155,600-649,60-70%,30-40%,TX,Purchase,Owner-Occupied,Single-Family
LN001096,2022-03-01,193524.38,5.432,650-699,80-90%,40-50%,CA,Purchase,Second Home,Single-Family
LN001097,2024-06-01,283135.81,6.748,600-649,<60%,30-40%,CA,Purchase,Second Home,Single-Family
LN001098,2024-10-01,370638.84,5.88,750-799,70-80%,40-50%,CA,Purchase,Owner-Occupied,Single-Family
LN001099,2022-12-01,259985.92,4.809,700-749,60-70%,<30%,PA,Purchase,Investment,Single-Family
LN001100,2023-07-01,458054.18,6.117,700-749,80-90%,<30%,IL,Purchase,Second Home,Condo
LN001101,2023-05-01,367845.92,4.066,700-749,70-80%,>50%,MI,Purchase,Investment,Single-Family
LN001102,2022-10-01,228110.96,2.673,750-799,<60%,>50%,GA,Purchase,Second Home,Single-Family
LN001103,2022-12-01,320406.87,7.118,650-699,70-80%,40-50%,IL,Purchase,Owner-Occupied,Single-Family
LN001104,2023-04-01,229539.13,4.191,600-649,70-80%,30-40%,CA,Purchase,Investment,Single-Family
LN001105,2023-12-01,220334.17,4.544,<600,60-70%,>50%,GA,Refinance-Rate-Term,Owner-Occupied,Single-Family
LN001106,2023-07-01,285980.2,4.676,700-749,<60%,30-40%,PA,Refinance-Rate-Term,Owner-Occupied,Single-Family
LN001107,2022-08-01,426376.12,4.097,800+,70-80%,40-50%,GA,Purchase,Owner-Occupied,Condo
LN001108,2024-07-01,374544.5,6.652,650-699,80-90%,<30%,TX,Refinance-Cashout,Owner-Occupied,Single-Family
LN001109,2023-09-01,297742.24,5.562,650-699,70-80%,40-50%,MI,Refinance-Cashout,Owner-Occupied,Single-Family
LN001110,2023-05-01,378118.62,4.544,800+,70-80%,40-50%,GA,Purchase,Owner-Occupied,Condo
LN001111,2023-11-01,326861.87,3.086,600-649,90-95%,40-50%,PA,Purchase,Second Home,Single-Family
LN001112,2023-04-01,183010.7,5.456,600-649,<60%,40-50%,CA,Refinance-Cashout,Owner-Occupied,Single-Family
LN001113,2022-06-01,285486.24,2.5,750-799,80-90%,>50%,CA,Refinance-Cashout,Owner-Occupied,Condo
LN001114,2022-08-01,292684.04,5.349,750-799,70-80%,30-40%,MI,Purchase,Owner-Occupied,Single-Family
LN001115,2024-01-01,376169.03,7.015,700-749,90-95%,40-50%,IL,Purchase,Owner-Occupied,Single-Family
LN001116,2023-06-01,243352.95,5.097,750-799,70-80%,30-40%,OH,Refinance-Cashout,Owner-Occupied,Single-Family
LN001117,2024-01-01,208733.54,6.809,750-799,80-90%,<30%,NY,Purchase,Owner-Occupied,Single-Family
LN001118,2022-12-01,295445.3,3.156,<600,<60%,40-50%,MI,Refinance-Cashout,Owner-Occupied,Single-Family
LN001119,2023-03-01,235457.55,8.058,750-799,90-95%,40-50%,IL,Purchase,Owner-Occupied,Single-Family
LN001120,2024-02-01,267649.08,6.646,700-749,70-80%,<30%,MI,Refinance-Cashout,Owner-Occupied,Single-Family
LN001121,2024-02-01,291912.04,5.714,800+,70-80%,<30%,FL,Purchase,Owner-Occupied,Single-Family
LN001122,2024-08-01,261695.58,4.102,800+,60-70%,<30%,TX,Purchase,Owner-Occupied,Single-Family
LN001123,2022-10-01,396318.27,3.853,700-749,90-95%,40-50%,TX,Refinance-Cashout,Owner-Occupied,Condo
LN001124,2023-04-01,441429.51,4.894,700-749,80-90%,30-40%,IL,Purchase,Owner-Occupied,Condo
LN001125,2022-07-01,386291.07,6.804,600-649,<60%,30-40%,NY,Purchase,Owner-Occupied,Single-Family
LN001126,2023-05-01,122880.28,3.027,600-649,60-70%,<30%,TX,Refinance-Cashout,Owner-Occupied,Single-Family
LN001127,2023-11-01,235802.63,5.016,700-749,70-80%,30-40%,IL,Purchase,Owner-Occupied,Single-Family
LN001128,2024-02-01,282134.79,6.101,750-799,60-70%,40-50%,MI,Purchase,Investment,Single-Family
LN001129,2023-09-01,115372.67,6.394,700-749,70-80%,>50%,NC,Purchase,Owner-Occupied,Single-Family
LN001130,2023-10-01,212410.83,6.097,700-749,>95%,30-40%,GA,Refinance-Rate-Term,Owner-Occupied,Single-Family
LN001131,2022-07-01,280857.0,2.874,750-799,80-90%,30-40%,NC,Refinance-Rate-Term,Owner-Occupied,Condo
LN001132,2023-02-01,255102.59,6.698,750-799,90-95%,40-50%,NC,Refinance-Cashout,Owner-Occupied,Single-Family
LN001133,2023-03-01,300865.02,5.101,750-799,70-80%,40-50%,GA,Purchase,Owner-Occupied,Single-Family
LN001134,2022-07-01,161917.16,3.372,600-649,80-90%,30-40%,NC,Purchase,Owner-Occupied,Single-Family
LN001135,2022-09-01,253971.76,4.964,750-799,70-80%,<30%,NY,Purchase,Second Home,Condo
LN001136,2022-08-01,315190.98,2.5,800+,70-80%,>50%,GA,Refinance-Cashout,Owner-Occupied,Single-Family
LN001137,2023-11-01,301020.15,5.867,600-649,70-80%,40-50%,TX,Refinance-Rate-Term,Owner-Occupied,Condo
LN001138,2024-05-01,344689.36,4.808,700-749,70-80%,>50%,NC,Refinance-Cashout,Owner-Occupied,Single-Family
LN001139,2023-06-01,338857.44,3.095,800+,>95%,30-40%,NC,Refinance-Cashout,Owner-Occupied,Condo
LN001140,2024-07-01,259289.3,4.565,700-749,70-80%,40-50%,FL,Purchase,Owner-Occupied,Single-Family
LN001141,2024-06-01,312011.89,3.939,700-749,80-90%,40-50%,PA,Purchase,Investment,Single-Family
LN001142,2024-11-01,220000.69,4.035,650-699,80-90%,40-50%,OH,Refinance-Rate-Term,Owner-Occupied,Condo
LN001143,2023-06-01,272977.17,2.5,700-749,70-80%,>50%,FL,Purchase,Owner-Occupied,Single-Family
LN001144,2023-05-01,194438.25,2.5,700-749,70-80%,<30%,IL,Purchase,Owner-Occupied,Single-Family
LN001145,2023-02-01,406542.44,4.655,600-649,70-80%,40-50%,CA,Refinance-Cashout,Owner-Occupied,Multi-Unit
LN001146,2024-07-01,272650.57,4.397,700-749,60-70%,30-40%,FL,Purchase,Owner-Occupied,Single-Family
LN001147,2023-12-01,406394.34,6.461,650-699,80-90%,40-50%,GA,Purchase,Owner-Occupied,Single-Family
LN001148,2024-11-01,331149.61,4.052,750-799,90-95%,40-50%,FL,Purchase,Investment,Single-Family
LN001149,2024-10-01,211433.77,4.21,800+,60-70%,40-50%,GA,Refinance-Rate-Term,Owner-Occupied,Single-Family
LN001150,2022-03-01,325110.66,4.28,700-749,90-95%,30-40%,NC,Purchase,Investment,Single-Family
LN001151,2024-02-01,380971.83,4.704,700-749,60-70%,<30%,PA,Refinance-Rate-Term,Owner-Occupied,Single-Family
LN001152,2023-11-01,292241.92,5.137,700-749,70-80%,<30%,OH,Purchase,Owner-Occupied,Single-Family
LN001153,2023-03-01,307402.94,4.391,600-649,70-80%,30-40%,PA,Refinance-Cashout,Investment,Single-Family
LN001154,2022-04-01,244854.27,5.857,800+,60-70%,30-40%,GA,Purchase,Owner-Occupied,Single-Family
LN001155,2024-05-01,302410.32,8.45,600-649,<60%,>50%,OH,Refinance-Cashout,Owner-Occupied,Single-Family
LN001156,2023-10-01,323789.82,3.762,600-649,70-80%,30-40%,MI,Purchase,Owner-Occupied,Single-Family
LN001157,2024-01-01,242118.42,5.588,700-749,<60%,30-40%,CA,Refinance-Cashout,Investment,Single-Family
LN001158,2023-01-01,192070.41,5.044,750-799,60-70%,40-50%,FL,Refinance-Cashout,Owner-Occupied,Single-Family
LN001159,2023-06-01,428797.05,6.571,700-749,60-70%,40-50%,FL,Purchase,Owner-Occupied,Single-Family
LN001160,2024-09-01,360412.05,5.304,650-699,<60%,30-40%,FL,Purchase,Owner-Occupied,Condo
LN001161,2023-04-01,245234.19,3.91,750-799,60-70%,<30%,NY,Purchase,Owner-Occupied,Single-Family
LN001162,2022-02-01,321965.73,3.252,700-749,70-80%,30-40%,CA,Refinance-Rate-Term,Owner-Occupied,Single-Family
LN001163,2024-11-01,152142.13,5.916,650-699,80-90%,30-40%,TX,Purchase,Investment,Single-Family
LN001164,2024-10-01,102292.9,3.374,700-749,60-70%,40-50%,IL,Purchase,Owner-Occupied,Single-Family
LN001165,2024-06-01,408413.31,6.776,650-699,<60%,40-50%,PA,Refinance-Rate-Term,Owner-Occupied,Single-Family
LN001166,2023-01-01,322955.11,5.83,700-749,80-90%,40-50%,NC,Refinance-Rate-Term,Owner-Occupied,Condo
LN001167,2023-01-01,295229.75,5.13,750-799,<60%,40-50%,TX,Purchase,Owner-Occupied,Single-Family
LN001168,2023-06-01,323265.72,3.032,750-799,80-90%,40-50%,NC,Purchase,Owner-Occupied,Single-Family
LN001169,2024-08-01,622613.17,6.013,650-699,60-70%,>50%,OH,Purchase,Owner-Occupied,Single-Family
LN001170,2024-08-01,386909.53,7.425,650-699,60-70%,40-50%,NC,Purchase,Owner-Occupied,Multi-Unit
LN001171,2024-11-01,195455.97,4.362,<600,60-70%,<30%,NY,Purchase,Owner-Occupied,Condo
LN001172,2024-05-01,131962.36,3.887,650-699,60-70%,<30%,OH,Refinance-Cashout,Investment,Single-Family
LN001173,2024-05-01,405453.58,4.862,<600,80-90%,30-40%,CA,Purchase,Owner-Occupied,Multi-Unit
LN001174,2023-04-01,385609.59,5.7,650-699,60-70%,40-50%,GA,Purchase,Owner-Occupied,Single-Family
LN001175,2022-10-01,357506.08,4.203,600-649,>95%,40-50%,OH,Purchase,Investment,Single-Family
LN001176,2024-06-01,218712.1,6.349,700-749,70-80%,30-40%,OH,Refinance-Cashout,Owner-Occupied,Single-Family
LN001177,2024-01-01,336328.54,7.866,700-749,90-95%,40-50%,TX,Purchase,Owner-Occupied,Condo
LN001178,2023-08-01,227665.48,5.495,600-649,60-70%,30-40%,MI,Refinance-Cashout,Owner-Occupied,Single-Family
LN001179,2022-05-01,366278.19,4.513,700-749,60-70%,>50%,NC,Purchase,Owner-Occupied,Single-Family
LN001180,2022-01-01,398265.69,5.66,650-699,70-80%,30-40%,GA,Purchase,Owner-Occupied,Single-Family
LN001181,2024-06-01,245652.72,6.766,750-799,<60%,<30%,CA,Refinance-Rate-Term,Owner-Occupied,Single-Family
LN001182,2022-03-01,413181.02,5.239,700-749,80-90%,<30%,CA,Purchase,Owner-Occupied,Single-Family
LN001183,2023-02-01,311485.24,5.728,600-649,70-80%,<30%,IL,Refinance-Rate-Term,Owner-Occupied,Single-Family
LN001184,2024-06-01,349187.32,6.057,650-699,80-90%,<30%,TX,Refinance-Cashout,Owner-Occupied,Single-Family
LN001185,2022-04-01,169036.66,3.687,650-699,60-70%,40-50%,CA,Purchase,Owner-Occupied,Single-Family
LN001186,2023-06-01,323221.45,5.689,750-799,70-80%,<30%,MI,Refinance-Rate-Term,Owner-Occupied,Single-Family
LN001187,2024-01-01,232441.56,2.987,800+,70-80%,40-50%,GA,Refinance-Rate-Term,Second Home,Single-Family
LN001188,2022-01-01,347463.35,4.012,<600,80-90%,30-40%,NY,Refinance-Cashout,Owner-Occupied,Single-Family
LN001189,2023-03-01,446716.27,6.718,750-799,70-80%,<30%,TX,Purchase,Owner-Occupied,Single-Family
LN001190,2022-09-01,328952.02,6.307,650-699,90-95%,40-50%,IL,Purchase,Owner-Occupied,Condo
LN001191,2023-03-01,209914.51,4.595,600-649,>95%,30-40%,PA,Purchase,Second Home,Condo
LN001192,2023-12-01,362646.61,7.559,<600,90-95%,30-40%,GA,Refinance-Cashout,Owner-Occupied,Condo
LN001193,2022-04-01,340178.87,3.035,750-799,70-80%,30-40%,OH,Purchase,Owner-Occupied,Single-Family
LN001194,2022-12-01,505860.17,4.692,700-749,70-80%,<30%,OH,Purchase,Owner-Occupied,Single-Family
LN001195,2022-06-01,325396.8,5.413,800+,<60%,30-40%,CA,Purchase,Second Home,Condo
LN001196,2023-12-01,241452.5,2.5,700-749,90-95%,30-40%,FL,Refinance-Rate-Term,Owner-Occupied,Single-Family
LN001197,2022-11-01,377064.12,4.764,650-699,>95%,<30%,FL,Purchase,Owner-Occupied,Multi-Unit
LN001198,2023-01-01,287232.19,3.313,750-799,<60%,30-40%,OH,Purchase,Owner-Occupied,Condo
LN001199,2024-10-01,308025.1,3.347,800+,70-80%,40-50%,TX,Refinance-Rate-Term,Owner-Occupied,Single-Family
LN001200,2024-01-01,207152.4,4.592,750-799,90-95%,30-40%,MI,Purchase,Investment,Single-Family
LN001201,2022-07-01,287756.52,2.5,750-799,<60%,>50%,OH,Purchase,Second Home,Single-Family
LN001202,2022-04-01,303080.47,3.788,650-699,60-70%,<30%,NC,Purchase,Owner-Occupied,Single-Family
LN001203,2022-08-01,287165.13,2.5,600-649,>95%,40-50%,CA,Purchase,Second Home,Condo
LN001204,2023-08-01,240911.26,5.186,650-699,80-90%,40-50%,TX,Purchase,Owner-Occupied,Single-Family
LN001205,2024-05-01,328822.91,5.157,700-749,90-95%,30-40%,PA,Purchase,Owner-Occupied,Condo
LN001206,2022-10-01,207652.76,4.477,800+,60-70%,>50%,TX,Purchase,Owner-Occupied,Single-Family
LN001207,2024-10-01,184100.54,6.495,750-799,60-70%,30-40%,TX,Refinance-Rate-Term,Owner-Occupied,Single-Family
LN001208,2024-02-01,370953.62,4.556,750-799,70-80%,<30%,IL,Purchase,Investment,Single-Family
LN001209,2022-03-01,361775.02,4.965,650-699,70-80%,30-40%,OH,Purchase,Second Home,Single-Family
LN001210,2022-06-01,169239.55,3.641,750-799,70-80%,>50%,NY,Purchase,Investment,Single-Family
LN001211,2022-05-01,117044.5,2.5,750-799,90-95%,40-50%,PA,Purchase,Owner-Occupied,Single-Family
LN001212,2022-05-01,199125.8,4.782,700-749,90-95%,30-40%,FL,Refinance-Cashout,Owner-Occupied,Single-Family
LN001213,2023-11-01,287170.1,4.586,700-749,70-80%,30-40%,NY,Purchase,Owner-Occupied,Multi-Unit
LN001214,2022-09-01,415434.96,7.565,750-799,60-70%,<30%,NY,Purchase,Owner-Occupied,Single-Family
LN001215,2024-11-01,284725.54,6.001,700-749,60-70%,30-40%,NY,Refinance-Cashout,Owner-Occupied,Single-Family
LN001216,2023-08-01,223063.9,4.38,800+,70-80%,30-40%,CA,Refinance-Rate-Term,Owner-Occupied,Single-Family
LN001217,2024-11-01,314858.62,5.212,700-749,60-70%,30-40%,NY,Refinance-Rate-Term,Owner-Occupied,Single-Family
LN001218,2023-06-01,288598.39,6.361,650-699,70-80%,30-40%,NY,Refinance-Rate-Term,Owner-Occupied,Single-Family
LN001219,2023-05-01,161899.27,5.775,700-749,70-80%,>50%,PA,Purchase,Owner-Occupied,Condo
LN001220,2023-12-01,162493.71,7.503,650-699,90-95%,30-40%,NC,Refinance-Cashout,Owner-Occupied,Single-Family
LN001221,2022-03-01,165180.25,3.816,700-749,70-80%,40-50%,MI,Refinance-Cashout,Owner-Occupied,Single-Family
LN001222,2024-08-01,547985.15,6.463,600-649,70-80%,30-40%,PA,Purchase,Owner-Occupied,Single-Family
LN001223,2024-11-01,385998.14,4.366,800+,80-90%,>50%,PA,Refinance-Cashout,Investment,Single-Family
LN001224,2023-01-01,240628.39,5.29,750-799,70-80%,<30%,OH,Purchase,Owner-Occupied,Single-Family
LN001225,2024-01-01,410826.68,4.163,650-699,>95%,30-40%,OH,Refinance-Rate-Term,Owner-Occupied,Single-Family
LN001226,2022-09-01,243194.37,4.787,650-699,70-80%,40-50%,CA,Purchase,Owner-Occupied,Single-Family
LN001227,2022-04-01,407518.04,5.317,700-749,90-95%,40-50%,GA,Purchase,Owner-Occupied,Condo
LN001228,2023-02-01,308030.65,5.89,750-799,60-70%,<30%,CA,Purchase,Owner-Occupied,Single-Family
LN001229,2024-10-01,234114.88,5.092,650-699,70-80%,30-40%,NC,Purchase,Investment,Single-Family
LN001230,2022-11-01,367982.03,2.5,600-649,70-80%,40-50%,NY,Purchase,Owner-Occupied,Single-Family
LN001231,2022-03-01,313751.96,4.885,700-749,>95%,30-40%,NC,Purchase,Owner-Occupied,Condo
LN001232,2024-04-01,339826.78,7.206,750-799,60-70%,40-50%,GA,Refinance-Rate-Term,Owner-Occupied,Single-Family
LN001233,2024-05-01,321550.7,4.873,650-699,60-70%,30-40%,NC,Refinance-Cashout,Owner-Occupied,Single-Family
LN001234,2022-09-01,320501.48,7.248,750-799,70-80%,30-40%,PA,Purchase,Owner-Occupied,Single-Family
LN001235,2022-03-01,380055.39,4.82,800+,60-70%,<30%,NC,Refinance-Cashout,Owner-Occupied,Single-Family
LN001236,2024-01-01,558380.68,2.642,600-649,70-80%,<30%,NY,Purchase,Owner-Occupied,Single-Family
LN001237,2024-10-01,424879.19,4.351,700-749,>95%,40-50%,FL,Refinance-Cashout,Owner-Occupied,Single-Family
LN001238,2022-12-01,321964.52,4.162,600-649,90-95%,30-40%,FL,Purchase,Investment,Condo
LN001239,2022-09-01,268939.31,4.656,650-699,60-70%,30-40%,GA,Refinance-Cashout,Owner-Occupied,Condo
LN001240,2023-03-01,279926.51,3.222,600-649,60-70%,30-40%,TX,Refinance-Rate-Term,Owner-Occupied,Single-Family
LN001241,2024-01-01,174387.07,4.987,700-749,70-80%,<30%,PA,Purchase,Owner-Occupied,Single-Family
LN001242,2022-05-01,366454.35,4.508,750-799,70-80%,30-40%,NC,Purchase,Owner-Occupied,Single-Family
LN001243,2022-11-01,198507.73,6.932,700-749,80-90%,30-40%,NC,Refinance-Cashout,Owner-Occupied,Single-Family
LN001244,2024-10-01,262754.57,3.185,650-699,80-90%,40-50%,GA,Refinance-Cashout,Owner-Occupied,Condo
LN001245,2023-12-01,367034.87,5.369,<600,70-80%,>50%,GA,Purchase,Owner-Occupied,Single-Family
LN001246,2023-03-01,276267.47,5.617,700-749,60-70%,40-50%,CA,Purchase,Investment,Condo
LN001247,2022-08-01,250771.2,6.162,600-649,80-90%,30-40%,OH,Refinance-Rate-Term,Owner-Occupied,Single-Family
LN001248,2022-05-01,180251.93,4.455,650-699,<60%,40-50%,CA,Refinance-Cashout,Second Home,Single-Family
LN001249,2024-02-01,420532.67,5.331,700-749,<60%,>50%,NC,Purchase,Investment,Multi-Unit
LN001250,2023-06-01,216677.81,5.53,800+,80-90%,30-40%,FL,Refinance-Cashout,Owner-Occupied,Single-Family
LN001251,2022-06-01,241412.42,2.527,600-649,70-80%,40-50%,CA,Purchase,Owner-Occupied,Single-Family
LN001252,2023-01-01,120827.06,4.508,750-799,80-90%,40-50%,GA,Refinance-Cashout,Second Home,Single-Family
LN001253,2024-04-01,298013.9,4.951,<600,70-80%,40-50%,OH,Refinance-Rate-Term,Owner-Occupied,Single-Family
LN001254,2022-05-01,266670.51,5.127,700-749,<60%,40-50%,TX,Purchase,Owner-Occupied,Single-Family
LN001255,2023-01-01,318185.79,5.109,700-749,70-80%,40-50%,OH,Purchase,Owner-Occupied,Condo
LN001256,2023-05-01,182536.83,5.656,750-799,70-80%,40-50%,IL,Refinance-Rate-Term,Owner-Occupied,Multi-Unit
LN001257,2024-08-01,373418.08,7.906,700-749,60-70%,40-50%,OH,Purchase,Owner-Occupied,Condo
LN001258,2024-05-01,116078.94,4.107,700-749,80-90%,30-40%,MI,Refinance-Cashout,Owner-Occupied,Single-Family
LN001259,2022-03-01,290782.25,5.572,650-699,80-90%,40-50%,OH,Refinance-Rate-Term,Owner-Occupied,Multi-Unit
LN001260,2024-10-01,311548.83,6.952,600-649,70-80%,<30%,TX,Purchase,Second Home,Single-Family
LN001261,2024-03-01,305777.4,2.5,700-749,90-95%,40-50%,TX,Refinance-Cashout,Owner-Occupied,Single-Family
LN001262,2023-01-01,315775.49,5.402,750-799,90-95%,30-40%,OH,Purchase,Owner-Occupied,Single-Family
LN001263,2024-09-01,378867.17,2.5,700-749,90-95%,30-40%,FL,Refinance-Cashout,Owner-Occupied,Single-Family
LN001264,2022-06-01,432469.87,8.278,750-799,80-90%,40-50%,NY,Refinance-Cashout,Owner-Occupied,Single-Family
LN001265,2023-12-01,284439.21,5.783,650-699,70-80%,40-50%,OH,Refinance-Cashout,Owner-Occupied,Single-Family
LN001266,2023-07-01,203215.74,5.581,700-749,70-80%,30-40%,TX,Purchase,Owner-Occupied,Single-Family
LN001267,2023-04-01,356071.73,2.5,650-699,80-90%,30-40%,TX,Purchase,Second Home,Multi-Unit
LN001268,2024-04-01,271976.06,4.243,600-649,60-70%,>50%,NC,Purchase,Owner-Occupied,Single-Family
LN001269,2024-09-01,426461.97,4.25,700-749,80-90%,<30%,CA,Purchase,Owner-Occupied,Single-Family
LN001270,2023-01-01,239803.34,7.65,750-799,70-80%,<30%,FL,Purchase,Owner-Occupied,Multi-Unit
LN001271,2024-01-01,214198.91,6.094,700-749,<60%,40-50%,MI,Refinance-Cashout,Investment,Single-Family
LN001272,2024-12-01,314379.38,2.521,750-799,70-80%,40-50%,NY,Purchase,Owner-Occupied,Multi-Unit
LN001273,2024-03-01,125958.22,5.704,750-799,<60%,40-50%,IL,Purchase,Investment,Condo
LN001274,2022-07-01,253257.13,2.746,650-699,<60%,40-50%,FL,Purchase,Owner-Occupied,Single-Family
LN001275,2022-05-01,267015.94,2.556,750-799,90-95%,40-50%,NC,Purchase,Owner-Occupied,Single-Family
LN001276,2024-07-01,322047.23,5.68,650-699,70-80%,>50%,IL,Refinance-Rate-Term,Second Home,Single-Family
LN001277,2023-11-01,200372.79,6.117,650-699,70-80%,40-50%,OH,Purchase,Owner-Occupied,Single-Family
LN001278,2022-10-01,212049.95,5.688,650-699,70-80%,30-40%,OH,Purchase,Owner-Occupied,Single-Family
LN001279,2024-08-01,415691.37,7.819,650-699,70-80%,30-40%,NC,Purchase,Owner-Occupied,Single-Family
LN001280,2024-06-01,298653.85,5.553,750-799,60-70%,40-50%,TX,Purchase,Second Home,Single-Family
LN001281,2024-07-01,386463.72,5.255,750-799,80-90%,30-40%,FL,Purchase,Owner-Occupied,Single-Family
LN001282,2023-06-01,245821.26,3.176,650-699,80-90%,<30%,NY,Refinance-Cashout,Owner-Occupied,Single-Family
LN001283,2024-12-01,294554.9,6.286,600-649,90-95%,30-40%,GA,Refinance-Cashout,Investment,Multi-Unit
LN001284,2022-02-01,321453.44,2.523,650-699,60-70%,40-50%,CA,Purchase,Owner-Occupied,Single-Family
LN001285,2023-02-01,474755.49,8.031,750-799,70-80%,30-40%,NC,Purchase,Owner-Occupied,Multi-Unit
LN001286,2023-01-01,278238.18,6.306,700-749,80-90%,40-50%,IL,Refinance-Cashout,Owner-Occupied,Single-Family
LN001287,2024-05-01,283373.11,9.0,700-749,60-70%,40-50%,NY,Purchase,Owner-Occupied,Single-Family
LN001288,2022-12-01,409815.3,5.584,750-799,<60%,30-40%,GA,Purchase,Second Home,Single-Family
LN001289,2022-02-01,262018.86,6.38,700-749,80-90%,30-40%,NC,Purchase,Owner-Occupied,Multi-Unit
LN001290,2024-08-01,328462.92,4.584,800+,80-90%,30-40%,FL,Refinance-Rate-Term,Owner-Occupied,Single-Family
LN001291,2023-01-01,401095.92,4.935,650-699,70-80%,30-40%,NY,Refinance-Cashout,Owner-Occupied,Single-Family
LN001292,2024-03-01,242415.81,3.423,800+,60-70%,40-50%,CA,Purchase,Owner-Occupied,Single-Family
LN001293,2023-05-01,334046.24,2.828,650-699,70-80%,40-50%,FL,Purchase,Owner-Occupied,Single-Family
LN001294,2024-07-01,474555.07,5.284,600-649,70-80%,30-40%,MI,Refinance-Rate-Term,Owner-Occupied,Single-Family
LN001295,2024-10-01,392131.8,4.926,750-799,70-80%,<30%,IL,Refinance-Cashout,Owner-Occupied,Single-Family
LN001296,2023-12-01,328493.31,3.386,750-799,70-80%,40-50%,GA,Refinance-Cashout,Owner-Occupied,Condo
LN001297,2024-11-01,277567.87,3.652,750-799,70-80%,30-40%,CA,Refinance-Rate-Term,Second Home,Single-Family
LN001298,2022-06-01,239568.17,5.049,650-699,80-90%,<30%,CA,Refinance-Cashout,Owner-Occupied,Single-Family
LN001299,2023-07-01,201181.41,3.36,800+,80-90%,30-40%,FL,Purchase,Owner-Occupied,Condo
LN001300,2024-06-01,450962.4,5.535,600-649,70-80%,40-50%,NC,Purchase,Owner-Occupied,Single-Family
LN001301,2022-07-01,431547.1,3.407,<600,60-70%,40-50%,NC,Purchase,Owner-Occupied,Multi-Unit
LN001302,2022-10-01,234288.55,5.384,650-699,70-80%,>50%,CA,Purchase,Owner-Occupied,Single-Family
LN001303,2024-08-01,333768.7,3.274,750-799,<60%,<30%,NY,Refinance-Rate-Term,Owner-Occupied,Single-Family
LN001304,2024-10-01,311132.65,3.28,750-799,70-80%,30-40%,GA,Refinance-Cashout,Owner-Occupied,Single-Family
LN001305,2024-04-01,418441.55,2.5,700-749,>95%,40-50%,TX,Refinance-Rate-Term,Owner-Occupied,Multi-Unit
LN001306,2023-03-01,338280.12,4.76,650-699,70-80%,40-50%,NY,Refinance-Rate-Term,Owner-Occupied,Condo
LN001307,2024-06-01,297718.12,7.181,600-649,60-70%,30-40%,OH,Purchase,Owner-Occupied,Condo
LN001308,2024-05-01,245831.44,7.096,650-699,70-80%,30-40%,OH,Refinance-Rate-Term,Owner-Occupied,Single-Family
LN001309,2023-10-01,334086.78,5.486,700-749,<60%,30-40%,IL,Purchase,Owner-Occupied,Multi-Unit
LN001310,2022-04-01,265181.74,2.5,750-799,60-70%,40-50%,OH,Refinance-Rate-Term,Owner-Occupied,Multi-Unit
LN001311,2023-08-01,322068.49,6.266,700-749,70-80%,30-40%,PA,Purchase,Owner-Occupied,Single-Family
LN001312,2024-08-01,292402.89,5.338,800+,70-80%,>50%,TX,Purchase,Owner-Occupied,Single-Family
LN001313,2024-12-01,262750.81,4.39,600-649,60-70%,30-40%,NC,Purchase,Owner-Occupied,Multi-Unit
LN001314,2022-04-01,202725.92,6.811,650-699,60-70%,30-40%,IL,Purchase,Owner-Occupied,Single-Family
LN001315,2024-03-01,351419.53,5.923,700-749,80-90%,30-40%,TX,Purchase,Owner-Occupied,Single-Family
LN001316,2023-05-01,304257.03,7.942,750-799,70-80%,<30%,PA,Purchase,Owner-Occupied,Condo
LN001317,2022-12-01,478742.09,2.892,700-749,80-90%,40-50%,MI,Purchase,Owner-Occupied,Single-Family
LN001318,2023-10-01,196765.52,3.009,800+,60-70%,40-50%,IL,Refinance-Rate-Term,Owner-Occupied,Multi-Unit
LN001319,2023-05-01,362529.82,3.262,700-749,80-90%,<30%,TX,Refinance-Rate-Term,Investment,Single-Family
LN001320,2022-10-01,291735.35,4.572,<600,70-80%,30-40%,MI,Refinance-Cashout,Owner-Occupied,Single-Family
LN001321,2022-01-01,509975.84,7.382,600-649,70-80%,40-50%,MI,Refinance-Rate-Term,Owner-Occupied,Single-Family
LN001322,2023-10-01,354897.19,4.065,750-799,70-80%,30-40%,OH,Purchase,Owner-Occupied,Single-Family
LN001323,2024-02-01,332468.86,4.097,750-799,70-80%,30-40%,MI,Refinance-Rate-Term,Owner-Occupied,Single-Family
LN001324,2023-06-01,291989.76,5.626,650-699,70-80%,30-40%,TX,Purchase,Owner-Occupied,Single-Family
LN001325,2023-02-01,229687.89,6.265,600-649,<60%,30-40%,OH,Purchase,Owner-Occupied,Single-Family
LN001326,2024-05-01,331139.28,2.5,700-749,80-90%,30-40%,PA,Refinance-Rate-Term,Owner-Occupied,Single-Family
LN001327,2022-12-01,161769.74,6.56,700-749,60-70%,<30%,NY,Purchase,Owner-Occupied,Multi-Unit
LN001328,2024-12-01,166371.59,4.017,600-649,70-80%,30-40%,NY,Purchase,Owner-Occupied,Single-Family
LN001329,2024-11-01,401243.84,4.846,700-749,70-80%,>50%,PA,Refinance-Rate-Term,Owner-Occupied,Single-Family
LN001330,2022-12-01,123787.59,7.127,650-699,70-80%,<30%,NC,Refinance-Rate-Term,Owner-Occupied,Single-Family
LN001331,2022-07-01,268042.64,4.675,800+,90-95%,<30%,MI,Refinance-Rate-Term,Owner-Occupied,Single-Family
LN001332,2024-05-01,195087.35,2.702,650-699,>95%,40-50%,PA,Purchase,Owner-Occupied,Single-Family
LN001333,2022-11-01,259752.93,2.789,750-799,<60%,<30%,PA,Refinance-Cashout,Owner-Occupied,Condo
LN001334,2024-09-01,318454.53,4.956,700-749,70-80%,30-40%,CA,Refinance-Rate-Term,Owner-Occupied,Condo
LN001335,2022-06-01,398455.53,4.498,<600,80-90%,30-40%,IL,Refinance-Cashout,Owner-Occupied,Single-Family
LN001336,2023-03-01,421763.36,5.089,700-749,70-80%,>50%,CA,Refinance-Rate-Term,Owner-Occupied,Multi-Unit
LN001337,2024-08-01,208104.68,4.398,600-649,70-80%,<30%,NC,Purchase,Owner-Occupied,Condo
LN001338,2022-11-01,253403.81,6.862,750-799,>95%,>50%,MI,Purchase,Owner-Occupied,Single-Family
LN001339,2023-11-01,705255.01,5.037,700-749,70-80%,40-50%,NY,Refinance-Rate-Term,Second Home,Single-Family
LN001340,2024-02-01,274998.53,2.5,<600,60-70%,40-50%,TX,Refinance-Rate-Term,Owner-Occupied,Multi-Unit
LN001341,2024-10-01,211778.92,6.225,650-699,80-90%,40-50%,NC,Purchase,Owner-Occupied,Multi-Unit
LN001342,2024-10-01,228419.92,7.859,750-799,>95%,<30%,PA,Refinance-Rate-Term,Owner-Occupied,Single-Family
LN001343,2024-05-01,275586.01,5.232,650-699,80-90%,<30%,MI,Purchase,Owner-Occupied,Single-Family
LN001344,2022-04-01,260726.26,5.349,700-749,70-80%,30-40%,FL,Purchase,Owner-Occupied,Single-Family
LN001345,2023-05-01,276562.99,3.83,650-699,90-95%,<30%,TX,Purchase,Owner-Occupied,Single-Family
LN001346,2024-11-01,297857.34,4.636,800+,>95%,>50%,PA,Purchase,Investment,Condo
LN001347,2023-01-01,297159.21,5.754,700-749,90-95%,30-40%,MI,Purchase,Owner-Occupied,Multi-Unit
LN001348,2023-03-01,204451.35,6.698,750-799,70-80%,30-40%,PA,Refinance-Rate-Term,Owner-Occupied,Single-Family
LN001349,2024-05-01,336933.1,5.669,600-649,80-90%,40-50%,NC,Purchase,Owner-Occupied,Single-Family
LN001350,2024-05-01,312104.69,7.727,<600,80-90%,>50%,IL,Purchase,Second Home,Condo
LN001351,2022-11-01,349658.17,5.148,650-699,60-70%,>50%,NC,Refinance-Cashout,Investment,Single-Family
LN001352,2024-08-01,128554.59,3.317,650-699,70-80%,40-50%,IL,Purchase,Investment,Single-Family
LN001353,2022-02-01,315684.42,3.36,750-799,80-90%,30-40%,TX,Refinance-Rate-Term,Owner-Occupied,Single-Family
LN001354,2023-02-01,101440.37,6.852,700-749,90-95%,<30%,CA,Refinance-Cashout,Owner-Occupied,Single-Family
LN001355,2023-08-01,282442.91,6.511,700-749,90-95%,<30%,NC,Purchase,Owner-Occupied,Single-Family
LN001356,2023-10-01,365793.63,2.533,750-799,60-70%,<30%,MI,Refinance-Rate-Term,Owner-Occupied,Single-Family
LN001357,2022-11-01,404577.92,4.686,650-699,70-80%,<30%,OH,Refinance-Cashout,Second Home,Single-Family
LN001358,2024-03-01,333446.01,4.74,600-649,70-80%,>50%,FL,Refinance-Cashout,Owner-Occupied,Multi-Unit
LN001359,2022-03-01,367539.07,3.873,750-799,90-95%,>50%,PA,Purchase,Owner-Occupied,Multi-Unit
LN001360,2023-05-01,270099.5,2.884,700-749,<60%,40-50%,MI,Purchase,Owner-Occupied,Single-Family
LN001361,2024-04-01,249083.22,3.84,700-749,80-90%,40-50%,NY,Purchase,Owner-Occupied,Single-Family
LN001362,2024-05-01,569275.82,3.57,650-699,70-80%,30-40%,NC,Refinance-Cashout,Owner-Occupied,Single-Family
LN001363,2023-09-01,382716.03,2.92,700-749,90-95%,30-40%,TX,Refinance-Cashout,Owner-Occupied,Single-Family
LN001364,2023-04-01,182701.61,6.244,600-649,70-80%,>50%,NY,Refinance-Cashout,Owner-Occupied,Single-Family
LN001365,2023-08-01,126533.61,5.424,750-799,80-90%,30-40%,CA,Purchase,Owner-Occupied,Single-Family
LN001366,2022-06-01,253493.06,4.304,700-749,>95%,40-50%,OH,Purchase,Owner-Occupied,Multi-Unit
LN001367,2023-07-01,419186.85,2.5,600-649,80-90%,30-40%,NY,Purchase,Second Home,Multi-Unit
LN001368,2022-05-01,304873.92,4.551,750-799,<60%,40-50%,IL,Purchase,Owner-Occupied,Condo
LN001369,2022-03-01,77598.02,5.782,700-749,60-70%,40-50%,CA,Refinance-Rate-Term,Owner-Occupied,Single-Family
LN001370,2022-01-01,282270.66,3.896,750-799,80-90%,40-50%,TX,Purchase,Owner-Occupied,Single-Family
LN001371,2023-03-01,299759.84,3.275,<600,70-80%,<30%,NY,Purchase,Owner-Occupied,Single-Family
LN001372,2024-10-01,58433.26,4.815,<600,80-90%,30-40%,TX,Refinance-Cashout,Second Home,Single-Family
LN001373,2024-11-01,302416.62,5.503,650-699,80-90%,30-40%,CA,Purchase,Investment,Single-Family
LN001374,2024-01-01,198663.2,2.5,650-699,>95%,30-40%,MI,Refinance-Cashout,Owner-Occupied,Single-Family
LN001375,2023-12-01,116445.36,7.031,750-799,70-80%,40-50%,CA,Purchase,Owner-Occupied,Single-Family
LN001376,2022-12-01,460450.76,3.126,750-799,80-90%,40-50%,PA,Refinance-Cashout,Owner-Occupied,Single-Family
LN001377,2023-06-01,194239.78,4.366,700-749,<60%,30-40%,TX,Purchase,Owner-Occupied,Multi-Unit
LN001378,2023-03-01,233271.53,6.772,750-799,70-80%,30-40%,FL,Purchase,Investment,Single-Family
LN001379,2023-04-01,231941.71,5.188,650-699,60-70%,40-50%,IL,Refinance-Rate-Term,Owner-Occupied,Single-Family
LN001380,2024-03-01,300223.88,6.644,800+,80-90%,<30%,FL,Refinance-Cashout,Owner-Occupied,Single-Family
LN001381,2022-08-01,476631.06,7.331,800+,80-90%,<30%,PA,Purchase,Owner-Occupied,Single-Family
LN001382,2024-01-01,180381.31,2.81,700-749,60-70%,<30%,OH,Refinance-Rate-Term,Owner-Occupied,Single-Family
LN001383,2023-05-01,269319.65,6.353,600-649,70-80%,<30%,MI,Refinance-Cashout,Owner-Occupied,Single-Family
LN001384,2024-05-01,312086.19,6.988,750-799,80-90%,30-40%,PA,Purchase,Second Home,Single-Family
LN001385,2022-08-01,213120.83,4.436,650-699,80-90%,30-40%,TX,Refinance-Cashout,Owner-Occupied,Single-Family
LN001386,2023-03-01,267711.36,4.556,750-799,80-90%,40-50%,NC,Purchase,Investment,Single-Family
LN001387,2024-03-01,359449.98,2.5,650-699,>95%,40-50%,TX,Purchase,Owner-Occupied,Single-Family
LN001388,2022-07-01,224429.5,6.172,700-749,90-95%,30-40%,PA,Purchase,Owner-Occupied,Single-Family
LN001389,2022-03-01,266135.75,2.5,700-749,70-80%,30-40%,NC,Purchase,Owner-Occupied,Condo
LN001390,2024-05-01,256864.61,6.453,600-649,70-80%,40-50%,NC,Purchase,Owner-Occupied,Condo
LN001391,2023-12-01,289619.33,2.873,700-749,70-80%,40-50%,TX,Purchase,Owner-Occupied,Single-Family
LN001392,2022-03-01,324315.17,7.086,600-649,80-90%,30-40%,NC,Purchase,Owner-Occupied,Single-Family
LN001393,2023-08-01,358656.08,5.594,700-749,70-80%,30-40%,GA,Refinance-Rate-Term,Owner-Occupied,Single-Family
LN001394,2023-03-01,493755.43,6.513,750-799,80-90%,<30%,OH,Refinance-Rate-Term,Owner-Occupied,Condo
LN001395,2024-01-01,50000.0,3.781,650-699,<60%,30-40%,GA,Purchase,Owner-Occupied,Single-Family
LN001396,2024-06-01,283260.87,3.0,750-799,90-95%,>50%,MI,Purchase,Owner-Occupied,Condo
LN001397,2023-02-01,163556.39,2.5,650-699,80-90%,30-40%,GA,Refinance-Cashout,Owner-Occupied,Single-Family
LN001398,2022-07-01,261463.0,6.637,750-799,70-80%,40-50%,CA,Purchase,Owner-Occupied,Single-Family
LN001399,2023-05-01,388086.73,5.994,800+,70-80%,30-40%,NC,Purchase,Owner-Occupied,Single-Family
LN001400,2023-08-01,419779.25,6.048,650-699,60-70%,>50%,PA,Purchase,Owner-Occupied,Single-Family
LN001401,2024-12-01,424471.46,5.437,800+,80-90%,30-40%,CA,Refinance-Rate-Term,Second Home,Single-Family
LN001402,2022-09-01,423529.25,5.816,700-749,80-90%,30-40%,CA,Purchase,Second Home,Single-Family
LN001403,2023-10-01,282606.49,4.563,650-699,70-80%,30-40%,OH,Purchase,Owner-Occupied,Condo
LN001404,2022-02-01,439853.03,5.555,750-799,60-70%,30-40%,MI,Refinance-Cashout,Second Home,Single-Family
LN001405,2023-12-01,459684.98,3.715,<600,70-80%,30-40%,TX,Purchase,Second Home,Single-Family
LN001406,2022-08-01,313880.05,4.486,<600,70-80%,30-40%,PA,Purchase,Owner-Occupied,Single-Family
LN001407,2022-11-01,417723.66,9.0,700-749,70-80%,30-40%,IL,Refinance-Cashout,Owner-Occupied,Single-Family
LN001408,2023-01-01,304123.7,5.058,750-799,70-80%,30-40%,IL,Purchase,Owner-Occupied,Single-Family
LN001409,2023-05-01,441023.25,2.5,750-799,60-70%,30-40%,MI,Refinance-Rate-Term,Owner-Occupied,Multi-Unit
LN001410,2022-08-01,283833.68,4.387,600-649,70-80%,40-50%,PA,Purchase,Owner-Occupied,Single-Family
LN001411,2023-09-01,239047.95,3.414,800+,80-90%,30-40%,GA,Purchase,Owner-Occupied,Multi-Unit
LN001412,2023-06-01,188000.86,5.239,750-799,90-95%,40-50%,IL,Purchase,Owner-Occupied,Condo
LN001413,2024-06-01,282637.1,3.666,800+,70-80%,>50%,GA,Refinance-Rate-Term,Owner-Occupied,Single-Family
LN001414,2023-06-01,308438.82,4.682,650-699,80-90%,40-50%,IL,Purchase,Owner-Occupied,Single-Family
LN001415,2024-07-01,205414.73,3.89,750-799,60-70%,<30%,MI,Purchase,Owner-Occupied,Condo
LN001416,2024-08-01,274989.15,5.296,750-799,70-80%,30-40%,PA,Refinance-Cashout,Owner-Occupied,Single-Family
LN001417,2022-11-01,247345.07,4.059,700-749,90-95%,30-40%,GA,Refinance-Rate-Term,Investment,Single-Family
LN001418,2024-01-01,192302.45,5.535,800+,<60%,30-40%,TX,Purchase,Owner-Occupied,Multi-Unit
LN001419,2024-09-01,403588.47,7.923,650-699,70-80%,30-40%,OH,Purchase,Owner-Occupied,Single-Family
LN001420,2022-08-01,421190.36,3.268,650-699,60-70%,30-40%,FL,Purchase,Owner-Occupied,Single-Family
LN001421,2022-11-01,403143.27,6.086,800+,70-80%,<30%,NC,Purchase,Second Home,Single-Family
LN001422,2023-10-01,291584.42,2.5,800+,80-90%,30-40%,MI,Refinance-Cashout,Owner-Occupied,Condo
LN001423,2023-12-01,297761.72,4.651,650-699,<60%,30-40%,OH,Refinance-Cashout,Owner-Occupied,Single-Family
LN001424,2023-05-01,193682.66,5.343,600-649,<60%,30-40%,FL,Purchase,Investment,Single-Family
LN001425,2022-12-01,341463.29,3.878,750-799,90-95%,<30%,GA,Purchase,Owner-Occupied,Single-Family
LN001426,2024-08-01,316963.17,2.5,800+,70-80%,<30%,MI,Refinance-Cashout,Owner-Occupied,Condo
LN001427,2023-03-01,584394.74,4.943,700-749,70-80%,<30%,TX,Refinance-Rate-Term,Owner-Occupied,Condo
LN001428,2023-04-01,408710.24,7.298,700-749,90-95%,40-50%,MI,Purchase,Owner-Occupied,Single-Family
LN001429,2023-10-01,331524.49,4.78,750-799,70-80%,40-50%,GA,Purchase,Owner-Occupied,Single-Family
LN001430,2024-04-01,295839.07,5.838,650-699,90-95%,30-40%,OH,Purchase,Second Home,Single-Family
LN001431,2023-08-01,400130.65,6.69,800+,>95%,40-50%,IL,Refinance-Cashout,Owner-Occupied,Single-Family
LN001432,2024-09-01,208426.13,8.707,700-749,60-70%,30-40%,NY,Purchase,Owner-Occupied,Multi-Unit
LN001433,2022-10-01,413963.78,3.422,700-749,70-80%,30-40%,MI,Refinance-Cashout,Owner-Occupied,Single-Family
LN001434,2024-08-01,191285.65,3.576,700-749,70-80%,<30%,MI,Purchase,Owner-Occupied,Multi-Unit
LN001435,2024-09-01,243847.61,4.562,700-749,90-95%,40-50%,CA,Refinance-Cashout,Owner-Occupied,Single-Family
LN001436,2022-02-01,116182.05,5.923,750-799,70-80%,<30%,NY,Purchase,Owner-Occupied,Single-Family
LN001437,2024-09-01,361407.62,2.5,800+,80-90%,<30%,PA,Purchase,Owner-Occupied,Condo
LN001438,2024-09-01,324992.9,5.981,750-799,>95%,30-40%,PA,Purchase,Owner-Occupied,Single-Family
LN001439,2023-01-01,243851.7,5.222,750-799,80-90%,>50%,TX,Purchase,Investment,Single-Family
LN001440,2024-06-01,207086.12,4.199,<600,90-95%,<30%,NC,Purchase,Investment,Single-Family
LN001441,2024-09-01,437872.22,5.638,750-799,80-90%,30-40%,CA,Refinance-Rate-Term,Owner-Occupied,Condo
LN001442,2023-01-01,286639.61,6.334,650-699,90-95%,30-40%,NY,Purchase,Owner-Occupied,Single-Family
LN001443,2024-02-01,223270.46,6.542,600-649,60-70%,40-50%,NY,Purchase,Owner-Occupied,Condo
LN001444,2023-10-01,492193.3,5.022,600-649,80-90%,30-40%,TX,Purchase,Owner-Occupied,Multi-Unit
LN001445,2022-02-01,234293.71,5.489,750-799,80-90%,40-50%,GA,Purchase,Owner-Occupied,Single-Family
LN001446,2024-02-01,413861.71,5.432,800+,70-80%,30-40%,TX,Purchase,Owner-Occupied,Condo
LN001447,2023-03-01,184900.94,6.847,750-799,<60%,30-40%,TX,Purchase,Owner-Occupied,Single-Family
LN001448,2024-10-01,264505.38,5.572,650-699,70-80%,<30%,TX,Purchase,Owner-Occupied,Single-Family
LN001449,2022-11-01,350229.12,5.968,650-699,<60%,30-40%,CA,Purchase,Owner-Occupied,Multi-Unit
LN001450,2022-03-01,294216.31,6.339,700-749,70-80%,40-50%,IL,Purchase,Owner-Occupied,Single-Family
LN001451,2022-06-01,324376.3,7.938,600-649,70-80%,40-50%,NY,Purchase,Owner-Occupied,Single-Family
LN001452,2022-09-01,246116.52,4.121,700-749,>95%,>50%,TX,Purchase,Owner-Occupied,Single-Family
LN001453,2022-06-01,140220.38,7.439,750-799,70-80%,40-50%,CA,Refinance-Rate-Term,Investment,Single-Family
LN001454,2022-09-01,446557.64,8.707,800+,80-90%,30-40%,CA,Purchase,Owner-Occupied,Single-Family
LN001455,2024-07-01,252217.16,4.217,700-749,<60%,40-50%,TX,Purchase,Investment,Single-Family
LN001456,2024-08-01,328901.25,4.675,650-699,70-80%,40-50%,CA,Refinance-Rate-Term,Owner-Occupied,Single-Family
LN001457,2022-12-01,370195.75,4.357,750-799,70-80%,30-40%,NC,Purchase,Owner-Occupied,Multi-Unit
LN001458,2022-08-01,330875.82,5.985,750-799,70-80%,<30%,TX,Purchase,Owner-Occupied,Multi-Unit
LN001459,2022-08-01,229140.87,2.5,750-799,80-90%,30-40%,FL,Purchase,Second Home,Single-Family
LN001460,2024-04-01,415976.5,4.251,650-699,80-90%,<30%,NC,Refinance-Rate-Term,Owner-Occupied,Single-Family
LN001461,2023-08-01,351367.92,4.59,700-749,80-90%,30-40%,IL,Refinance-Rate-Term,Investment,Single-Family
LN001462,2022-07-01,319877.37,4.458,800+,70-80%,>50%,GA,Refinance-Cashout,Owner-Occupied,Condo
LN001463,2022-11-01,317558.48,4.443,650-699,80-90%,40-50%,OH,Refinance-Cashout,Owner-Occupied,Single-Family
LN001464,2023-08-01,468226.23,4.266,750-799,70-80%,30-40%,PA,Refinance-Rate-Term,Owner-Occupied,Single-Family
LN001465,2023-04-01,226993.78,6.166,650-699,<60%,30-40%,TX,Refinance-Cashout,Owner-Occupied,Condo
LN001466,2022-04-01,341525.58,5.807,700-749,90-95%,30-40%,NY,Purchase,Investment,Single-Family
LN001467,2022-06-01,247137.05,7.555,750-799,90-95%,30-40%,NC,Purchase,Owner-Occupied,Single-Family
LN001468,2023-10-01,106369.42,6.17,700-749,70-80%,30-40%,OH,Refinance-Cashout,Owner-Occupied,Single-Family
LN001469,2024-02-01,103726.55,3.354,750-799,90-95%,40-50%,FL,Refinance-Cashout,Owner-Occupied,Condo
LN001470,2022-03-01,198536.36,4.745,700-749,80-90%,>50%,PA,Purchase,Owner-Occupied,Single-Family
LN001471,2023-02-01,234155.68,4.586,800+,70-80%,30-40%,GA,Purchase,Owner-Occupied,Single-Family
LN001472,2022-11-01,517294.97,5.383,700-749,70-80%,30-40%,GA,Refinance-Cashout,Owner-Occupied,Condo
LN001473,2023-06-01,369838.84,6.64,600-649,>95%,30-40%,GA,Purchase,Owner-Occupied,Condo
LN001474,2022-12-01,378834.3,5.279,700-749,80-90%,30-40%,GA,Purchase,Owner-Occupied,Single-Family
LN001475,2023-11-01,236292.15,5.283,750-799,70-80%,<30%,MI,Refinance-Rate-Term,Owner-Occupied,Single-Family
LN001476,2022-12-01,306132.72,5.015,750-799,70-80%,40-50%,PA,Purchase,Second Home,Single-Family
LN001477,2023-01-01,530615.3,6.216,700-749,70-80%,>50%,MI,Purchase,Second Home,Single-Family
LN001478,2024-01-01,178558.23,4.147,700-749,70-80%,>50%,FL,Refinance-Cashout,Second Home,Single-Family
LN001479,2023-07-01,345623.88,2.814,750-799,70-80%,40-50%,NC,Purchase,Owner-Occupied,Single-Family
LN001480,2024-12-01,461129.58,5.967,750-799,70-80%,>50%,FL,Refinance-Cashout,Owner-Occupied,Single-Family
LN001481,2022-08-01,396594.31,5.563,750-799,80-90%,>50%,NY,Refinance-Cashout,Owner-Occupied,Single-Family
LN001482,2024-05-01,480153.96,6.985,750-799,90-95%,40-50%,MI,Refinance-Cashout,Investment,Single-Family
LN001483,2024-08-01,321286.53,2.5,700-749,>95%,<30%,CA,Refinance-Cashout,Owner-Occupied,Single-Family
LN001484,2023-06-01,360345.3,4.849,<600,80-90%,<30%,TX,Purchase,Owner-Occupied,Multi-Unit
LN001485,2022-06-01,310977.44,5.16,<600,90-95%,<30%,PA,Purchase,Owner-Occupied,Single-Family
LN001486,2023-06-01,353334.56,2.734,800+,90-95%,30-40%,CA,Refinance-Cashout,Owner-Occupied,Single-Family
LN001487,2023-07-01,208479.36,4.87,600-649,70-80%,40-50%,NC,Purchase,Owner-Occupied,Single-Family
LN001488,2023-10-01,379234.84,6.78,700-749,90-95%,30-40%,GA,Purchase,Owner-Occupied,Single-Family
LN001489,2024-08-01,329424.83,8.129,800+,<60%,30-40%,TX,Refinance-Rate-Term,Owner-Occupied,Single-Family
LN001490,2022-03-01,306265.94,6.474,650-699,70-80%,<30%,TX,Refinance-Rate-Term,Investment,Single-Family
LN001491,2024-04-01,474639.16,4.513,750-799,70-80%,<30%,GA,Refinance-Rate-Term,Owner-Occupied,Single-Family
LN001492,2022-10-01,273461.46,6.892,750-799,70-80%,30-40%,GA,Refinance-Rate-Term,Owner-Occupied,Single-Family
LN001493,2024-11-01,420782.2,6.367,800+,70-80%,<30%,CA,Refinance-Rate-Term,Owner-Occupied,Single-Family
LN001494,2024-05-01,430727.86,4.273,650-699,80-90%,<30%,IL,Refinance-Rate-Term,Second Home,Single-Family
LN001495,2023-03-01,385554.44,4.127,650-699,60-70%,30-40%,TX,Purchase,Investment,Single-Family
LN001496,2024-09-01,203490.03,4.747,800+,>95%,30-40%,CA,Purchase,Investment,Single-Family
LN001497,2022-07-01,335907.83,3.424,650-699,70-80%,<30%,FL,Refinance-Rate-Term,Owner-Occupied,Single-Family
LN001498,2022-12-01,495847.43,4.534,700-749,90-95%,40-50%,FL,Purchase,Second Home,Single-Family
LN001499,2024-06-01,118144.65,5.73,750-799,70-80%,30-40%,MI,Refinance-Cashout,Owner-Occupied,Single-Family
LN001500,2023-09-01,281234.15,6.558,650-699,70-80%,<30%,NC,Refinance-Cashout,Owner-Occupied,Single-Family
LN001501,2024-07-01,416230.85,4.432,800+,70-80%,40-50%,MI,Refinance-Rate-Term,Owner-Occupied,Single-Family
LN001502,2023-12-01,288467.94,7.083,750-799,80-90%,30-40%,CA,Refinance-Cashout,Owner-Occupied,Single-Family
LN001503,2023-08-01,380988.78,5.975,<600,60-70%,<30%,TX,Refinance-Rate-Term,Owner-Occupied,Single-Family
LN001504,2022-04-01,440919.1,6.043,600-649,70-80%,>50%,NC,Purchase,Owner-Occupied,Condo
LN001505,2024-04-01,323200.63,3.621,650-699,<60%,30-40%,IL,Purchase,Owner-Occupied,Single-Family
LN001506,2023-08-01,350899.05,7.712,650-699,70-80%,30-40%,NC,Purchase,Owner-Occupied,Condo
LN001507,2023-12-01,309187.09,5.83,750-799,>95%,40-50%,PA,Purchase,Owner-Occupied,Condo
LN001508,2024-08-01,329780.59,4.501,600-649,<60%,>50%,MI,Purchase,Owner-Occupied,Single-Family
LN001509,2024-12-01,510260.24,4.236,700-749,80-90%,30-40%,MI,Refinance-Rate-Term,Owner-Occupied,Single-Family
LN001510,2024-10-01,293605.15,4.534,800+,80-90%,40-50%,FL,Purchase,Owner-Occupied,Single-Family
LN001511,2024-12-01,264684.6,3.472,700-749,60-70%,40-50%,GA,Purchase,Owner-Occupied,Single-Family
LN001512,2022-02-01,404175.42,6.482,650-699,70-80%,<30%,NC,Purchase,Investment,Single-Family
LN001513,2023-03-01,215707.77,3.626,800+,60-70%,40-50%,TX,Purchase,Second Home,Single-Family
LN001514,2024-10-01,238527.85,5.435,650-699,70-80%,<30%,NC,Purchase,Owner-Occupied,Single-Family
LN001515,2024-12-01,239165.47,4.325,800+,60-70%,30-40%,NY,Purchase,Owner-Occupied,Single-Family
LN001516,2022-06-01,274412.55,6.006,750-799,70-80%,40-50%,GA,Refinance-Rate-Term,Owner-Occupied,Condo
LN001517,2022-12-01,278780.05,6.21,750-799,70-80%,30-40%,IL,Purchase,Owner-Occupied,Single-Family
LN001518,2022-03-01,369909.96,4.034,750-799,80-90%,40-50%,PA,Purchase,Owner-Occupied,Multi-Unit
LN001519,2023-06-01,265763.84,4.949,700-749,80-90%,40-50%,NY,Purchase,Owner-Occupied,Single-Family
LN001520,2023-09-01,373946.35,2.835,750-799,80-90%,>50%,IL,Refinance-Rate-Term,Owner-Occupied,Single-Family
LN001521,2023-03-01,386418.07,7.551,750-799,70-80%,30-40%,CA,Refinance-Cashout,Owner-Occupied,Condo
LN001522,2024-09-01,234648.88,6.602,700-749,70-80%,<30%,FL,Refinance-Cashout,Owner-Occupied,Single-Family
LN001523,2024-11-01,384270.6,2.907,700-749,70-80%,40-50%,NY,Refinance-Rate-Term,Investment,Single-Family
LN001524,2024-02-01,393341.85,3.7,750-799,70-80%,30-40%,CA,Purchase,Investment,Single-Family
LN001525,2022-08-01,123906.36,4.798,700-749,70-80%,30-40%,FL,Purchase,Investment,Condo
LN001526,2024-12-01,329348.1,5.058,750-799,90-95%,40-50%,NY,Purchase,Investment,Multi-Unit
LN001527,2024-06-01,249359.19,3.971,700-749,70-80%,30-40%,NC,Refinance-Rate-Term,Owner-Occupied,Single-Family
LN001528,2023-11-01,430306.5,3.283,700-749,70-80%,30-40%,FL,Purchase,Owner-Occupied,Single-Family
LN001529,2023-02-01,248339.38,5.593,<600,80-90%,30-40%,FL,Refinance-Rate-Term,Owner-Occupied,Single-Family
LN001530,2023-02-01,166051.68,7.609,650-699,80-90%,30-40%,NY,Purchase,Second Home,Multi-Unit
LN001531,2022-02-01,297018.32,5.082,700-749,70-80%,30-40%,NC,Purchase,Second Home,Single-Family
LN001532,2022-05-01,210302.77,4.562,700-749,70-80%,<30%,NC,Purchase,Owner-Occupied,Multi-Unit
LN001533,2023-02-01,384958.53,4.405,700-749,90-95%,30-40%,CA,Refinance-Rate-Term,Owner-Occupied,Single-Family
LN001534,2024-01-01,219138.75,3.355,750-799,<60%,40-50%,GA,Purchase,Owner-Occupied,Multi-Unit
LN001535,2023-08-01,298249.36,3.992,750-799,70-80%,30-40%,MI,Refinance-Rate-Term,Owner-Occupied,Single-Family
LN001536,2022-02-01,454581.04,6.704,750-799,90-95%,40-50%,CA,Purchase,Investment,Single-Family
LN001537,2022-06-01,409852.86,2.5,650-699,90-95%,30-40%,TX,Purchase,Second Home,Single-Family
LN001538,2023-05-01,347783.92,5.105,700-749,<60%,40-50%,MI,Purchase,Owner-Occupied,Single-Family
LN001539,2024-01-01,287242.23,5.042,600-649,70-80%,>50%,IL,Purchase,Owner-Occupied,Single-Family
LN001540,2024-04-01,338289.65,5.178,700-749,70-80%,30-40%,PA,Purchase,Owner-Occupied,Multi-Unit
LN001541,2022-02-01,368898.4,6.091,650-699,70-80%,40-50%,TX,Purchase,Investment,Multi-Unit
LN001542,2024-11-01,201339.76,5.092,700-749,70-80%,<30%,MI,Purchase,Investment,Condo
LN001543,2022-05-01,385133.72,4.319,700-749,>95%,30-40%,IL,Refinance-Cashout,Owner-Occupied,Single-Family
LN001544,2022-01-01,189830.59,4.015,600-649,70-80%,40-50%,FL,Purchase,Owner-Occupied,Single-Family
LN001545,2022-12-01,357245.19,6.948,700-749,70-80%,40-50%,OH,Purchase,Owner-Occupied,Single-Family
LN001546,2024-12-01,189310.96,6.562,800+,70-80%,30-40%,CA,Refinance-Rate-Term,Owner-Occupied,Condo
LN001547,2023-11-01,496279.62,9.0,650-699,60-70%,>50%,IL,Refinance-Rate-Term,Investment,Single-Family
LN001548,2024-07-01,376334.16,4.579,750-799,70-80%,<30%,FL,Purchase,Owner-Occupied,Single-Family
LN001549,2022-11-01,144397.47,4.043,700-749,60-70%,40-50%,TX,Refinance-Rate-Term,Owner-Occupied,Single-Family
LN001550,2022-10-01,299907.34,5.68,650-699,80-90%,30-40%,FL,Refinance-Rate-Term,Owner-Occupied,Single-Family
LN001551,2022-03-01,247857.8,5.644,600-649,70-80%,40-50%,MI,Purchase,Owner-Occupied,Single-Family
LN001552,2023-02-01,236027.31,5.955,650-699,70-80%,<30%,NY,Purchase,Owner-Occupied,Single-Family
LN001553,2023-04-01,314710.35,6.271,750-799,70-80%,>50%,TX,Purchase,Owner-Occupied,Single-Family
LN001554,2022-10-01,207200.63,5.94,650-699,60-70%,40-50%,TX,Purchase,Second Home,Single-Family
LN001555,2024-05-01,376146.58,6.613,600-649,60-70%,30-40%,FL,Refinance-Cashout,Owner-Occupied,Multi-Unit
LN001556,2022-10-01,370465.41,6.812,650-699,90-95%,40-50%,TX,Purchase,Owner-Occupied,Single-Family
LN001557,2022-12-01,335142.48,6.839,700-749,90-95%,40-50%,PA,Purchase,Owner-Occupied,Multi-Unit
LN001558,2024-06-01,298049.55,2.5,750-799,<60%,30-40%,TX,Refinance-Cashout,Owner-Occupied,Single-Family
LN001559,2022-01-01,365981.83,5.349,700-749,80-90%,<30%,CA,Refinance-Rate-Term,Owner-Occupied,Single-Family
LN001560,2022-05-01,379138.55,3.615,700-749,70-80%,30-40%,GA,Purchase,Owner-Occupied,Single-Family
LN001561,2023-08-01,345491.77,6.583,700-749,70-80%,<30%,MI,Refinance-Rate-Term,Investment,Multi-Unit
LN001562,2022-08-01,168812.6,2.5,<600,80-90%,30-40%,NY,Refinance-Rate-Term,Investment,Multi-Unit
LN001563,2022-12-01,221161.39,7.204,700-749,70-80%,30-40%,TX,Refinance-Rate-Term,Owner-Occupied,Single-Family
LN001564,2022-01-01,273193.91,3.703,700-749,<60%,30-40%,NY,Purchase,Second Home,Single-Family
LN001565,2023-08-01,152420.91,3.359,700-749,60-70%,30-40%,TX,Purchase,Owner-Occupied,Single-Family
LN001566,2024-04-01,322400.31,5.534,750-799,60-70%,>50%,IL,Purchase,Investment,Condo
LN001567,2022-12-01,441100.52,4.44,750-799,<60%,40-50%,OH,Purchase,Owner-Occupied,Single-Family
LN001568,2024-04-01,425169.04,7.669,650-699,70-80%,40-50%,PA,Purchase,Owner-Occupied,Condo
LN001569,2023-03-01,373962.61,7.045,650-699,70-80%,30-40%,TX,Refinance-Rate-Term,Owner-Occupied,Single-Family
LN001570,2022-06-01,372771.19,4.234,700-749,80-90%,<30%,NY,Purchase,Owner-Occupied,Single-Family
LN001571,2023-08-01,521529.55,6.564,750-799,70-80%,<30%,GA,Purchase,Owner-Occupied,Single-Family
LN001572,2023-02-01,384386.38,4.182,600-649,60-70%,40-50%,OH,Refinance-Rate-Term,Owner-Occupied,Single-Family
LN001573,2022-02-01,392563.57,4.169,800+,60-70%,30-40%,OH,Purchase,Owner-Occupied,Condo
LN001574,2022-09-01,156108.53,6.071,700-749,90-95%,30-40%,NY,Refinance-Cashout,Owner-Occupied,Multi-Unit
LN001575,2023-08-01,433281.88,7.184,650-699,60-70%,40-50%,CA,Refinance-Rate-Term,Owner-Occupied,Condo
LN001576,2024-02-01,339849.74,4.338,750-799,90-95%,30-40%,OH,Refinance-Cashout,Owner-Occupied,Single-Family
LN001577,2024-05-01,292021.57,4.453,<600,70-80%,40-50%,PA,Purchase,Investment,Single-Family
LN001578,2022-01-01,267236.19,5.452,700-749,90-95%,40-50%,GA,Refinance-Rate-Term,Owner-Occupied,Single-Family
LN001579,2024-11-01,245140.46,3.659,700-749,70-80%,<30%,IL,Refinance-Cashout,Investment,Single-Family
LN001580,2022-06-01,425677.69,7.348,650-699,60-70%,>50%,GA,Refinance-Cashout,Owner-Occupied,Multi-Unit
LN001581,2022-05-01,297164.11,3.645,750-799,70-80%,<30%,MI,Refinance-Rate-Term,Owner-Occupied,Single-Family
LN001582,2024-09-01,248832.14,4.05,750-799,70-80%,>50%,GA,Purchase,Owner-Occupied,Condo
LN001583,2023-02-01,222845.32,7.651,650-699,70-80%,30-40%,NC,Purchase,Owner-Occupied,Single-Family
LN001584,2022-12-01,317059.88,5.322,700-749,70-80%,40-50%,CA,Refinance-Cashout,Owner-Occupied,Single-Family
LN001585,2023-08-01,264039.03,7.915,600-649,<60%,40-50%,FL,Refinance-Rate-Term,Owner-Occupied,Single-Family
LN001586,2023-12-01,241224.44,4.671,750-799,70-80%,30-40%,PA,Refinance-Cashout,Owner-Occupied,Single-Family
LN001587,2024-10-01,161784.4,8.779,650-699,90-95%,40-50%,NY,Purchase,Investment,Single-Family
LN001588,2024-01-01,395935.74,5.923,700-749,>95%,>50%,GA,Purchase,Investment,Single-Family
LN001589,2024-05-01,286197.67,3.871,650-699,70-80%,>50%,MI,Purchase,Owner-Occupied,Condo
LN001590,2024-07-01,191476.13,3.848,650-699,<60%,40-50%,CA,Refinance-Cashout,Owner-Occupied,Single-Family
LN001591,2023-11-01,272876.39,2.814,750-799,60-70%,40-50%,IL,Refinance-Cashout,Investment,Single-Family
LN001592,2023-08-01,354913.21,2.978,750-799,80-90%,30-40%,NY,Purchase,Investment,Single-Family
LN001593,2023-11-01,302884.09,4.011,700-749,80-90%,40-50%,CA,Refinance-Rate-Term,Second Home,Condo
LN001594,2023-04-01,319099.37,3.513,750-799,90-95%,40-50%,MI,Purchase,Owner-Occupied,Single-Family
LN001595,2022-08-01,304254.83,2.5,700-749,70-80%,40-50%,PA,Purchase,Owner-Occupied,Single-Family
LN001596,2023-09-01,172314.42,6.262,<600,90-95%,40-50%,MI,Purchase,Second Home,Single-Family
LN001597,2022-01-01,394850.85,6.163,600-649,80-90%,30-40%,FL,Refinance-Rate-Term,Owner-Occupied,Single-Family
LN001598,2022-08-01,129175.38,5.463,700-749,70-80%,<30%,IL,Refinance-Cashout,Owner-Occupied,Single-Family
LN001599,2024-05-01,346153.66,3.298,750-799,80-90%,<30%,PA,Purchase,Owner-Occupied,Single-Family
LN001600,2024-08-01,361557.09,7.47,800+,60-70%,30-40%,NY,Purchase,Owner-Occupied,Multi-Unit
LN001601,2022-05-01,278015.63,4.733,<600,70-80%,30-40%,MI,Refinance-Rate-Term,Owner-Occupied,Single-Family
LN001602,2023-10-01,335342.25,3.75,700-749,>95%,40-50%,MI,Purchase,Second Home,Condo
LN001603,2024-10-01,272286.45,5.349,650-699,60-70%,<30%,PA,Refinance-Cashout,Owner-Occupied,Single-Family
LN001604,2022-01-01,336549.52,5.263,750-799,80-90%,30-40%,OH,Refinance-Cashout,Owner-Occupied,Multi-Unit
LN001605,2024-02-01,399292.25,2.5,750-799,70-80%,30-40%,TX,Purchase,Owner-Occupied,Condo
LN001606,2022-10-01,220787.36,4.954,650-699,80-90%,30-40%,OH,Purchase,Investment,Condo
LN001607,2024-06-01,367396.49,5.181,750-799,80-90%,<30%,OH,Purchase,Owner-Occupied,Single-Family
LN001608,2023-06-01,469239.8,4.432,750-799,90-95%,40-50%,TX,Purchase,Owner-Occupied,Condo
LN001609,2023-05-01,326456.53,3.018,650-699,80-90%,<30%,FL,Refinance-Rate-Term,Owner-Occupied,Single-Family
LN001610,2024-02-01,249689.58,3.062,700-749,70-80%,<30%,FL,Purchase,Investment,Single-Family
LN001611,2022-08-01,526323.28,5.771,700-749,<60%,>50%,CA,Refinance-Cashout,Owner-Occupied,Multi-Unit
LN001612,2022-12-01,308870.62,6.142,<600,80-90%,<30%,CA,Purchase,Investment,Single-Family
LN001613,2024-03-01,323152.99,4.328,700-749,70-80%,40-50%,MI,Refinance-Cashout,Owner-Occupied,Single-Family
LN001614,2022-08-01,325237.42,5.573,650-699,80-90%,>50%,PA,Purchase,Owner-Occupied,Condo
LN001615,2024-01-01,344786.33,4.313,700-749,60-70%,30-40%,NC,Refinance-Cashout,Owner-Occupied,Single-Family
LN001616,2022-04-01,266112.51,3.72,750-799,90-95%,30-40%,NC,Refinance-Rate-Term,Owner-Occupied,Single-Family
LN001617,2024-09-01,318999.09,5.322,700-749,70-80%,30-40%,CA,Purchase,Owner-Occupied,Single-Family
LN001618,2022-01-01,395218.37,3.276,<600,90-95%,30-40%,OH,Purchase,Owner-Occupied,Single-Family
LN001619,2023-07-01,262659.9,7.841,<600,80-90%,30-40%,PA,Refinance-Cashout,Owner-Occupied,Single-Family
LN001620,2024-07-01,258000.6,2.844,700-749,60-70%,<30%,NY,Purchase,Owner-Occupied,Single-Family
LN001621,2023-04-01,270791.55,5.426,650-699,70-80%,30-40%,FL,Purchase,Second Home,Multi-Unit
LN001622,2023-02-01,190222.72,5.225,700-749,90-95%,40-50%,NC,Refinance-Cashout,Second Home,Multi-Unit
LN001623,2022-05-01,231716.05,5.092,650-699,80-90%,<30%,MI,Purchase,Owner-Occupied,Single-Family
LN001624,2024-02-01,227642.01,7.225,750-799,70-80%,40-50%,IL,Purchase,Investment,Single-Family
LN001625,2024-04-01,299947.75,2.5,750-799,>95%,40-50%,GA,Refinance-Rate-Term,Owner-Occupied,Single-Family
LN001626,2022-02-01,383614.57,5.618,750-799,70-80%,<30%,NY,Refinance-Rate-Term,Owner-Occupied,Condo
LN001627,2022-06-01,445371.41,4.59,650-699,70-80%,<30%,NY,Purchase,Owner-Occupied,Condo
LN001628,2022-09-01,305718.86,5.876,750-799,80-90%,30-40%,PA,Purchase,Owner-Occupied,Single-Family
LN001629,2024-09-01,345646.98,5.082,650-699,60-70%,40-50%,PA,Refinance-Rate-Term,Owner-Occupied,Condo
LN001630,2024-01-01,324339.38,4.887,750-799,70-80%,30-40%,FL,Purchase,Investment,Single-Family
LN001631,2023-01-01,90656.1,3.189,600-649,80-90%,40-50%,TX,Refinance-Rate-Term,Second Home,Single-Family
LN001632,2022-09-01,185210.91,3.99,750-799,70-80%,40-50%,NC,Purchase,Owner-Occupied,Single-Family
LN001633,2023-01-01,376126.43,9.0,700-749,60-70%,40-50%,TX,Refinance-Cashout,Owner-Occupied,Single-Family
LN001634,2024-07-01,385848.52,5.89,750-799,70-80%,<30%,NC,Purchase,Owner-Occupied,Single-Family
LN001635,2022-11-01,383560.8,6.579,750-799,70-80%,30-40%,GA,Refinance-Cashout,Investment,Single-Family
LN001636,2022-04-01,282218.8,4.472,700-749,70-80%,<30%,MI,Purchase,Owner-Occupied,Single-Family
LN001637,2024-10-01,100516.55,3.717,800+,80-90%,<30%,OH,Purchase,Owner-Occupied,Single-Family
LN001638,2022-04-01,197147.5,6.165,650-699,60-70%,30-40%,IL,Purchase,Investment,Single-Family
LN001639,2023-07-01,212449.22,2.5,800+,80-90%,40-50%,FL,Purchase,Investment,Single-Family
LN001640,2022-06-01,362876.86,4.024,750-799,80-90%,>50%,TX,Purchase,Owner-Occupied,Multi-Unit
LN001641,2024-10-01,264262.89,4.468,800+,80-90%,30-40%,GA,Refinance-Rate-Term,Owner-Occupied,Condo
LN001642,2023-06-01,469040.05,6.417,600-649,70-80%,30-40%,TX,Refinance-Cashout,Owner-Occupied,Single-Family
LN001643,2023-01-01,446763.83,5.621,650-699,70-80%,30-40%,GA,Purchase,Second Home,Condo
LN001644,2023-11-01,467369.84,4.291,750-799,70-80%,40-50%,IL,Purchase,Owner-Occupied,Single-Family
LN001645,2023-07-01,208348.7,5.553,800+,80-90%,30-40%,NC,Refinance-Cashout,Investment,Single-Family
LN001646,2022-11-01,349089.12,4.545,<600,70-80%,30-40%,NY,Purchase,Owner-Occupied,Single-Family
LN001647,2022-01-01,252247.59,6.605,<600,70-80%,30-40%,GA,Purchase,Owner-Occupied,Single-Family
LN001648,2023-12-01,332787.18,5.354,650-699,70-80%,40-50%,OH,Purchase,Owner-Occupied,Single-Family
LN001649,2022-07-01,219438.63,7.605,750-799,80-90%,<30%,GA,Purchase,Owner-Occupied,Single-Family
LN001650,2024-01-01,422615.64,4.583,750-799,<60%,30-40%,IL,Purchase,Owner-Occupied,Condo
LN001651,2023-09-01,221306.84,6.838,650-699,>95%,30-40%,TX,Refinance-Rate-Term,Owner-Occupied,Single-Family
LN001652,2023-03-01,105276.1,5.136,<600,<60%,<30%,OH,Purchase,Second Home,Single-Family
LN001653,2022-01-01,503378.08,3.954,700-749,70-80%,30-40%,FL,Refinance-Rate-Term,Owner-Occupied,Multi-Unit
LN001654,2022-12-01,344249.67,8.902,650-699,70-80%,40-50%,MI,Purchase,Owner-Occupied,Single-Family
LN001655,2022-07-01,193087.32,6.965,750-799,60-70%,40-50%,MI,Purchase,Owner-Occupied,Single-Family
LN001656,2023-03-01,283772.89,5.351,700-749,90-95%,<30%,MI,Purchase,Owner-Occupied,Single-Family
LN001657,2023-09-01,242314.29,6.149,750-799,70-80%,40-50%,MI,Refinance-Cashout,Investment,Single-Family
LN001658,2023-07-01,300574.14,3.377,750-799,60-70%,30-40%,TX,Purchase,Owner-Occupied,Single-Family
LN001659,2024-05-01,380278.08,3.43,700-749,80-90%,>50%,FL,Purchase,Owner-Occupied,Single-Family
LN001660,2024-01-01,364577.91,6.671,650-699,80-90%,>50%,NY,Purchase,Owner-Occupied,Single-Family
LN001661,2024-09-01,325372.9,5.007,750-799,>95%,30-40%,MI,Purchase,Owner-Occupied,Condo
LN001662,2024-08-01,300525.31,4.766,650-699,70-80%,<30%,OH,Purchase,Owner-Occupied,Single-Family
LN001663,2024-11-01,407867.08,4.568,750-799,70-80%,30-40%,MI,Purchase,Second Home,Single-Family
LN001664,2024-02-01,107454.18,5.228,600-649,<60%,40-50%,CA,Purchase,Owner-Occupied,Single-Family
LN001665,2022-11-01,225106.73,4.619,750-799,80-90%,>50%,PA,Refinance-Cashout,Owner-Occupied,Condo
LN001666,2024-11-01,202133.72,2.5,600-649,70-80%,30-40%,PA,Purchase,Owner-Occupied,Single-Family
LN001667,2022-08-01,400625.78,7.124,600-649,>95%,40-50%,GA,Refinance-Rate-Term,Owner-Occupied,Single-Family
LN001668,2023-02-01,226090.74,4.834,700-749,80-90%,40-50%,TX,Purchase,Owner-Occupied,Single-Family
LN001669,2022-10-01,171404.46,7.747,800+,90-95%,<30%,TX,Purchase,Owner-Occupied,Single-Family
LN001670,2022-02-01,354932.75,2.5,800+,>95%,30-40%,CA,Refinance-Cashout,Owner-Occupied,Single-Family
LN001671,2022-09-01,209125.24,2.5,650-699,70-80%,<30%,FL,Refinance-Cashout,Second Home,Single-Family
LN001672,2022-03-01,264927.35,4.587,600-649,60-70%,40-50%,OH,Refinance-Rate-Term,Second Home,Multi-Unit
LN001673,2023-09-01,538114.39,6.466,700-749,60-70%,40-50%,GA,Refinance-Rate-Term,Owner-Occupied,Condo
LN001674,2024-02-01,378713.86,3.17,650-699,70-80%,>50%,OH,Refinance-Cashout,Owner-Occupied,Condo
LN001675,2022-08-01,278895.94,3.112,750-799,70-80%,>50%,NC,Purchase,Second Home,Single-Family
LN001676,2022-02-01,287887.19,5.558,700-749,60-70%,<30%,GA,Purchase,Owner-Occupied,Single-Family
LN001677,2022-06-01,390748.76,4.531,750-799,70-80%,<30%,GA,Purchase,Investment,Single-Family
LN001678,2024-04-01,366287.04,5.816,750-799,70-80%,40-50%,TX,Refinance-Rate-Term,Owner-Occupied,Single-Family
LN001679,2024-05-01,307559.95,4.558,700-749,<60%,40-50%,CA,Refinance-Rate-Term,Owner-Occupied,Single-Family
LN001680,2024-02-01,310355.99,5.578,750-799,70-80%,40-50%,PA,Refinance-Rate-Term,Owner-Occupied,Single-Family
LN001681,2024-01-01,152015.15,7.049,650-699,60-70%,30-40%,OH,Purchase,Owner-Occupied,Single-Family
LN001682,2022-12-01,130998.94,3.174,650-699,70-80%,40-50%,PA,Refinance-Cashout,Owner-Occupied,Condo
LN001683,2022-05-01,282317.77,6.777,750-799,60-70%,30-40%,OH,Purchase,Owner-Occupied,Single-Family
LN001684,2024-10-01,236671.48,2.5,650-699,80-90%,30-40%,GA,Refinance-Rate-Term,Owner-Occupied,Single-Family
LN001685,2023-03-01,358607.9,5.914,<600,<60%,<30%,TX,Purchase,Owner-Occupied,Condo
LN001686,2024-12-01,319717.97,7.129,800+,90-95%,40-50%,CA,Refinance-Cashout,Owner-Occupied,Condo
LN001687,2023-03-01,222722.56,4.214,700-749,70-80%,30-40%,MI,Purchase,Owner-Occupied,Single-Family
LN001688,2023-11-01,316319.85,5.967,700-749,70-80%,>50%,GA,Purchase,Owner-Occupied,Single-Family
LN001689,2022-06-01,258176.72,4.269,750-799,70-80%,40-50%,GA,Refinance-Cashout,Owner-Occupied,Condo
LN001690,2023-09-01,506660.14,5.878,650-699,70-80%,<30%,GA,Refinance-Cashout,Owner-Occupied,Single-Family
LN001691,2023-11-01,338624.23,2.5,800+,60-70%,30-40%,MI,Purchase,Owner-Occupied,Condo
LN001692,2023-04-01,143939.3,5.243,600-649,80-90%,<30%,OH,Refinance-Cashout,Owner-Occupied,Single-Family
LN001693,2023-03-01,482051.51,5.593,700-749,90-95%,30-40%,TX,Refinance-Rate-Term,Investment,Single-Family
LN001694,2024-01-01,236685.1,7.017,750-799,>95%,30-40%,NY,Purchase,Owner-Occupied,Single-Family
LN001695,2024-12-01,202526.3,6.388,700-749,80-90%,40-50%,NC,Purchase,Owner-Occupied,Single-Family
LN001696,2022-11-01,514368.67,4.758,750-799,70-80%,30-40%,GA,Purchase,Owner-Occupied,Multi-Unit
LN001697,2023-03-01,334583.67,5.402,800+,70-80%,30-40%,NY,Purchase,Owner-Occupied,Single-Family
LN001698,2022-04-01,370076.6,2.831,750-799,80-90%,<30%,GA,Refinance-Rate-Term,Owner-Occupied,Single-Family
LN001699,2023-09-01,373306.01,7.466,650-699,80-90%,30-40%,MI,Purchase,Owner-Occupied,Single-Family
LN001700,2023-01-01,279401.03,6.037,700-749,70-80%,>50%,PA,Refinance-Cashout,Owner-Occupied,Condo
LN001701,2023-10-01,242759.47,2.5,800+,90-95%,30-40%,NC,Refinance-Cashout,Owner-Occupied,Condo
LN001702,2023-07-01,259074.25,5.369,700-749,70-80%,40-50%,CA,Refinance-Rate-Term,Owner-Occupied,Single-Family
LN001703,2024-10-01,460886.63,5.484,750-799,70-80%,<30%,PA,Refinance-Cashout,Owner-Occupied,Multi-Unit
LN001704,2023-02-01,320378.76,3.839,700-749,>95%,30-40%,NY,Refinance-Cashout,Owner-Occupied,Single-Family
LN001705,2022-04-01,431291.5,5.145,600-649,90-95%,30-40%,FL,Purchase,Owner-Occupied,Single-Family
LN001706,2024-03-01,292355.49,3.688,600-649,80-90%,40-50%,IL,Refinance-Rate-Term,Owner-Occupied,Single-Family
LN001707,2024-05-01,224461.64,2.893,800+,70-80%,30-40%,MI,Refinance-Cashout,Owner-Occupied,Single-Family
LN001708,2024-04-01,155778.35,4.08,700-749,60-70%,30-40%,GA,Purchase,Owner-Occupied,Condo
LN001709,2024-11-01,364800.32,5.257,600-649,<60%,40-50%,MI,Refinance-Cashout,Owner-Occupied,Single-Family
LN001710,2022-08-01,469409.81,6.392,750-799,80-90%,30-40%,PA,Purchase,Owner-Occupied,Condo
LN001711,2023-04-01,211402.7,5.105,700-749,70-80%,<30%,CA,Purchase,Second Home,Condo
LN001712,2024-12-01,351337.26,6.407,750-799,70-80%,30-40%,PA,Refinance-Rate-Term,Owner-Occupied,Single-Family
LN001713,2024-06-01,162438.43,5.973,600-649,70-80%,<30%,OH,Refinance-Rate-Term,Owner-Occupied,Single-Family
LN001714,2023-06-01,244430.33,3.447,800+,70-80%,>50%,PA,Refinance-Rate-Term,Owner-Occupied,Multi-Unit
LN001715,2022-02-01,326793.68,5.962,700-749,70-80%,30-40%,FL,Purchase,Owner-Occupied,Single-Family
LN001716,2023-01-01,127170.59,6.003,750-799,90-95%,30-40%,NC,Refinance-Rate-Term,Second Home,Multi-Unit
LN001717,2022-04-01,298197.67,7.613,<600,<60%,>50%,MI,Refinance-Rate-Term,Second Home,Single-Family
LN001718,2024-02-01,216329.95,5.616,650-699,80-90%,>50%,MI,Purchase,Owner-Occupied,Multi-Unit
LN001719,2024-01-01,360475.92,3.148,650-699,70-80%,30-40%,NY,Purchase,Owner-Occupied,Condo
LN001720,2024-06-01,283459.94,4.169,800+,80-90%,40-50%,IL,Refinance-Cashout,Owner-Occupied,Multi-Unit
LN001721,2022-11-01,393943.9,2.5,650-699,90-95%,<30%,IL,Purchase,Investment,Single-Family
LN001722,2022-07-01,272040.17,5.766,750-799,70-80%,40-50%,FL,Purchase,Second Home,Single-Family
LN001723,2024-07-01,163762.05,7.481,<600,<60%,30-40%,TX,Purchase,Owner-Occupied,Single-Family
LN001724,2022-10-01,151303.99,2.5,650-699,60-70%,30-40%,GA,Refinance-Rate-Term,Owner-Occupied,Single-Family
LN001725,2023-01-01,109099.05,7.544,650-699,60-70%,30-40%,OH,Purchase,Owner-Occupied,Single-Family
LN001726,2024-07-01,363295.78,5.746,750-799,80-90%,>50%,IL,Purchase,Owner-Occupied,Multi-Unit
LN001727,2022-07-01,555773.09,3.385,750-799,<60%,<30%,CA,Purchase,Owner-Occupied,Single-Family
LN001728,2024-12-01,343523.81,5.385,800+,<60%,30-40%,MI,Purchase,Owner-Occupied,Single-Family
LN001729,2023-08-01,467204.69,3.434,800+,80-90%,40-50%,CA,Purchase,Owner-Occupied,Multi-Unit
LN001730,2022-04-01,413357.33,5.661,600-649,70-80%,40-50%,GA,Purchase,Second Home,Single-Family
LN001731,2022-07-01,248166.4,5.095,750-799,70-80%,40-50%,NY,Purchase,Second Home,Multi-Unit
LN001732,2022-01-01,426531.6,5.494,700-749,70-80%,40-50%,NY,Purchase,Owner-Occupied,Multi-Unit
LN001733,2023-01-01,252142.53,3.622,750-799,80-90%,40-50%,NC,Refinance-Cashout,Owner-Occupied,Condo
LN001734,2023-10-01,254129.21,3.84,600-649,60-70%,30-40%,TX,Purchase,Owner-Occupied,Single-Family
LN001735,2023-09-01,279140.77,5.753,750-799,70-80%,30-40%,IL,Refinance-Cashout,Owner-Occupied,Multi-Unit
LN001736,2023-10-01,283880.2,4.246,650-699,80-90%,30-40%,PA,Refinance-Rate-Term,Owner-Occupied,Single-Family
LN001737,2024-04-01,366136.95,5.224,650-699,70-80%,>50%,PA,Purchase,Owner-Occupied,Single-Family
LN001738,2022-09-01,232911.33,5.679,<600,80-90%,30-40%,MI,Purchase,Investment,Condo
LN001739,2024-02-01,388910.28,4.666,600-649,80-90%,30-40%,FL,Refinance-Cashout,Owner-Occupied,Single-Family
LN001740,2022-09-01,387474.41,6.733,700-749,80-90%,40-50%,MI,Refinance-Rate-Term,Owner-Occupied,Single-Family
LN001741,2023-03-01,334296.35,4.722,750-799,80-90%,30-40%,PA,Purchase,Owner-Occupied,Single-Family
LN001742,2022-10-01,493961.19,4.677,750-799,80-90%,30-40%,MI,Purchase,Owner-Occupied,Single-Family
LN001743,2023-12-01,428739.26,4.052,650-699,80-90%,40-50%,MI,Purchase,Owner-Occupied,Single-Family
LN001744,2022-08-01,406972.93,6.56,650-699,80-90%,<30%,IL,Refinance-Cashout,Owner-Occupied,Condo
LN001745,2023-12-01,306615.34,3.939,700-749,70-80%,40-50%,GA,Refinance-Cashout,Owner-Occupied,Single-Family
LN001746,2023-04-01,335176.61,6.882,750-799,60-70%,30-40%,NY,Purchase,Owner-Occupied,Condo
LN001747,2024-02-01,352380.74,5.245,600-649,70-80%,30-40%,MI,Purchase,Owner-Occupied,Single-Family
LN001748,2024-03-01,301324.14,9.0,700-749,60-70%,>50%,MI,Purchase,Owner-Occupied,Single-Family
LN001749,2022-04-01,262443.05,4.009,600-649,70-80%,30-40%,FL,Refinance-Cashout,Owner-Occupied,Condo
LN001750,2023-12-01,59428.73,6.913,700-749,70-80%,30-40%,PA,Purchase,Owner-Occupied,Single-Family
LN001751,2023-07-01,371776.54,5.765,600-649,>95%,40-50%,MI,Refinance-Cashout,Owner-Occupied,Single-Family
LN001752,2024-12-01,404144.72,4.229,600-649,>95%,<30%,NC,Purchase,Owner-Occupied,Single-Family
LN001753,2022-10-01,183888.11,5.786,650-699,80-90%,<30%,GA,Refinance-Rate-Term,Owner-Occupied,Single-Family
LN001754,2024-01-01,360516.86,5.712,650-699,>95%,30-40%,MI,Purchase,Owner-Occupied,Single-Family
LN001755,2023-06-01,240847.33,4.502,650-699,>95%,30-40%,GA,Refinance-Cashout,Owner-Occupied,Single-Family
LN001756,2023-07-01,263347.08,5.642,700-749,90-95%,30-40%,FL,Purchase,Owner-Occupied,Single-Family
LN001757,2024-12-01,431076.05,6.745,600-649,<60%,40-50%,CA,Refinance-Cashout,Owner-Occupied,Single-Family
LN001758,2022-10-01,200936.56,5.767,600-649,70-80%,<30%,FL,Purchase,Owner-Occupied,Condo
LN001759,2024-09-01,200785.22,4.371,650-699,70-80%,30-40%,FL,Refinance-Rate-Term,Owner-Occupied,Single-Family
LN001760,2022-05-01,480483.44,4.287,750-799,60-70%,30-40%,PA,Purchase,Investment,Multi-Unit
LN001761,2024-11-01,285444.33,4.869,700-749,80-90%,30-40%,FL,Purchase,Owner-Occupied,Single-Family
LN001762,2024-10-01,424654.56,6.669,750-799,60-70%,30-40%,TX,Purchase,Second Home,Condo
LN001763,2024-09-01,140129.71,3.869,700-749,70-80%,30-40%,NC,Purchase,Owner-Occupied,Single-Family
LN001764,2023-09-01,148139.67,5.588,650-699,<60%,>50%,PA,Purchase,Owner-Occupied,Single-Family
LN001765,2023-05-01,208705.55,2.656,<600,70-80%,<30%,IL,Purchase,Investment,Single-Family
LN001766,2023-10-01,251853.92,5.892,700-749,70-80%,30-40%,FL,Purchase,Second Home,Single-Family
LN001767,2023-03-01,159671.34,6.128,700-749,80-90%,30-40%,OH,Purchase,Owner-Occupied,Multi-Unit
LN001768,2024-11-01,336929.65,8.041,750-799,70-80%,40-50%,OH,Purchase,Owner-Occupied,Single-Family
LN001769,2024-04-01,343459.42,6.388,750-799,70-80%,>50%,NY,Purchase,Owner-Occupied,Single-Family
LN001770,2022-07-01,210185.71,4.398,700-749,80-90%,>50%,MI,Purchase,Second Home,Condo
LN001771,2024-08-01,218140.13,2.698,700-749,80-90%,30-40%,TX,Purchase,Owner-Occupied,Single-Family
LN001772,2022-11-01,231321.86,5.771,650-699,70-80%,30-40%,TX,Refinance-Cashout,Owner-Occupied,Single-Family
LN001773,2022-10-01,183511.42,4.509,650-699,<60%,30-40%,GA,Purchase,Owner-Occupied,Single-Family
LN001774,2022-09-01,50000.0,5.501,800+,<60%,30-40%,NY,Refinance-Rate-Term,Owner-Occupied,Single-Family
LN001775,2023-02-01,291495.97,3.92,600-649,80-90%,40-50%,OH,Purchase,Owner-Occupied,Single-Family
LN001776,2023-01-01,256956.23,4.74,800+,70-80%,30-40%,FL,Refinance-Cashout,Owner-Occupied,Condo
LN001777,2024-01-01,267185.42,2.5,700-749,60-70%,40-50%,NC,Purchase,Owner-Occupied,Single-Family
LN001778,2022-02-01,198819.65,3.431,700-749,60-70%,>50%,MI,Refinance-Cashout,Owner-Occupied,Single-Family
LN001779,2024-11-01,381049.75,3.219,650-699,80-90%,30-40%,NC,Purchase,Second Home,Condo
LN001780,2022-07-01,542539.16,6.309,750-799,70-80%,40-50%,OH,Purchase,Owner-Occupied,Condo
LN001781,2023-09-01,216591.51,3.759,700-749,70-80%,<30%,OH,Purchase,Owner-Occupied,Single-Family
LN001782,2023-06-01,439969.61,7.067,700-749,70-80%,<30%,CA,Purchase,Owner-Occupied,Single-Family
LN001783,2022-03-01,336664.98,3.774,650-699,60-70%,<30%,MI,Purchase,Owner-Occupied,Single-Family
LN001784,2022-11-01,303541.99,8.144,600-649,70-80%,<30%,GA,Purchase,Investment,Condo
LN001785,2023-12-01,265587.73,2.5,700-749,70-80%,30-40%,TX,Refinance-Cashout,Owner-Occupied,Condo
LN001786,2023-07-01,291678.31,5.636,650-699,70-80%,30-40%,GA,Purchase,Owner-Occupied,Single-Family
LN001787,2022-04-01,414959.07,5.058,750-799,90-95%,40-50%,TX,Purchase,Owner-Occupied,Multi-Unit
LN001788,2024-02-01,186191.9,3.183,750-799,70-80%,<30%,CA,Refinance-Rate-Term,Owner-Occupied,Single-Family
LN001789,2024-08-01,272499.33,4.174,650-699,80-90%,40-50%,GA,Refinance-Rate-Term,Owner-Occupied,Condo
LN001790,2024-12-01,424900.02,4.608,750-799,60-70%,40-50%,NY,Purchase,Second Home,Condo
LN001791,2024-09-01,398371.47,5.375,650-699,70-80%,40-50%,MI,Refinance-Rate-Term,Owner-Occupied,Multi-Unit
LN001792,2024-12-01,187741.41,3.595,750-799,60-70%,30-40%,PA,Purchase,Owner-Occupied,Multi-Unit
LN001793,2022-03-01,281740.81,5.638,<600,80-90%,<30%,MI,Purchase,Owner-Occupied,Single-Family
LN001794,2022-09-01,372800.78,5.18,650-699,70-80%,40-50%,MI,Purchase,Owner-Occupied,Single-Family
LN001795,2022-08-01,366342.81,6.169,650-699,70-80%,40-50%,CA,Purchase,Second Home,Single-Family
LN001796,2024-09-01,397513.45,3.706,750-799,80-90%,30-40%,NC,Purchase,Owner-Occupied,Condo
LN001797,2022-06-01,338428.59,4.386,600-649,>95%,40-50%,OH,Purchase,Owner-Occupied,Condo
LN001798,2022-04-01,355195.31,7.163,650-699,60-70%,<30%,IL,Purchase,Owner-Occupied,Single-Family
LN001799,2023-01-01,334279.64,3.641,700-749,<60%,40-50%,PA,Purchase,Investment,Single-Family
LN001800,2022-02-01,457973.31,2.911,<600,60-70%,<30%,FL,Refinance-Rate-Term,Owner-Occupied,Single-Family
LN001801,2022-05-01,257818.88,4.054,750-799,80-90%,30-40%,NC,Refinance-Rate-Term,Owner-Occupied,Single-Family
LN001802,2024-03-01,304819.12,2.5,700-749,60-70%,30-40%,TX,Refinance-Rate-Term,Investment,Single-Family
LN001803,2024-08-01,198503.12,7.509,800+,70-80%,30-40%,MI,Refinance-Cashout,Owner-Occupied,Condo
LN001804,2023-09-01,178797.82,4.576,<600,70-80%,<30%,CA,Refinance-Cashout,Owner-Occupied,Single-Family
LN001805,2022-08-01,332495.67,4.59,650-699,70-80%,>50%,CA,Refinance-Cashout,Investment,Single-Family
LN001806,2022-08-01,227581.37,6.114,750-799,<60%,30-40%,MI,Purchase,Investment,Single-Family
LN001807,2022-03-01,294231.44,3.912,750-799,70-80%,30-40%,TX,Purchase,Owner-Occupied,Condo
LN001808,2022-03-01,461774.93,4.676,650-699,60-70%,40-50%,PA,Purchase,Owner-Occupied,Single-Family
LN001809,2023-10-01,455993.77,3.872,700-749,60-70%,40-50%,PA,Purchase,Owner-Occupied,Single-Family
LN001810,2022-06-01,522404.48,2.5,750-799,70-80%,<30%,NC,Purchase,Owner-Occupied,Single-Family
LN001811,2022-02-01,463765.25,5.076,<600,80-90%,40-50%,MI,Purchase,Owner-Occupied,Single-Family
LN001812,2023-11-01,540301.82,6.539,750-799,<60%,30-40%,NY,Refinance-Cashout,Owner-Occupied,Multi-Unit
LN001813,2022-02-01,343652.97,5.119,650-699,70-80%,<30%,GA,Purchase,Owner-Occupied,Condo
LN001814,2023-05-01,209697.94,6.38,800+,60-70%,40-50%,NY,Purchase,Owner-Occupied,Condo
LN001815,2024-11-01,199960.74,3.356,700-749,80-90%,>50%,FL,Purchase,Owner-Occupied,Single-Family
LN001816,2024-10-01,439633.06,3.869,<600,80-90%,<30%,NY,Refinance-Rate-Term,Owner-Occupied,Single-Family
LN001817,2023-11-01,305162.65,3.059,700-749,80-90%,30-40%,CA,Purchase,Owner-Occupied,Single-Family
LN001818,2024-06-01,312613.15,5.55,800+,70-80%,30-40%,NC,Purchase,Second Home,Single-Family
LN001819,2022-08-01,245092.89,4.524,750-799,70-80%,30-40%,IL,Refinance-Cashout,Owner-Occupied,Condo
LN001820,2023-10-01,257082.61,4.467,650-699,80-90%,>50%,OH,Refinance-Rate-Term,Owner-Occupied,Single-Family
LN001821,2024-12-01,338375.93,6.003,700-749,<60%,40-50%,FL,Refinance-Rate-Term,Owner-Occupied,Single-Family
LN001822,2022-05-01,194477.65,4.291,700-749,70-80%,40-50%,IL,Refinance-Cashout,Owner-Occupied,Single-Family
LN001823,2023-01-01,325713.85,6.62,<600,80-90%,30-40%,MI,Purchase,Owner-Occupied,Multi-Unit
LN001824,2024-05-01,451108.02,5.353,650-699,70-80%,30-40%,NY,Refinance-Rate-Term,Owner-Occupied,Multi-Unit
LN001825,2024-07-01,86636.42,4.451,700-749,70-80%,30-40%,OH,Purchase,Owner-Occupied,Single-Family
LN001826,2023-04-01,145868.81,2.673,700-749,80-90%,30-40%,IL,Refinance-Rate-Term,Investment,Single-Family
LN001827,2024-06-01,367561.0,5.995,650-699,<60%,40-50%,TX,Purchase,Owner-Occupied,Single-Family
LN001828,2023-04-01,436396.79,5.424,750-799,70-80%,30-40%,FL,Purchase,Owner-Occupied,Single-Family
LN001829,2022-12-01,251010.73,5.497,700-749,70-80%,30-40%,GA,Purchase,Owner-Occupied,Multi-Unit
LN001830,2023-05-01,100175.94,5.544,650-699,<60%,40-50%,FL,Purchase,Owner-Occupied,Single-Family
LN001831,2023-04-01,443192.42,4.206,650-699,60-70%,40-50%,OH,Purchase,Owner-Occupied,Multi-Unit
LN001832,2022-12-01,218893.48,4.773,700-749,70-80%,<30%,IL,Purchase,Second Home,Condo
LN001833,2022-08-01,263875.37,4.312,750-799,60-70%,40-50%,OH,Refinance-Rate-Term,Owner-Occupied,Condo
LN001834,2023-08-01,331904.49,6.875,750-799,70-80%,30-40%,MI,Purchase,Owner-Occupied,Single-Family
LN001835,2022-03-01,233356.66,4.587,650-699,70-80%,40-50%,NC,Purchase,Owner-Occupied,Condo
LN001836,2023-04-01,212387.03,4.071,700-749,<60%,30-40%,OH,Refinance-Rate-Term,Owner-Occupied,Single-Family
LN001837,2024-06-01,214219.98,6.978,800+,70-80%,30-40%,PA,Refinance-Rate-Term,Owner-Occupied,Single-Family
LN001838,2023-11-01,485792.86,6.815,700-749,<60%,40-50%,CA,Purchase,Owner-Occupied,Single-Family
LN001839,2024-04-01,415961.36,5.355,650-699,70-80%,30-40%,NY,Purchase,Owner-Occupied,Single-Family
LN001840,2022-05-01,357451.73,4.805,750-799,70-80%,<30%,GA,Refinance-Rate-Term,Owner-Occupied,Multi-Unit
LN001841,2023-08-01,81356.68,4.431,650-699,80-90%,30-40%,CA,Purchase,Owner-Occupied,Single-Family
LN001842,2022-01-01,357819.19,4.934,650-699,70-80%,<30%,PA,Purchase,Owner-Occupied,Single-Family
LN001843,2024-06-01,352420.02,3.688,600-649,70-80%,40-50%,TX,Purchase,Owner-Occupied,Single-Family
LN001844,2023-09-01,172186.69,5.725,650-699,80-90%,<30%,NC,Refinance-Cashout,Owner-Occupied,Multi-Unit
LN001845,2023-08-01,325871.01,7.479,700-749,70-80%,30-40%,GA,Purchase,Owner-Occupied,Multi-Unit
LN001846,2022-06-01,405149.25,5.844,600-649,70-80%,40-50%,NC,Purchase,Owner-Occupied,Single-Family
LN001847,2023-10-01,356936.59,3.345,750-799,80-90%,30-40%,NC,Refinance-Cashout,Owner-Occupied,Single-Family
LN001848,2023-06-01,231983.06,5.683,700-749,60-70%,30-40%,TX,Purchase,Owner-Occupied,Single-Family
LN001849,2022-08-01,301326.46,5.292,700-749,>95%,30-40%,TX,Purchase,Owner-Occupied,Single-Family
LN001850,2024-08-01,373035.69,5.669,700-749,90-95%,30-40%,NC,Purchase,Owner-Occupied,Multi-Unit
LN001851,2024-09-01,305945.2,3.771,750-799,70-80%,<30%,TX,Refinance-Cashout,Investment,Condo
LN001852,2023-04-01,425428.49,5.005,700-749,90-95%,40-50%,NY,Refinance-Cashout,Owner-Occupied,Multi-Unit
LN001853,2022-12-01,339568.16,6.325,750-799,80-90%,40-50%,TX,Refinance-Rate-Term,Owner-Occupied,Single-Family
LN001854,2024-10-01,375292.27,3.395,750-799,90-95%,40-50%,CA,Purchase,Owner-Occupied,Condo
LN001855,2023-02-01,382140.06,4.326,750-799,80-90%,40-50%,MI,Purchase,Investment,Single-Family
LN001856,2024-12-01,193331.73,4.568,700-749,80-90%,>50%,OH,Purchase,Owner-Occupied,Single-Family
LN001857,2024-09-01,304998.6,6.498,750-799,<60%,>50%,IL,Purchase,Owner-Occupied,Multi-Unit
LN001858,2023-11-01,266764.55,6.721,700-749,70-80%,40-50%,FL,Refinance-Rate-Term,Owner-Occupied,Single-Family
LN001859,2022-02-01,404384.6,2.5,600-649,60-70%,40-50%,GA,Purchase,Owner-Occupied,Single-Family
LN001860,2023-09-01,346323.3,6.496,600-649,70-80%,40-50%,IL,Refinance-Cashout,Owner-Occupied,Single-Family
LN001861,2022-02-01,281178.75,6.768,800+,>95%,<30%,CA,Purchase,Owner-Occupied,Single-Family
LN001862,2024-03-01,171814.86,6.672,650-699,<60%,<30%,NC,Purchase,Owner-Occupied,Single-Family
LN001863,2022-09-01,140309.17,4.206,750-799,80-90%,<30%,IL,Refinance-Rate-Term,Owner-Occupied,Single-Family
LN001864,2022-01-01,331034.26,4.655,650-699,60-70%,>50%,FL,Purchase,Owner-Occupied,Condo
LN001865,2022-11-01,228278.73,2.649,700-749,<60%,40-50%,PA,Refinance-Cashout,Owner-Occupied,Single-Family
LN001866,2022-03-01,366612.65,2.5,750-799,70-80%,40-50%,GA,Purchase,Owner-Occupied,Single-Family
LN001867,2023-11-01,135685.97,4.458,650-699,60-70%,30-40%,TX,Refinance-Rate-Term,Owner-Occupied,Single-Family
LN001868,2024-02-01,459295.12,5.115,750-799,>95%,30-40%,FL,Refinance-Cashout,Owner-Occupied,Single-Family
LN001869,2022-04-01,366386.41,5.265,750-799,60-70%,<30%,OH,Purchase,Owner-Occupied,Single-Family
LN001870,2023-06-01,309918.51,6.232,700-749,60-70%,40-50%,TX,Purchase,Owner-Occupied,Single-Family
LN001871,2022-06-01,468305.89,9.0,700-749,<60%,40-50%,IL,Purchase,Owner-Occupied,Single-Family
LN001872,2024-11-01,394841.79,4.406,600-649,70-80%,40-50%,NC,Refinance-Rate-Term,Owner-Occupied,Single-Family
LN001873,2023-10-01,252499.68,3.417,700-749,<60%,<30%,OH,Purchase,Owner-Occupied,Multi-Unit
LN001874,2023-03-01,307757.63,5.819,600-649,70-80%,<30%,FL,Purchase,Owner-Occupied,Single-Family
LN001875,2023-10-01,103572.57,5.333,650-699,70-80%,30-40%,TX,Refinance-Rate-Term,Owner-Occupied,Multi-Unit
LN001876,2022-12-01,406419.03,4.138,800+,<60%,30-40%,MI,Refinance-Cashout,Second Home,Single-Family
LN001877,2023-06-01,270404.83,6.366,700-749,60-70%,40-50%,NC,Refinance-Cashout,Owner-Occupied,Single-Family
LN001878,2024-11-01,102277.52,3.782,750-799,80-90%,<30%,NC,Purchase,Investment,Condo
LN001879,2024-06-01,181816.14,4.807,700-749,70-80%,30-40%,NC,Purchase,Owner-Occupied,Single-Family
LN001880,2023-12-01,387091.2,4.894,650-699,70-80%,30-40%,MI,Refinance-Cashout,Owner-Occupied,Single-Family
LN001881,2024-06-01,461380.27,3.578,700-749,80-90%,30-40%,FL,Purchase,Owner-Occupied,Single-Family
LN001882,2023-02-01,302042.55,2.5,750-799,80-90%,30-40%,CA,Refinance-Rate-Term,Owner-Occupied,Condo
LN001883,2022-06-01,201794.87,5.328,600-649,80-90%,>50%,NC,Refinance-Rate-Term,Investment,Single-Family
LN001884,2022-03-01,157925.03,7.053,750-799,80-90%,30-40%,OH,Purchase,Owner-Occupied,Single-Family
LN001885,2023-04-01,441461.46,6.441,700-749,60-70%,40-50%,TX,Purchase,Owner-Occupied,Single-Family
LN001886,2022-07-01,344946.78,6.542,<600,<60%,<30%,PA,Purchase,Owner-Occupied,Single-Family
LN001887,2023-02-01,266986.04,3.802,700-749,70-80%,40-50%,NC,Purchase,Owner-Occupied,Condo
LN001888,2022-09-01,243172.82,5.321,700-749,90-95%,30-40%,GA,Purchase,Owner-Occupied,Single-Family
LN001889,2023-03-01,367182.96,2.864,650-699,<60%,40-50%,PA,Refinance-Cashout,Owner-Occupied,Single-Family
LN001890,2023-09-01,364431.85,5.253,750-799,70-80%,30-40%,PA,Purchase,Second Home,Single-Family
LN001891,2024-11-01,210341.56,7.083,750-799,80-90%,<30%,GA,Purchase,Owner-Occupied,Single-Family
LN001892,2022-02-01,185762.75,7.13,750-799,70-80%,<30%,NC,Purchase,Owner-Occupied,Single-Family
LN001893,2024-03-01,190809.73,8.046,750-799,70-80%,>50%,GA,Purchase,Owner-Occupied,Condo
LN001894,2022-02-01,253177.54,6.484,800+,70-80%,<30%,CA,Purchase,Owner-Occupied,Single-Family
LN001895,2024-11-01,231021.45,5.714,800+,<60%,40-50%,TX,Purchase,Investment,Multi-Unit
LN001896,2023-06-01,461809.2,6.312,600-649,70-80%,40-50%,PA,Purchase,Owner-Occupied,Single-Family
LN001897,2023-02-01,249621.94,6.021,700-749,<60%,30-40%,GA,Purchase,Owner-Occupied,Multi-Unit
LN001898,2023-08-01,175033.36,3.789,<600,80-90%,<30%,NY,Purchase,Owner-Occupied,Single-Family
LN001899,2023-06-01,180650.26,2.727,700-749,90-95%,<30%,NY,Refinance-Rate-Term,Owner-Occupied,Condo
LN001900,2022-10-01,281602.84,6.324,800+,70-80%,30-40%,TX,Purchase,Owner-Occupied,Single-Family
LN001901,2024-01-01,117787.59,8.14,650-699,80-90%,30-40%,MI,Purchase,Owner-Occupied,Single-Family
LN001902,2022-02-01,293987.93,6.386,700-749,70-80%,40-50%,CA,Refinance-Cashout,Owner-Occupied,Condo
LN001903,2024-01-01,166379.05,2.5,700-749,60-70%,40-50%,MI,Refinance-Rate-Term,Owner-Occupied,Condo
LN001904,2024-09-01,415861.04,4.221,650-699,<60%,40-50%,NC,Purchase,Second Home,Single-Family
LN001905,2024-12-01,311656.23,4.705,650-699,70-80%,<30%,OH,Purchase,Owner-Occupied,Single-Family
LN001906,2024-07-01,512102.36,2.5,700-749,80-90%,40-50%,NC,Refinance-Rate-Term,Owner-Occupied,Single-Family
LN001907,2023-02-01,277179.94,2.935,650-699,>95%,30-40%,TX,Purchase,Owner-Occupied,Multi-Unit
LN001908,2022-01-01,50000.0,4.944,700-749,70-80%,30-40%,MI,Purchase,Owner-Occupied,Single-Family
LN001909,2023-04-01,445768.12,5.392,700-749,70-80%,40-50%,IL,Purchase,Owner-Occupied,Single-Family
LN001910,2022-03-01,350192.32,3.521,700-749,70-80%,40-50%,TX,Refinance-Cashout,Owner-Occupied,Condo
LN001911,2024-11-01,365690.79,2.866,600-649,70-80%,30-40%,MI,Purchase,Owner-Occupied,Single-Family
LN001912,2022-06-01,199741.64,6.79,700-749,70-80%,40-50%,OH,Purchase,Owner-Occupied,Single-Family
LN001913,2024-01-01,295715.19,4.426,<600,80-90%,30-40%,NC,Purchase,Owner-Occupied,Single-Family
LN001914,2023-01-01,318646.09,4.641,750-799,80-90%,40-50%,FL,Purchase,Owner-Occupied,Single-Family
LN001915,2024-10-01,276217.94,4.18,650-699,70-80%,<30%,CA,Purchase,Owner-Occupied,Single-Family
LN001916,2022-08-01,126563.72,3.843,750-799,70-80%,<30%,NY,Refinance-Cashout,Owner-Occupied,Single-Family
LN001917,2023-09-01,576869.2,6.954,750-799,>95%,40-50%,NY,Purchase,Owner-Occupied,Single-Family
LN001918,2024-10-01,383582.92,3.68,750-799,80-90%,40-50%,PA,Refinance-Cashout,Owner-Occupied,Single-Family
LN001919,2022-04-01,342058.4,5.27,650-699,70-80%,30-40%,IL,Purchase,Second Home,Single-Family
LN001920,2024-01-01,431388.56,5.013,650-699,70-80%,40-50%,IL,Purchase,Second Home,Single-Family
LN001921,2023-03-01,364419.22,2.5,700-749,80-90%,>50%,NC,Purchase,Owner-Occupied,Single-Family
LN001922,2022-04-01,232279.71,5.361,<600,70-80%,40-50%,CA,Purchase,Second Home,Single-Family
LN001923,2022-12-01,424978.28,2.684,800+,70-80%,40-50%,GA,Purchase,Owner-Occupied,Single-Family
LN001924,2024-08-01,385221.6,5.953,700-749,70-80%,40-50%,GA,Refinance-Rate-Term,Owner-Occupied,Single-Family
LN001925,2024-08-01,236071.42,3.22,800+,80-90%,40-50%,GA,Purchase,Owner-Occupied,Single-Family
LN001926,2024-04-01,379001.47,5.783,750-799,70-80%,30-40%,FL,Purchase,Owner-Occupied,Single-Family
LN001927,2023-01-01,275943.0,4.356,600-649,70-80%,40-50%,MI,Refinance-Rate-Term,Owner-Occupied,Multi-Unit
LN001928,2024-07-01,320847.82,3.989,750-799,90-95%,30-40%,GA,Purchase,Owner-Occupied,Single-Family
LN001929,2023-02-01,359965.05,5.316,650-699,90-95%,<30%,TX,Purchase,Owner-Occupied,Single-Family
LN001930,2023-08-01,436849.77,2.792,650-699,80-90%,30-40%,GA,Purchase,Owner-Occupied,Single-Family
LN001931,2023-06-01,235400.4,4.896,650-699,<60%,<30%,GA,Purchase,Owner-Occupied,Single-Family
LN001932,2024-05-01,336496.22,6.173,800+,70-80%,<30%,FL,Refinance-Rate-Term,Owner-Occupied,Single-Family
LN001933,2022-06-01,501572.62,6.564,700-749,70-80%,>50%,NY,Purchase,Owner-Occupied,Single-Family
LN001934,2024-08-01,282395.25,4.306,750-799,60-70%,<30%,NC,Refinance-Cashout,Owner-Occupied,Single-Family
LN001935,2024-05-01,319655.68,4.525,650-699,90-95%,30-40%,NC,Refinance-Cashout,Owner-Occupied,Condo
LN001936,2022-02-01,501423.05,2.762,700-749,90-95%,30-40%,MI,Purchase,Second Home,Condo
LN001937,2023-11-01,363747.75,3.874,700-749,70-80%,30-40%,NC,Purchase,Owner-Occupied,Single-Family
LN001938,2023-07-01,152601.97,2.66,650-699,60-70%,30-40%,MI,Refinance-Rate-Term,Owner-Occupied,Single-Family
LN001939,2024-07-01,220452.23,5.66,650-699,<60%,30-40%,PA,Refinance-Cashout,Owner-Occupied,Condo
LN001940,2022-05-01,368957.92,6.263,700-749,70-80%,40-50%,CA,Purchase,Owner-Occupied,Single-Family
LN001941,2023-07-01,342300.49,4.319,750-799,<60%,30-40%,GA,Refinance-Cashout,Owner-Occupied,Single-Family
LN001942,2024-10-01,316257.99,3.413,650-699,70-80%,30-40%,NC,Refinance-Cashout,Owner-Occupied,Single-Family
LN001943,2022-10-01,516122.42,5.462,800+,70-80%,30-40%,GA,Purchase,Owner-Occupied,Single-Family
LN001944,2024-01-01,238251.28,3.698,600-649,90-95%,<30%,CA,Refinance-Rate-Term,Owner-Occupied,Single-Family
LN001945,2022-02-01,292558.62,6.008,700-749,60-70%,30-40%,PA,Purchase,Owner-Occupied,Single-Family
LN001946,2022-11-01,103688.98,7.903,600-649,70-80%,<30%,NC,Purchase,Owner-Occupied,Single-Family
LN001947,2024-07-01,416065.99,3.673,<600,90-95%,30-40%,NC,Purchase,Owner-Occupied,Condo
LN001948,2023-03-01,220114.77,3.887,800+,70-80%,40-50%,OH,Purchase,Owner-Occupied,Single-Family
LN001949,2022-09-01,405713.68,2.811,750-799,<60%,30-40%,OH,Refinance-Rate-Term,Owner-Occupied,Single-Family
LN001950,2023-11-01,395203.01,5.219,750-799,60-70%,40-50%,NY,Purchase,Owner-Occupied,Single-Family
LN001951,2023-07-01,534909.93,5.117,750-799,80-90%,<30%,OH,Purchase,Owner-Occupied,Single-Family
LN001952,2022-09-01,364927.56,4.594,750-799,80-90%,40-50%,MI,Refinance-Cashout,Investment,Single-Family
LN001953,2024-11-01,264391.34,5.024,700-749,90-95%,30-40%,IL,Purchase,Investment,Single-Family
LN001954,2023-09-01,345362.3,3.434,750-799,60-70%,>50%,MI,Purchase,Owner-Occupied,Single-Family
LN001955,2022-09-01,224074.72,2.505,700-749,80-90%,<30%,IL,Purchase,Investment,Single-Family
LN001956,2024-04-01,331916.02,3.861,700-749,80-90%,>50%,CA,Purchase,Owner-Occupied,Condo
LN001957,2022-07-01,279909.75,2.5,750-799,60-70%,40-50%,TX,Refinance-Cashout,Owner-Occupied,Single-Family
LN001958,2023-04-01,292966.16,3.673,600-649,>95%,<30%,NC,Purchase,Owner-Occupied,Single-Family
LN001959,2023-04-01,210163.35,5.465,750-799,70-80%,>50%,TX,Purchase,Owner-Occupied,Multi-Unit
LN001960,2024-09-01,330044.61,5.089,650-699,90-95%,<30%,MI,Purchase,Owner-Occupied,Single-Family
LN001961,2022-04-01,382423.0,2.5,750-799,90-95%,40-50%,TX,Purchase,Owner-Occupied,Multi-Unit
LN001962,2022-04-01,134790.32,6.574,650-699,70-80%,40-50%,NC,Purchase,Investment,Multi-Unit
LN001963,2023-05-01,231140.73,4.708,650-699,70-80%,<30%,FL,Purchase,Owner-Occupied,Single-Family
LN001964,2024-05-01,316804.72,3.051,600-649,70-80%,30-40%,TX,Purchase,Owner-Occupied,Single-Family
LN001965,2024-12-01,65268.34,4.453,750-799,80-90%,30-40%,OH,Purchase,Owner-Occupied,Condo
LN001966,2024-11-01,474026.44,4.125,650-699,70-80%,40-50%,NC,Purchase,Owner-Occupied,Single-Family
LN001967,2022-07-01,228888.92,3.698,700-749,80-90%,40-50%,PA,Purchase,Owner-Occupied,Single-Family
LN001968,2024-03-01,206191.25,6.219,700-749,<60%,40-50%,OH,Purchase,Owner-Occupied,Single-Family
LN001969,2024-04-01,279265.77,3.341,650-699,80-90%,30-40%,FL,Refinance-Rate-Term,Investment,Single-Family
LN001970,2023-10-01,313737.28,5.277,800+,70-80%,40-50%,FL,Refinance-Rate-Term,Investment,Single-Family
LN001971,2023-02-01,224352.71,2.988,600-649,60-70%,>50%,GA,Purchase,Owner-Occupied,Single-Family
LN001972,2022-07-01,398041.37,4.945,700-749,80-90%,30-40%,OH,Refinance-Cashout,Second Home,Single-Family
LN001973,2023-10-01,339970.65,5.398,700-749,<60%,<30%,IL,Refinance-Cashout,Owner-Occupied,Condo
LN001974,2022-05-01,216275.81,5.401,650-699,60-70%,30-40%,PA,Purchase,Owner-Occupied,Condo
LN001975,2022-02-01,247759.49,5.121,650-699,60-70%,40-50%,NC,Refinance-Rate-Term,Owner-Occupied,Single-Family
LN001976,2024-03-01,148323.03,4.641,750-799,70-80%,<30%,FL,Purchase,Owner-Occupied,Single-Family
LN001977,2023-09-01,174665.91,3.404,800+,70-80%,40-50%,FL,Refinance-Cashout,Owner-Occupied,Single-Family
LN001978,2023-03-01,338759.83,3.421,600-649,80-90%,>50%,PA,Purchase,Owner-Occupied,Single-Family
LN001979,2023-09-01,217313.54,5.448,650-699,80-90%,<30%,GA,Refinance-Cashout,Owner-Occupied,Single-Family
LN001980,2022-10-01,480428.45,3.108,800+,70-80%,30-40%,IL,Purchase,Owner-Occupied,Single-Family
LN001981,2023-11-01,307092.32,2.764,<600,70-80%,30-40%,CA,Purchase,Owner-Occupied,Single-Family
LN001982,2022-05-01,164717.66,7.145,700-749,60-70%,30-40%,FL,Refinance-Rate-Term,Owner-Occupied,Single-Family
LN001983,2022-01-01,185665.27,4.61,700-749,80-90%,30-40%,GA,Refinance-Rate-Term,Owner-Occupied,Single-Family
LN001984,2023-01-01,405296.97,5.953,650-699,70-80%,40-50%,NY,Refinance-Rate-Term,Owner-Occupied,Multi-Unit
LN001985,2023-09-01,292348.64,6.31,750-799,60-70%,30-40%,NC,Refinance-Cashout,Owner-Occupied,Single-Family
LN001986,2024-02-01,399199.48,5.077,800+,60-70%,>50%,PA,Refinance-Rate-Term,Owner-Occupied,Single-Family
LN001987,2023-09-01,263351.2,4.435,700-749,70-80%,30-40%,MI,Refinance-Rate-Term,Owner-Occupied,Multi-Unit
LN001988,2023-06-01,243976.79,4.46,750-799,80-90%,30-40%,NY,Purchase,Owner-Occupied,Multi-Unit
LN001989,2024-08-01,411944.74,7.412,700-749,<60%,40-50%,NY,Purchase,Owner-Occupied,Single-Family
LN001990,2024-12-01,214142.26,4.162,700-749,70-80%,30-40%,MI,Purchase,Owner-Occupied,Single-Family
LN001991,2023-05-01,348905.41,5.265,<600,60-70%,30-40%,IL,Refinance-Rate-Term,Owner-Occupied,Single-Family
LN001992,2024-11-01,278821.64,6.016,750-799,>95%,40-50%,OH,Purchase,Owner-Occupied,Single-Family
LN001993,2022-11-01,387872.34,5.376,700-749,80-90%,40-50%,OH,Purchase,Owner-Occupied,Single-Family
LN001994,2023-09-01,481848.4,6.627,650-699,60-70%,30-40%,MI,Purchase,Owner-Occupied,Single-Family
LN001995,2024-02-01,260782.23,4.42,800+,60-70%,30-40%,OH,Refinance-Cashout,Owner-Occupied,Single-Family
LN001996,2022-04-01,245285.79,6.01,750-799,90-95%,>50%,IL,Purchase,Second Home,Single-Family
LN001997,2024-10-01,366580.84,2.5,800+,60-70%,<30%,NC,Purchase,Owner-Occupied,Single-Family
LN001998,2023-06-01,191799.64,7.02,650-699,>95%,30-40%,TX,Purchase,Owner-Occupied,Single-Family
LN001999,2024-11-01,461646.55,6.685,750-799,70-80%,40-50%,GA,Purchase,Owner-Occupied,Single-Family
LN002000,2024-05-01,444602.26,4.543,700-749,<60%,<30%,MI,Purchase,Second Home,Single-Family
LN002001,2024-05-01,200088.04,5.658,800+,80-90%,30-40%,GA,Purchase,Owner-Occupied,Single-Family
LN002002,2023-09-01,141687.52,6.337,800+,70-80%,<30%,FL,Purchase,Owner-Occupied,Single-Family
LN002003,2023-01-01,183942.28,3.443,800+,>95%,40-50%,IL,Refinance-Cashout,Owner-Occupied,Single-Family
LN002004,2023-05-01,185463.04,4.783,800+,80-90%,40-50%,GA,Refinance-Rate-Term,Owner-Occupied,Single-Family
LN002005,2022-09-01,380176.06,3.041,<600,70-80%,<30%,MI,Purchase,Owner-Occupied,Single-Family
LN002006,2022-01-01,454917.03,6.708,750-799,80-90%,<30%,NC,Refinance-Rate-Term,Owner-Occupied,Single-Family
LN002007,2022-02-01,379012.62,6.234,650-699,80-90%,40-50%,OH,Refinance-Rate-Term,Owner-Occupied,Single-Family
LN002008,2024-05-01,276380.78,4.579,750-799,70-80%,30-40%,NY,Refinance-Rate-Term,Owner-Occupied,Single-Family
LN002009,2024-09-01,334249.85,4.405,800+,70-80%,30-40%,NY,Purchase,Owner-Occupied,Single-Family
LN002010,2022-10-01,213022.2,4.777,<600,60-70%,30-40%,FL,Purchase,Owner-Occupied,Single-Family
LN002011,2023-09-01,409720.8,3.654,700-749,70-80%,<30%,GA,Refinance-Rate-Term,Owner-Occupied,Single-Family
LN002012,2024-04-01,343202.89,4.739,750-799,80-90%,30-40%,PA,Purchase,Owner-Occupied,Single-Family
LN002013,2022-11-01,377319.78,3.443,650-699,70-80%,30-40%,MI,Purchase,Second Home,Single-Family
LN002014,2024-10-01,227246.43,6.347,650-699,70-80%,30-40%,PA,Purchase,Owner-Occupied,Single-Family
LN002015,2022-08-01,283140.28,6.705,600-649,80-90%,40-50%,MI,Refinance-Rate-Term,Investment,Single-Family
LN002016,2023-10-01,372507.31,6.418,600-649,<60%,30-40%,MI,Purchase,Owner-Occupied,Single-Family
LN002017,2022-08-01,444351.29,3.209,750-799,70-80%,40-50%,NC,Purchase,Owner-Occupied,Single-Family
LN002018,2023-03-01,239190.02,4.687,700-749,90-95%,30-40%,FL,Refinance-Cashout,Owner-Occupied,Multi-Unit
LN002019,2023-05-01,378045.19,5.877,<600,70-80%,30-40%,NY,Refinance-Cashout,Owner-Occupied,Single-Family
LN002020,2023-11-01,228792.82,6.153,800+,70-80%,<30%,FL,Purchase,Owner-Occupied,Single-Family
LN002021,2023-12-01,511719.38,2.5,750-799,70-80%,30-40%,FL,Purchase,Owner-Occupied,Multi-Unit
LN002022,2023-07-01,258517.53,6.111,700-749,80-90%,40-50%,CA,Refinance-Rate-Term,Owner-Occupied,Single-Family
LN002023,2022-05-01,364350.52,3.135,650-699,70-80%,40-50%,MI,Purchase,Owner-Occupied,Single-Family
LN002024,2024-08-01,316560.96,4.769,750-799,<60%,30-40%,PA,Refinance-Rate-Term,Owner-Occupied,Single-Family
LN002025,2022-01-01,560530.31,6.886,700-749,<60%,40-50%,NC,Refinance-Rate-Term,Investment,Single-Family
LN002026,2023-11-01,322990.16,6.683,750-799,80-90%,30-40%,IL,Purchase,Investment,Single-Family
LN002027,2022-08-01,248494.4,6.989,750-799,70-80%,40-50%,MI,Purchase,Owner-Occupied,Single-Family
LN002028,2023-01-01,363950.65,3.401,600-649,80-90%,40-50%,TX,Purchase,Owner-Occupied,Single-Family
LN002029,2022-08-01,361724.09,3.771,800+,70-80%,30-40%,MI,Refinance-Rate-Term,Owner-Occupied,Single-Family
LN002030,2023-11-01,284253.01,4.156,700-749,70-80%,30-40%,NY,Purchase,Owner-Occupied,Single-Family
LN002031,2022-01-01,190523.41,4.78,700-749,90-95%,40-50%,PA,Purchase,Owner-Occupied,Multi-Unit
LN002032,2023-12-01,247200.11,5.325,800+,<60%,30-40%,OH,Purchase,Owner-Occupied,Single-Family
LN002033,2024-11-01,388149.89,6.916,700-749,60-70%,>50%,OH,Purchase,Owner-Occupied,Single-Family
LN002034,2023-12-01,125255.11,3.607,750-799,70-80%,40-50%,NY,Purchase,Owner-Occupied,Single-Family
LN002035,2023-05-01,275195.41,4.057,750-799,<60%,40-50%,MI,Purchase,Owner-Occupied,Single-Family
LN002036,2022-05-01,399486.39,7.135,650-699,70-80%,30-40%,MI,Refinance-Rate-Term,Owner-Occupied,Single-Family
LN002037,2023-08-01,290650.38,3.261,800+,>95%,<30%,IL,Purchase,Owner-Occupied,Single-Family
LN002038,2023-09-01,517371.01,6.09,700-749,90-95%,<30%,NY,Purchase,Second Home,Multi-Unit
LN002039,2024-07-01,125534.98,4.867,700-749,70-80%,30-40%,MI,Refinance-Cashout,Owner-Occupied,Single-Family
LN002040,2024-12-01,203863.21,5.582,800+,90-95%,30-40%,PA,Refinance-Rate-Term,Owner-Occupied,Single-Family
LN002041,2022-11-01,68536.62,3.783,700-749,60-70%,>50%,OH,Refinance-Rate-Term,Investment,Single-Family
LN002042,2023-03-01,499369.06,6.061,750-799,70-80%,30-40%,TX,Purchase,Owner-Occupied,Single-Family
LN002043,2023-07-01,205501.28,4.019,750-799,70-80%,40-50%,MI,Purchase,Second Home,Multi-Unit
LN002044,2022-07-01,101307.87,2.871,650-699,70-80%,40-50%,FL,Purchase,Owner-Occupied,Multi-Unit
LN002045,2024-04-01,238808.07,5.72,650-699,<60%,40-50%,GA,Refinance-Cashout,Owner-Occupied,Condo
LN002046,2022-05-01,160719.09,2.5,600-649,90-95%,30-40%,OH,Refinance-Cashout,Owner-Occupied,Single-Family
LN002047,2022-05-01,239521.51,4.148,750-799,80-90%,30-40%,CA,Refinance-Cashout,Owner-Occupied,Single-Family
LN002048,2024-06-01,304122.93,5.437,650-699,80-90%,30-40%,NY,Purchase,Second Home,Single-Family
LN002049,2024-08-01,380492.11,6.137,650-699,60-70%,>50%,IL,Refinance-Cashout,Owner-Occupied,Multi-Unit
LN002050,2022-08-01,282533.11,6.84,650-699,70-80%,40-50%,FL,Refinance-Cashout,Owner-Occupied,Single-Family
LN002051,2022-10-01,302529.07,7.666,650-699,90-95%,30-40%,NY,Purchase,Owner-Occupied,Single-Family
LN002052,2024-08-01,241840.48,7.208,750-799,70-80%,30-40%,MI,Purchase,Owner-Occupied,Condo
LN002053,2024-04-01,148830.18,5.287,800+,70-80%,30-40%,MI,Purchase,Owner-Occupied,Single-Family
LN002054,2023-05-01,115345.98,6.688,650-699,90-95%,30-40%,MI,Purchase,Investment,Condo
LN002055,2024-07-01,263551.42,5.264,700-749,70-80%,40-50%,OH,Purchase,Owner-Occupied,Single-Family
LN002056,2022-08-01,308463.98,6.029,750-799,70-80%,40-50%,GA,Refinance-Cashout,Owner-Occupied,Condo
LN002057,2024-01-01,256138.55,4.101,700-749,70-80%,40-50%,NC,Refinance-Cashout,Investment,Single-Family
LN002058,2022-09-01,119067.3,5.693,800+,70-80%,40-50%,TX,Refinance-Cashout,Owner-Occupied,Single-Family
LN002059,2022-02-01,320140.01,4.29,700-749,80-90%,30-40%,NY,Purchase,Owner-Occupied,Single-Family
LN002060,2023-03-01,462930.49,4.74,650-699,70-80%,30-40%,CA,Purchase,Owner-Occupied,Condo
LN002061,2022-03-01,288535.35,5.698,800+,70-80%,40-50%,FL,Refinance-Rate-Term,Owner-Occupied,Single-Family
LN002062,2024-12-01,242046.94,8.137,700-749,70-80%,40-50%,GA,Purchase,Owner-Occupied,Single-Family
LN002063,2022-04-01,293950.6,5.592,650-699,60-70%,<30%,OH,Purchase,Owner-Occupied,Single-Family
LN002064,2023-02-01,189562.02,4.982,650-699,70-80%,30-40%,GA,Refinance-Rate-Term,Owner-Occupied,Single-Family
LN002065,2024-01-01,183110.09,3.752,800+,60-70%,<30%,PA,Purchase,Owner-Occupied,Single-Family
LN002066,2022-10-01,345141.41,6.344,750-799,90-95%,40-50%,IL,Purchase,Owner-Occupied,Single-Family
LN002067,2023-09-01,399032.15,4.497,700-749,70-80%,<30%,MI,Purchase,Second Home,Single-Family
LN002068,2024-12-01,285290.16,5.561,750-799,70-80%,40-50%,NC,Refinance-Cashout,Owner-Occupied,Single-Family
LN002069,2022-12-01,102623.5,6.053,700-749,70-80%,30-40%,IL,Purchase,Owner-Occupied,Single-Family
LN002070,2024-03-01,335334.89,6.896,650-699,70-80%,40-50%,NC,Purchase,Owner-Occupied,Condo
LN002071,2022-02-01,506738.22,6.264,750-799,70-80%,30-40%,NY,Refinance-Cashout,Owner-Occupied,Single-Family
LN002072,2023-01-01,275610.18,3.165,750-799,90-95%,30-40%,IL,Purchase,Owner-Occupied,Single-Family
LN002073,2024-08-01,282215.42,2.5,700-749,70-80%,30-40%,CA,Purchase,Owner-Occupied,Single-Family
LN002074,2024-07-01,212736.65,6.052,<600,80-90%,30-40%,PA,Purchase,Owner-Occupied,Single-Family
LN002075,2023-04-01,348135.4,5.129,600-649,60-70%,40-50%,FL,Purchase,Owner-Occupied,Single-Family
LN002076,2024-08-01,232901.65,5.587,750-799,<60%,40-50%,MI,Purchase,Owner-Occupied,Multi-Unit
LN002077,2024-08-01,402150.19,7.58,750-799,80-90%,30-40%,TX,Refinance-Cashout,Owner-Occupied,Single-Family
LN002078,2024-10-01,234241.95,4.075,750-799,70-80%,30-40%,PA,Purchase,Owner-Occupied,Single-Family
LN002079,2022-11-01,334179.15,6.937,750-799,70-80%,<30%,CA,Refinance-Rate-Term,Owner-Occupied,Single-Family
LN002080,2022-10-01,295365.58,4.09,750-799,70-80%,40-50%,NC,Purchase,Owner-Occupied,Single-Family
LN002081,2023-03-01,455511.16,7.348,750-799,<60%,30-40%,IL,Purchase,Owner-Occupied,Single-Family
LN002082,2023-05-01,340947.94,6.126,650-699,70-80%,40-50%,OH,Purchase,Owner-Occupied,Multi-Unit
LN002083,2023-06-01,438700.73,2.739,700-749,90-95%,30-40%,MI,Purchase,Owner-Occupied,Single-Family
LN002084,2022-09-01,310862.35,4.374,700-749,60-70%,30-40%,NC,Purchase,Owner-Occupied,Single-Family
LN002085,2024-01-01,282925.97,7.874,650-699,90-95%,<30%,NC,Purchase,Owner-Occupied,Condo
LN002086,2023-02-01,296180.92,7.685,750-799,70-80%,<30%,OH,Purchase,Investment,Condo
LN002087,2024-01-01,222859.08,5.906,800+,70-80%,30-40%,NY,Refinance-Rate-Term,Owner-Occupied,Single-Family
LN002088,2023-10-01,353166.88,5.531,700-749,<60%,30-40%,NY,Purchase,Owner-Occupied,Single-Family
LN002089,2024-06-01,230964.17,5.36,800+,70-80%,<30%,OH,Purchase,Owner-Occupied,Single-Family
LN002090,2023-08-01,311246.3,5.656,700-749,60-70%,40-50%,GA,Refinance-Rate-Term,Owner-Occupied,Condo
LN002091,2023-09-01,385520.2,4.789,700-749,<60%,30-40%,OH,Purchase,Owner-Occupied,Single-Family
LN002092,2024-08-01,458354.89,6.817,700-749,>95%,30-40%,MI,Refinance-Cashout,Owner-Occupied,Single-Family
LN002093,2023-09-01,316286.01,5.867,650-699,80-90%,40-50%,NY,Refinance-Rate-Term,Owner-Occupied,Single-Family
LN002094,2024-11-01,386120.71,3.552,700-749,80-90%,>50%,NY,Refinance-Cashout,Investment,Single-Family
LN002095,2024-08-01,374188.78,5.982,700-749,<60%,30-40%,GA,Purchase,Owner-Occupied,Single-Family
LN002096,2024-06-01,261762.29,5.247,800+,90-95%,40-50%,NC,Refinance-Cashout,Investment,Single-Family
LN002097,2022-12-01,510780.35,4.531,700-749,70-80%,40-50%,OH,Refinance-Rate-Term,Second Home,Single-Family
LN002098,2023-06-01,242375.78,7.848,650-699,90-95%,>50%,FL,Refinance-Rate-Term,Owner-Occupied,Multi-Unit
LN002099,2023-09-01,309099.46,5.156,<600,<60%,30-40%,MI,Refinance-Cashout,Owner-Occupied,Single-Family
LN002100,2023-01-01,445411.98,2.5,800+,70-80%,>50%,CA,Purchase,Owner-Occupied,Single-Family
LN002101,2023-09-01,442945.82,4.638,700-749,>95%,30-40%,IL,Refinance-Cashout,Owner-Occupied,Multi-Unit
LN002102,2022-08-01,301432.04,6.49,800+,70-80%,30-40%,PA,Purchase,Owner-Occupied,Single-Family
LN002103,2022-07-01,399041.67,3.61,700-749,90-95%,30-40%,NC,Purchase,Owner-Occupied,Single-Family
LN002104,2023-11-01,277602.77,6.439,700-749,70-80%,30-40%,IL,Purchase,Investment,Single-Family
LN002105,2024-08-01,251132.11,3.503,750-799,70-80%,40-50%,CA,Purchase,Owner-Occupied,Multi-Unit
LN002106,2022-11-01,178721.09,7.005,650-699,90-95%,30-40%,NY,Purchase,Owner-Occupied,Condo
LN002107,2023-10-01,372388.14,4.141,750-799,70-80%,30-40%,TX,Refinance-Cashout,Owner-Occupied,Single-Family
LN002108,2023-10-01,382922.09,4.472,700-749,80-90%,<30%,NY,Refinance-Rate-Term,Second Home,Single-Family
LN002109,2024-01-01,243211.07,4.361,750-799,60-70%,30-40%,OH,Refinance-Rate-Term,Investment,Multi-Unit
LN002110,2023-10-01,326810.0,5.896,750-799,60-70%,30-40%,NC,Refinance-Rate-Term,Owner-Occupied,Single-Family
LN002111,2024-04-01,565098.84,7.766,650-699,60-70%,30-40%,FL,Purchase,Owner-Occupied,Single-Family
LN002112,2024-05-01,414668.23,5.022,700-749,70-80%,30-40%,FL,Purchase,Owner-Occupied,Single-Family
LN002113,2023-01-01,209851.61,4.984,600-649,80-90%,<30%,NY,Purchase,Investment,Condo
LN002114,2023-06-01,400156.23,4.14,600-649,70-80%,30-40%,OH,Purchase,Owner-Occupied,Multi-Unit
LN002115,2022-02-01,210313.82,2.559,750-799,70-80%,40-50%,PA,Refinance-Rate-Term,Owner-Occupied,Condo
LN002116,2024-05-01,50000.0,4.29,600-649,80-90%,<30%,IL,Refinance-Cashout,Owner-Occupied,Multi-Unit
LN002117,2023-09-01,297958.79,3.111,700-749,60-70%,<30%,NY,Purchase,Owner-Occupied,Condo
LN002118,2023-03-01,456320.15,2.5,650-699,90-95%,30-40%,GA,Purchase,Owner-Occupied,Single-Family
LN002119,2024-03-01,439744.8,4.885,650-699,>95%,30-40%,NY,Purchase,Second Home,Single-Family
LN002120,2024-07-01,337723.52,4.186,600-649,<60%,30-40%,FL,Purchase,Investment,Condo
LN002121,2023-03-01,245827.06,7.065,650-699,<60%,>50%,OH,Purchase,Second Home,Single-Family
LN002122,2023-11-01,348644.97,3.717,750-799,<60%,40-50%,TX,Purchase,Owner-Occupied,Condo
LN002123,2023-12-01,273083.98,6.006,700-749,80-90%,40-50%,NY,Purchase,Owner-Occupied,Condo
LN002124,2023-01-01,248634.43,5.976,800+,60-70%,30-40%,GA,Refinance-Cashout,Second Home,Single-Family
LN002125,2023-10-01,406200.22,7.006,<600,80-90%,30-40%,NY,Purchase,Owner-Occupied,Single-Family
LN002126,2024-09-01,247396.42,4.724,750-799,70-80%,30-40%,MI,Refinance-Rate-Term,Investment,Single-Family
LN002127,2022-03-01,412723.66,6.979,750-799,80-90%,40-50%,OH,Refinance-Rate-Term,Owner-Occupied,Single-Family
LN002128,2023-07-01,240781.4,5.841,650-699,80-90%,40-50%,TX,Purchase,Investment,Single-Family
LN002129,2023-11-01,505849.2,6.709,750-799,>95%,30-40%,IL,Refinance-Cashout,Owner-Occupied,Single-Family
LN002130,2024-05-01,135936.56,8.591,750-799,70-80%,30-40%,NY,Purchase,Owner-Occupied,Multi-Unit
LN002131,2024-06-01,204323.07,4.815,700-749,60-70%,30-40%,NC,Purchase,Owner-Occupied,Single-Family
LN002132,2024-01-01,284463.23,5.256,750-799,<60%,<30%,OH,Purchase,Owner-Occupied,Condo
LN002133,2022-08-01,101595.61,4.457,700-749,70-80%,40-50%,NC,Refinance-Rate-Term,Owner-Occupied,Single-Family
LN002134,2023-04-01,50000.0,7.313,650-699,70-80%,30-40%,MI,Purchase,Owner-Occupied,Single-Family
LN002135,2022-08-01,102459.24,8.907,700-749,>95%,30-40%,OH,Purchase,Owner-Occupied,Single-Family
LN002136,2022-01-01,270791.08,6.101,750-799,80-90%,40-50%,TX,Purchase,Owner-Occupied,Single-Family
LN002137,2022-05-01,273329.0,2.585,700-749,60-70%,<30%,TX,Purchase,Owner-Occupied,Single-Family
LN002138,2022-03-01,333299.95,3.675,700-749,80-90%,30-40%,TX,Refinance-Rate-Term,Investment,Multi-Unit
LN002139,2022-01-01,280299.85,6.739,700-749,60-70%,<30%,IL,Refinance-Cashout,Owner-Occupied,Single-Family
LN002140,2022-04-01,329951.65,3.283,750-799,<60%,30-40%,CA,Purchase,Second Home,Single-Family
LN002141,2024-11-01,254978.36,4.099,750-799,80-90%,<30%,OH,Purchase,Owner-Occupied,Single-Family
LN002142,2024-08-01,371481.58,4.047,<600,>95%,30-40%,TX,Refinance-Cashout,Second Home,Condo
LN002143,2024-10-01,359431.0,4.884,750-799,<60%,40-50%,NY,Refinance-Rate-Term,Owner-Occupied,Single-Family
LN002144,2024-01-01,267330.74,5.385,700-749,80-90%,40-50%,NC,Refinance-Rate-Term,Owner-Occupied,Single-Family
LN002145,2022-10-01,353301.14,2.5,700-749,90-95%,30-40%,GA,Purchase,Owner-Occupied,Single-Family
LN002146,2023-09-01,280935.41,2.709,700-749,60-70%,40-50%,MI,Purchase,Investment,Single-Family
LN002147,2024-03-01,147767.41,2.745,750-799,70-80%,30-40%,TX,Refinance-Cashout,Owner-Occupied,Single-Family
LN002148,2024-03-01,390449.66,2.924,750-799,80-90%,40-50%,NY,Purchase,Owner-Occupied,Single-Family
LN002149,2022-02-01,209318.4,5.024,700-749,80-90%,30-40%,NY,Refinance-Rate-Term,Second Home,Single-Family
LN002150,2023-01-01,389382.4,5.292,700-749,70-80%,30-40%,TX,Refinance-Rate-Term,Owner-Occupied,Single-Family
LN002151,2022-09-01,332402.68,6.52,700-749,60-70%,<30%,TX,Purchase,Owner-Occupied,Single-Family
LN002152,2024-12-01,291547.77,5.832,600-649,70-80%,<30%,IL,Refinance-Rate-Term,Owner-Occupied,Single-Family
LN002153,2023-10-01,112300.66,4.127,800+,80-90%,>50%,NY,Purchase,Owner-Occupied,Single-Family
LN002154,2024-02-01,453974.56,5.345,700-749,70-80%,<30%,GA,Refinance-Rate-Term,Owner-Occupied,Single-Family
LN002155,2022-12-01,263688.61,6.581,700-749,60-70%,30-40%,NY,Refinance-Cashout,Owner-Occupied,Single-Family
LN002156,2023-05-01,363456.36,4.659,750-799,80-90%,30-40%,GA,Refinance-Cashout,Owner-Occupied,Single-Family
LN002157,2023-02-01,288602.59,4.534,600-649,70-80%,30-40%,IL,Refinance-Cashout,Owner-Occupied,Condo
LN002158,2023-02-01,272856.47,3.583,750-799,90-95%,40-50%,CA,Purchase,Owner-Occupied,Single-Family
LN002159,2024-10-01,319280.78,3.793,750-799,90-95%,>50%,NC,Refinance-Rate-Term,Owner-Occupied,Condo
LN002160,2023-08-01,302657.23,6.028,750-799,80-90%,30-40%,GA,Refinance-Rate-Term,Investment,Single-Family
LN002161,2022-11-01,273300.72,4.994,<600,>95%,<30%,CA,Purchase,Owner-Occupied,Single-Family
LN002162,2023-04-01,294468.54,7.938,700-749,>95%,30-40%,FL,Purchase,Second Home,Single-Family
LN002163,2024-07-01,342706.47,3.985,600-649,70-80%,30-40%,FL,Purchase,Investment,Single-Family
LN002164,2022-06-01,349781.92,6.142,700-749,80-90%,30-40%,IL,Purchase,Owner-Occupied,Single-Family
LN002165,2023-07-01,304335.72,5.58,750-799,80-90%,30-40%,OH,Refinance-Cashout,Investment,Single-Family
LN002166,2022-04-01,362093.7,4.866,600-649,70-80%,40-50%,CA,Purchase,Owner-Occupied,Single-Family
LN002167,2022-04-01,257593.02,4.347,750-799,<60%,30-40%,CA,Purchase,Second Home,Single-Family
LN002168,2023-08-01,522488.64,5.9,700-749,70-80%,<30%,MI,Purchase,Owner-Occupied,Single-Family
LN002169,2022-10-01,448558.86,5.814,750-799,60-70%,30-40%,PA,Refinance-Cashout,Owner-Occupied,Single-Family
LN002170,2023-12-01,376244.3,5.303,700-749,70-80%,40-50%,IL,Refinance-Cashout,Owner-Occupied,Multi-Unit
LN002171,2024-11-01,105841.95,5.638,650-699,<60%,30-40%,FL,Purchase,Owner-Occupied,Single-Family
LN002172,2024-02-01,360601.91,5.055,650-699,90-95%,30-40%,FL,Refinance-Rate-Term,Owner-Occupied,Single-Family
LN002173,2023-09-01,266336.29,2.538,750-799,70-80%,30-40%,NY,Purchase,Owner-Occupied,Multi-Unit
LN002174,2023-09-01,202131.93,5.127,700-749,60-70%,30-40%,MI,Purchase,Owner-Occupied,Single-Family
LN002175,2022-10-01,263790.39,4.597,700-749,70-80%,30-40%,TX,Refinance-Rate-Term,Owner-Occupied,Multi-Unit
LN002176,2022-04-01,213216.53,7.919,<600,60-70%,>50%,NC,Purchase,Owner-Occupied,Single-Family
LN002177,2023-08-01,350680.31,5.95,700-749,80-90%,40-50%,NY,Purchase,Owner-Occupied,Single-Family
LN002178,2023-05-01,461599.41,5.302,750-799,70-80%,40-50%,MI,Purchase,Owner-Occupied,Single-Family
LN002179,2022-07-01,382602.88,5.694,750-799,70-80%,40-50%,FL,Purchase,Owner-Occupied,Single-Family
LN002180,2022-04-01,576252.52,3.465,650-699,90-95%,40-50%,MI,Purchase,Second Home,Single-Family
LN002181,2024-05-01,144638.76,4.085,700-749,70-80%,40-50%,OH,Purchase,Second Home,Single-Family
LN002182,2023-02-01,249396.53,4.498,650-699,90-95%,30-40%,NC,Refinance-Rate-Term,Owner-Occupied,Single-Family
LN002183,2022-03-01,205697.48,5.583,800+,70-80%,30-40%,TX,Purchase,Investment,Single-Family
LN002184,2023-12-01,422936.83,4.348,700-749,70-80%,<30%,PA,Purchase,Second Home,Single-Family
LN002185,2023-04-01,277944.96,4.248,750-799,70-80%,30-40%,IL,Purchase,Owner-Occupied,Multi-Unit
LN002186,2022-04-01,318951.62,3.398,750-799,<60%,30-40%,CA,Refinance-Cashout,Owner-Occupied,Single-Family
LN002187,2023-12-01,363368.55,5.038,750-799,60-70%,40-50%,OH,Refinance-Rate-Term,Owner-Occupied,Condo
LN002188,2024-10-01,154521.11,5.248,800+,60-70%,30-40%,CA,Refinance-Cashout,Owner-Occupied,Single-Family
LN002189,2024-06-01,237865.1,5.643,<600,80-90%,40-50%,MI,Purchase,Owner-Occupied,Single-Family
LN002190,2023-06-01,399726.6,3.956,800+,80-90%,40-50%,NC,Refinance-Rate-Term,Owner-Occupied,Single-Family
LN002191,2023-07-01,245191.21,5.556,750-799,60-70%,<30%,NY,Purchase,Second Home,Condo
LN002192,2024-07-01,128635.7,3.44,700-749,70-80%,30-40%,GA,Refinance-Rate-Term,Owner-Occupied,Condo
LN002193,2023-07-01,209773.71,4.671,750-799,90-95%,<30%,CA,Purchase,Owner-Occupied,Single-Family
LN002194,2023-07-01,271373.19,5.452,750-799,<60%,<30%,IL,Refinance-Rate-Term,Owner-Occupied,Single-Family
LN002195,2023-10-01,316676.05,4.612,750-799,70-80%,30-40%,FL,Purchase,Owner-Occupied,Single-Family
LN002196,2023-12-01,292918.67,2.657,650-699,70-80%,40-50%,NY,Purchase,Owner-Occupied,Single-Family
LN002197,2022-12-01,238578.22,2.836,700-749,80-90%,30-40%,NY,Refinance-Rate-Term,Second Home,Single-Family
LN002198,2024-06-01,393931.34,5.331,<600,70-80%,40-50%,GA,Refinance-Cashout,Second Home,Condo
LN002199,2024-07-01,287093.91,5.869,750-799,90-95%,40-50%,MI,Purchase,Owner-Occupied,Single-Family
LN002200,2024-12-01,320940.14,5.509,800+,70-80%,30-40%,MI,Refinance-Cashout,Owner-Occupied,Condo
LN002201,2023-07-01,243904.4,5.906,750-799,70-80%,40-50%,FL,Purchase,Owner-Occupied,Single-Family
LN002202,2024-12-01,450894.03,4.579,700-749,70-80%,<30%,CA,Refinance-Rate-Term,Second Home,Condo
LN002203,2024-06-01,260836.89,6.108,750-799,70-80%,40-50%,IL,Refinance-Cashout,Owner-Occupied,Single-Family
LN002204,2024-09-01,307469.29,5.504,650-699,60-70%,<30%,TX,Purchase,Owner-Occupied,Single-Family
LN002205,2023-06-01,403499.94,4.041,700-749,90-95%,40-50%,PA,Purchase,Owner-Occupied,Single-Family
LN002206,2024-04-01,328004.23,5.772,750-799,60-70%,30-40%,NY,Purchase,Owner-Occupied,Single-Family
LN002207,2022-11-01,325508.97,5.444,600-649,90-95%,>50%,NC,Purchase,Owner-Occupied,Single-Family
LN002208,2024-09-01,102634.45,7.509,600-649,70-80%,30-40%,OH,Refinance-Rate-Term,Investment,Condo
LN002209,2023-05-01,368063.5,7.069,750-799,70-80%,<30%,TX,Refinance-Rate-Term,Second Home,Single-Family
LN002210,2022-06-01,305558.69,4.862,700-749,60-70%,30-40%,OH,Refinance-Cashout,Second Home,Single-Family
LN002211,2022-04-01,354156.51,4.373,750-799,70-80%,40-50%,MI,Purchase,Owner-Occupied,Single-Family
LN002212,2023-08-01,318321.3,7.339,650-699,80-90%,40-50%,GA,Purchase,Owner-Occupied,Multi-Unit
LN002213,2024-03-01,244084.24,5.827,<600,90-95%,>50%,FL,Purchase,Investment,Single-Family
LN002214,2023-03-01,389430.72,4.739,700-749,80-90%,40-50%,FL,Refinance-Cashout,Owner-Occupied,Condo
LN002215,2022-06-01,319812.66,2.5,750-799,70-80%,30-40%,TX,Purchase,Owner-Occupied,Single-Family
LN002216,2023-02-01,171061.35,3.867,700-749,<60%,30-40%,CA,Refinance-Cashout,Owner-Occupied,Condo
LN002217,2022-11-01,430851.72,3.762,750-799,90-95%,<30%,FL,Purchase,Owner-Occupied,Single-Family
LN002218,2022-09-01,156952.04,4.78,700-749,90-95%,>50%,MI,Refinance-Rate-Term,Owner-Occupied,Single-Family
LN002219,2024-02-01,390092.92,5.928,750-799,70-80%,>50%,OH,Purchase,Second Home,Single-Family
LN002220,2023-04-01,448693.18,6.157,<600,<60%,30-40%,NC,Refinance-Cashout,Investment,Single-Family
LN002221,2022-05-01,189370.46,7.25,700-749,80-90%,40-50%,NC,Purchase,Owner-Occupied,Single-Family
LN002222,2022-10-01,287723.82,6.397,650-699,80-90%,40-50%,PA,Refinance-Rate-Term,Owner-Occupied,Single-Family
LN002223,2022-03-01,278405.18,3.049,600-649,70-80%,30-40%,PA,Refinance-Rate-Term,Owner-Occupied,Single-Family
LN002224,2023-01-01,282902.88,6.545,650-699,70-80%,40-50%,IL,Purchase,Owner-Occupied,Single-Family
LN002225,2024-06-01,483023.84,7.6,650-699,90-95%,<30%,TX,Purchase,Investment,Single-Family
LN002226,2022-06-01,190528.11,7.526,800+,60-70%,40-50%,OH,Refinance-Cashout,Owner-Occupied,Single-Family
LN002227,2023-05-01,269343.3,3.181,650-699,70-80%,30-40%,CA,Purchase,Owner-Occupied,Condo
LN002228,2023-07-01,450332.25,4.713,650-699,<60%,30-40%,PA,Refinance-Cashout,Owner-Occupied,Condo
LN002229,2024-11-01,267705.12,6.441,750-799,60-70%,30-40%,NY,Refinance-Rate-Term,Owner-Occupied,Single-Family
LN002230,2024-02-01,206422.03,3.262,700-749,90-95%,30-40%,FL,Purchase,Owner-Occupied,Multi-Unit
LN002231,2022-05-01,326301.47,2.5,700-749,70-80%,30-40%,CA,Purchase,Owner-Occupied,Single-Family
LN002232,2024-05-01,380564.05,5.471,700-749,80-90%,40-50%,PA,Refinance-Rate-Term,Owner-Occupied,Single-Family
LN002233,2023-08-01,260715.9,3.987,700-749,70-80%,30-40%,OH,Refinance-Rate-Term,Owner-Occupied,Single-Family
LN002234,2023-09-01,355436.84,2.553,650-699,80-90%,40-50%,CA,Refinance-Cashout,Owner-Occupied,Single-Family
LN002235,2022-10-01,162338.49,6.844,650-699,70-80%,30-40%,CA,Purchase,Second Home,Single-Family
LN002236,2022-05-01,167897.29,5.246,750-799,<60%,>50%,OH,Refinance-Cashout,Owner-Occupied,Single-Family
LN002237,2024-12-01,255991.37,4.219,650-699,90-95%,<30%,PA,Purchase,Owner-Occupied,Single-Family
LN002238,2022-06-01,359001.74,3.554,650-699,60-70%,30-40%,OH,Refinance-Cashout,Owner-Occupied,Single-Family
LN002239,2024-02-01,376149.8,5.262,700-749,70-80%,<30%,GA,Purchase,Owner-Occupied,Single-Family
LN002240,2022-04-01,181798.4,5.773,650-699,70-80%,30-40%,GA,Purchase,Second Home,Single-Family
LN002241,2024-11-01,372442.07,5.489,700-749,<60%,30-40%,NC,Purchase,Owner-Occupied,Single-Family
LN002242,2022-01-01,316650.7,2.722,750-799,<60%,>50%,NC,Purchase,Owner-Occupied,Single-Family
LN002243,2023-12-01,212079.53,5.715,800+,80-90%,<30%,OH,Refinance-Cashout,Second Home,Multi-Unit
LN002244,2024-12-01,166581.16,6.042,750-799,70-80%,30-40%,NC,Purchase,Owner-Occupied,Single-Family
LN002245,2022-06-01,322982.32,4.485,650-699,70-80%,40-50%,PA,Purchase,Owner-Occupied,Condo
LN002246,2024-07-01,428956.32,6.559,800+,70-80%,<30%,NC,Purchase,Second Home,Single-Family
LN002247,2023-08-01,303552.24,3.722,700-749,70-80%,40-50%,TX,Purchase,Second Home,Single-Family
LN002248,2023-12-01,206507.92,6.936,650-699,80-90%,40-50%,TX,Purchase,Owner-Occupied,Single-Family
LN002249,2024-01-01,113197.77,5.198,700-749,90-95%,40-50%,PA,Purchase,Owner-Occupied,Single-Family
LN002250,2024-12-01,452949.08,4.256,750-799,<60%,30-40%,FL,Purchase,Owner-Occupied,Multi-Unit
LN002251,2023-09-01,404185.06,4.522,600-649,70-80%,30-40%,TX,Purchase,Owner-Occupied,Single-Family
LN002252,2024-06-01,330207.68,6.499,700-749,70-80%,<30%,GA,Purchase,Investment,Single-Family
LN002253,2023-12-01,447799.4,5.356,750-799,70-80%,<30%,OH,Purchase,Owner-Occupied,Single-Family
LN002254,2024-06-01,322391.91,5.968,650-699,70-80%,<30%,GA,Refinance-Rate-Term,Owner-Occupied,Single-Family
LN002255,2023-10-01,246896.3,6.612,750-799,70-80%,40-50%,PA,Refinance-Rate-Term,Second Home,Condo
LN002256,2024-04-01,355513.22,4.211,700-749,<60%,30-40%,NC,Refinance-Rate-Term,Owner-Occupied,Single-Family
LN002257,2022-07-01,217027.43,5.191,700-749,70-80%,30-40%,NC,Refinance-Cashout,Owner-Occupied,Single-Family
LN002258,2024-11-01,200435.22,4.663,650-699,60-70%,30-40%,TX,Refinance-Cashout,Owner-Occupied,Multi-Unit
LN002259,2024-04-01,377160.71,6.526,700-749,60-70%,30-40%,MI,Purchase,Owner-Occupied,Single-Family
LN002260,2023-02-01,385575.88,4.426,700-749,>95%,30-40%,IL,Purchase,Investment,Single-Family
LN002261,2022-10-01,172626.17,5.072,750-799,70-80%,40-50%,NC,Refinance-Cashout,Investment,Single-Family
LN002262,2023-04-01,176320.23,8.444,800+,70-80%,30-40%,FL,Refinance-Rate-Term,Owner-Occupied,Single-Family
LN002263,2023-04-01,255495.03,6.928,800+,70-80%,40-50%,IL,Purchase,Investment,Single-Family
LN002264,2024-07-01,228869.52,3.447,650-699,90-95%,40-50%,GA,Purchase,Owner-Occupied,Single-Family
LN002265,2024-01-01,347648.88,6.353,<600,70-80%,>50%,TX,Refinance-Cashout,Second Home,Multi-Unit
LN002266,2023-01-01,304804.98,6.033,700-749,70-80%,<30%,PA,Refinance-Cashout,Owner-Occupied,Condo
LN002267,2022-06-01,416490.63,3.349,750-799,70-80%,<30%,NY,Purchase,Second Home,Single-Family
LN002268,2022-09-01,331725.77,4.835,800+,90-95%,30-40%,PA,Refinance-Cashout,Owner-Occupied,Single-Family
LN002269,2024-12-01,235542.32,3.578,750-799,80-90%,>50%,FL,Refinance-Cashout,Owner-Occupied,Single-Family
LN002270,2023-08-01,110887.11,2.5,700-749,70-80%,40-50%,PA,Purchase,Investment,Single-Family
LN002271,2023-06-01,317945.6,4.781,<600,80-90%,40-50%,OH,Refinance-Cashout,Owner-Occupied,Single-Family
LN002272,2023-09-01,128967.19,4.241,750-799,80-90%,<30%,MI,Refinance-Cashout,Investment,Single-Family
LN002273,2022-04-01,234304.48,3.349,650-699,>95%,30-40%,FL,Purchase,Owner-Occupied,Single-Family
LN002274,2024-09-01,227827.32,4.986,600-649,90-95%,30-40%,IL,Refinance-Rate-Term,Owner-Occupied,Condo
LN002275,2024-03-01,249157.29,2.5,750-799,70-80%,30-40%,GA,Purchase,Second Home,Single-Family
LN002276,2022-07-01,168396.57,5.062,700-749,80-90%,30-40%,TX,Refinance-Rate-Term,Owner-Occupied,Single-Family
LN002277,2022-06-01,227472.34,5.023,600-649,70-80%,30-40%,OH,Refinance-Cashout,Owner-Occupied,Condo
LN002278,2023-03-01,414590.46,6.018,700-749,70-80%,40-50%,CA,Purchase,Owner-Occupied,Single-Family
LN002279,2023-06-01,414314.85,2.595,600-649,60-70%,>50%,OH,Purchase,Owner-Occupied,Condo
LN002280,2024-08-01,453249.98,8.209,700-749,<60%,40-50%,CA,Refinance-Cashout,Owner-Occupied,Single-Family
LN002281,2022-11-01,301014.65,7.634,650-699,<60%,40-50%,NY,Refinance-Cashout,Owner-Occupied,Single-Family
LN002282,2023-08-01,327121.91,3.84,750-799,>95%,>50%,NY,Purchase,Owner-Occupied,Condo
LN002283,2023-12-01,416061.14,7.19,700-749,60-70%,<30%,IL,Refinance-Cashout,Owner-Occupied,Single-Family
LN002284,2023-03-01,152933.9,6.286,700-749,<60%,<30%,TX,Purchase,Investment,Single-Family
LN002285,2022-07-01,380562.85,4.341,600-649,70-80%,40-50%,PA,Purchase,Owner-Occupied,Single-Family
LN002286,2023-09-01,430234.47,4.09,650-699,70-80%,30-40%,PA,Refinance-Rate-Term,Owner-Occupied,Single-Family
LN002287,2024-02-01,211103.97,4.203,750-799,90-95%,30-40%,GA,Refinance-Rate-Term,Owner-Occupied,Single-Family
LN002288,2023-02-01,438263.91,9.0,750-799,80-90%,30-40%,MI,Refinance-Rate-Term,Owner-Occupied,Multi-Unit
LN002289,2023-09-01,505771.61,7.04,650-699,70-80%,30-40%,CA,Purchase,Owner-Occupied,Single-Family
LN002290,2023-06-01,377784.67,4.696,700-749,90-95%,30-40%,NY,Purchase,Owner-Occupied,Single-Family
LN002291,2022-05-01,359450.44,4.825,750-799,<60%,30-40%,TX,Refinance-Cashout,Second Home,Single-Family
LN002292,2022-03-01,188022.4,6.271,700-749,>95%,30-40%,GA,Purchase,Second Home,Single-Family
LN002293,2023-11-01,406920.39,6.205,600-649,<60%,30-40%,NY,Purchase,Owner-Occupied,Condo
LN002294,2024-02-01,197440.93,3.565,700-749,80-90%,>50%,GA,Refinance-Cashout,Owner-Occupied,Single-Family
LN002295,2023-12-01,336974.08,5.446,700-749,<60%,>50%,TX,Refinance-Rate-Term,Owner-Occupied,Single-Family
LN002296,2023-07-01,347109.51,4.171,<600,90-95%,40-50%,NY,Purchase,Owner-Occupied,Single-Family
LN002297,2024-01-01,50000.0,5.228,650-699,60-70%,>50%,NC,Purchase,Second Home,Multi-Unit
LN002298,2023-09-01,340580.34,4.928,700-749,<60%,30-40%,IL,Refinance-Cashout,Owner-Occupied,Single-Family
LN002299,2022-12-01,562147.48,6.526,800+,90-95%,40-50%,PA,Refinance-Cashout,Owner-Occupied,Single-Family
LN002300,2024-09-01,90814.36,4.598,700-749,<60%,30-40%,MI,Purchase,Owner-Occupied,Single-Family
LN002301,2022-04-01,294610.8,5.177,650-699,80-90%,40-50%,NC,Purchase,Owner-Occupied,Single-Family
LN002302,2022-07-01,105288.46,2.5,700-749,80-90%,30-40%,NC,Purchase,Owner-Occupied,Single-Family
LN002303,2023-10-01,210585.86,5.485,650-699,70-80%,40-50%,OH,Refinance-Cashout,Owner-Occupied,Single-Family
LN002304,2024-09-01,107022.31,3.832,650-699,70-80%,<30%,TX,Purchase,Owner-Occupied,Single-Family
LN002305,2023-05-01,315954.23,2.724,700-749,90-95%,30-40%,OH,Refinance-Rate-Term,Owner-Occupied,Single-Family
LN002306,2023-12-01,379360.48,6.694,800+,90-95%,40-50%,NC,Purchase,Second Home,Single-Family
LN002307,2024-10-01,340973.86,4.937,750-799,70-80%,40-50%,TX,Purchase,Owner-Occupied,Single-Family
LN002308,2024-04-01,206981.75,2.5,650-699,60-70%,30-40%,OH,Refinance-Cashout,Owner-Occupied,Single-Family
LN002309,2023-10-01,239060.52,3.825,750-799,70-80%,40-50%,OH,Purchase,Owner-Occupied,Single-Family
LN002310,2023-05-01,327227.27,5.008,650-699,60-70%,<30%,FL,Refinance-Cashout,Owner-Occupied,Single-Family
LN002311,2024-10-01,210107.6,5.052,650-699,70-80%,40-50%,PA,Purchase,Owner-Occupied,Single-Family
LN002312,2022-06-01,167120.49,4.251,800+,90-95%,<30%,GA,Purchase,Second Home,Single-Family
LN002313,2022-06-01,276087.29,2.5,800+,80-90%,40-50%,MI,Purchase,Owner-Occupied,Single-Family
LN002314,2024-10-01,205529.18,4.172,650-699,80-90%,30-40%,GA,Purchase,Investment,Single-Family
LN002315,2022-01-01,341155.79,6.607,600-649,70-80%,>50%,FL,Purchase,Owner-Occupied,Single-Family
LN002316,2022-10-01,429869.74,7.104,650-699,70-80%,30-40%,PA,Refinance-Cashout,Owner-Occupied,Single-Family
LN002317,2023-09-01,559758.34,4.089,700-749,80-90%,30-40%,TX,Purchase,Owner-Occupied,Single-Family
LN002318,2022-05-01,333806.69,7.825,750-799,80-90%,30-40%,TX,Refinance-Cashout,Owner-Occupied,Single-Family
LN002319,2022-02-01,364597.22,2.574,600-649,80-90%,30-40%,GA,Purchase,Owner-Occupied,Single-Family
LN002320,2023-10-01,240068.27,3.785,700-749,<60%,<30%,MI,Purchase,Owner-Occupied,Multi-Unit
LN002321,2022-02-01,246262.32,6.337,650-699,70-80%,40-50%,IL,Purchase,Owner-Occupied,Single-Family
LN002322,2022-10-01,428405.62,6.101,<600,70-80%,30-40%,IL,Refinance-Cashout,Owner-Occupied,Single-Family
LN002323,2024-10-01,272367.22,4.986,750-799,60-70%,30-40%,NY,Purchase,Owner-Occupied,Single-Family
LN002324,2023-04-01,307294.74,3.321,750-799,80-90%,<30%,MI,Purchase,Owner-Occupied,Single-Family
LN002325,2023-10-01,422297.57,3.317,650-699,70-80%,<30%,NY,Purchase,Second Home,Single-Family
LN002326,2022-12-01,273137.28,3.911,650-699,90-95%,30-40%,GA,Purchase,Second Home,Condo
LN002327,2023-12-01,450042.04,3.382,600-649,70-80%,40-50%,FL,Purchase,Owner-Occupied,Single-Family
LN002328,2022-10-01,357302.93,5.196,700-749,70-80%,30-40%,FL,Purchase,Second Home,Single-Family
LN002329,2024-11-01,345539.82,4.862,650-699,80-90%,<30%,GA,Purchase,Owner-Occupied,Multi-Unit
LN002330,2024-08-01,235181.09,3.258,700-749,70-80%,<30%,FL,Purchase,Owner-Occupied,Single-Family
LN002331,2022-07-01,350912.6,4.468,700-749,80-90%,40-50%,TX,Refinance-Rate-Term,Owner-Occupied,Single-Family
LN002332,2023-09-01,257095.41,2.5,650-699,80-90%,40-50%,IL,Refinance-Cashout,Owner-Occupied,Single-Family
LN002333,2023-08-01,346940.89,5.509,750-799,90-95%,>50%,FL,Refinance-Rate-Term,Owner-Occupied,Single-Family
LN002334,2024-02-01,289817.49,6.075,650-699,70-80%,<30%,PA,Purchase,Owner-Occupied,Condo
LN002335,2022-04-01,396680.96,3.632,750-799,60-70%,>50%,OH,Purchase,Owner-Occupied,Single-Family
LN002336,2023-10-01,296822.88,3.82,700-749,70-80%,40-50%,FL,Refinance-Cashout,Owner-Occupied,Single-Family
LN002337,2023-03-01,503785.76,5.387,750-799,80-90%,40-50%,NC,Purchase,Owner-Occupied,Condo
LN002338,2023-09-01,272445.3,5.159,<600,70-80%,<30%,MI,Purchase,Second Home,Single-Family
LN002339,2023-03-01,246542.52,6.16,750-799,70-80%,40-50%,CA,Refinance-Cashout,Owner-Occupied,Single-Family
LN002340,2023-10-01,334611.38,3.835,600-649,<60%,30-40%,OH,Refinance-Cashout,Investment,Single-Family
LN002341,2024-04-01,407787.11,4.009,800+,70-80%,30-40%,NY,Refinance-Cashout,Owner-Occupied,Condo
LN002342,2023-02-01,407009.85,4.669,750-799,80-90%,30-40%,OH,Refinance-Cashout,Owner-Occupied,Single-Family
LN002343,2024-03-01,316678.14,3.401,650-699,60-70%,40-50%,NC,Refinance-Cashout,Owner-Occupied,Single-Family
LN002344,2024-04-01,333908.92,4.636,650-699,70-80%,>50%,NC,Refinance-Rate-Term,Owner-Occupied,Condo
LN002345,2024-02-01,334053.81,3.425,750-799,<60%,40-50%,CA,Purchase,Owner-Occupied,Single-Family
LN002346,2022-02-01,192212.72,5.626,800+,80-90%,40-50%,MI,Refinance-Cashout,Owner-Occupied,Single-Family
LN002347,2024-01-01,402407.34,3.597,750-799,90-95%,40-50%,NY,Refinance-Cashout,Owner-Occupied,Single-Family
LN002348,2022-03-01,174214.36,5.379,750-799,70-80%,40-50%,OH,Purchase,Owner-Occupied,Single-Family
LN002349,2022-08-01,192400.13,7.185,750-799,<60%,30-40%,MI,Purchase,Owner-Occupied,Single-Family
LN002350,2024-09-01,305502.71,5.642,700-749,60-70%,30-40%,PA,Purchase,Owner-Occupied,Condo
LN002351,2024-11-01,268014.03,5.264,<600,70-80%,40-50%,NC,Refinance-Cashout,Owner-Occupied,Single-Family
LN002352,2022-06-01,379615.74,2.955,600-649,70-80%,<30%,OH,Purchase,Owner-Occupied,Single-Family
LN002353,2023-11-01,344735.27,7.084,700-749,70-80%,40-50%,FL,Purchase,Owner-Occupied,Single-Family
LN002354,2024-01-01,313820.14,6.674,700-749,90-95%,40-50%,OH,Purchase,Owner-Occupied,Condo
LN002355,2023-07-01,187446.6,4.765,700-749,90-95%,30-40%,MI,Refinance-Cashout,Owner-Occupied,Single-Family
LN002356,2022-05-01,302656.01,4.424,650-699,60-70%,>50%,IL,Refinance-Rate-Term,Owner-Occupied,Single-Family
LN002357,2022-11-01,294748.85,3.779,700-749,60-70%,30-40%,TX,Purchase,Owner-Occupied,Single-Family
LN002358,2022-12-01,322218.67,7.684,650-699,70-80%,<30%,MI,Purchase,Owner-Occupied,Condo
LN002359,2022-10-01,256996.2,6.176,700-749,70-80%,30-40%,FL,Purchase,Owner-Occupied,Single-Family
LN002360,2022-08-01,352281.75,3.862,700-749,70-80%,>50%,PA,Purchase,Owner-Occupied,Single-Family
LN002361,2023-12-01,265343.9,6.649,650-699,80-90%,>50%,PA,Purchase,Owner-Occupied,Single-Family
LN002362,2024-04-01,342911.35,7.009,750-799,60-70%,30-40%,OH,Purchase,Owner-Occupied,Single-Family
LN002363,2024-12-01,379604.76,4.968,700-749,80-90%,<30%,PA,Purchase,Second Home,Single-Family
LN002364,2023-09-01,246540.45,4.483,750-799,70-80%,30-40%,NC,Purchase,Second Home,Condo
LN002365,2022-08-01,222784.15,3.51,650-699,>95%,30-40%,IL,Purchase,Owner-Occupied,Single-Family
LN002366,2022-09-01,347636.62,6.061,650-699,80-90%,30-40%,IL,Refinance-Cashout,Owner-Occupied,Single-Family
LN002367,2023-03-01,167890.03,4.359,<600,80-90%,40-50%,GA,Purchase,Owner-Occupied,Single-Family
LN002368,2023-06-01,411166.48,4.297,600-649,60-70%,40-50%,GA,Purchase,Owner-Occupied,Single-Family
LN002369,2023-08-01,301096.26,4.983,600-649,80-90%,40-50%,CA,Purchase,Owner-Occupied,Single-Family
LN002370,2022-06-01,288524.16,3.773,600-649,<60%,30-40%,FL,Purchase,Investment,Single-Family
LN002371,2022-12-01,354601.59,7.293,750-799,80-90%,30-40%,PA,Purchase,Owner-Occupied,Single-Family
LN002372,2022-02-01,348395.45,6.452,800+,<60%,40-50%,PA,Purchase,Owner-Occupied,Single-Family
LN002373,2022-07-01,300651.81,5.115,800+,60-70%,40-50%,CA,Refinance-Rate-Term,Owner-Occupied,Single-Family
LN002374,2023-04-01,387861.64,3.723,800+,60-70%,<30%,TX,Purchase,Owner-Occupied,Multi-Unit
LN002375,2022-03-01,232761.17,3.804,700-749,<60%,30-40%,MI,Purchase,Owner-Occupied,Single-Family
LN002376,2022-03-01,371235.65,3.738,700-749,70-80%,40-50%,OH,Refinance-Cashout,Investment,Condo
LN002377,2024-03-01,192137.65,3.154,600-649,>95%,<30%,CA,Purchase,Owner-Occupied,Single-Family
LN002378,2024-09-01,351064.9,5.484,600-649,70-80%,40-50%,MI,Refinance-Rate-Term,Second Home,Single-Family
LN002379,2024-04-01,267212.67,4.036,750-799,80-90%,30-40%,IL,Purchase,Owner-Occupied,Single-Family
LN002380,2022-01-01,168891.39,3.951,750-799,60-70%,<30%,CA,Purchase,Owner-Occupied,Single-Family
LN002381,2022-08-01,325664.28,3.779,750-799,70-80%,40-50%,PA,Purchase,Owner-Occupied,Single-Family
LN002382,2024-08-01,296557.35,6.505,750-799,60-70%,<30%,OH,Purchase,Owner-Occupied,Single-Family
LN002383,2022-04-01,145727.45,3.862,650-699,60-70%,30-40%,GA,Refinance-Cashout,Owner-Occupied,Single-Family
LN002384,2024-06-01,88633.45,6.904,700-749,<60%,30-40%,FL,Purchase,Owner-Occupied,Single-Family
LN002385,2022-06-01,284773.62,4.568,700-749,70-80%,40-50%,FL,Purchase,Owner-Occupied,Single-Family
LN002386,2023-07-01,461822.6,3.132,800+,<60%,40-50%,CA,Refinance-Rate-Term,Owner-Occupied,Single-Family
LN002387,2024-08-01,332101.5,5.704,800+,90-95%,<30%,FL,Purchase,Owner-Occupied,Single-Family
LN002388,2022-09-01,233169.68,6.331,700-749,70-80%,40-50%,IL,Refinance-Rate-Term,Owner-Occupied,Condo
LN002389,2022-12-01,408186.95,3.713,600-649,80-90%,<30%,PA,Purchase,Owner-Occupied,Single-Family
LN002390,2022-11-01,390722.36,5.095,650-699,>95%,30-40%,FL,Refinance-Rate-Term,Owner-Occupied,Single-Family
LN002391,2023-04-01,427157.91,5.478,700-749,80-90%,30-40%,NY,Refinance-Cashout,Owner-Occupied,Multi-Unit
LN002392,2022-01-01,368389.78,5.143,750-799,90-95%,40-50%,IL,Purchase,Owner-Occupied,Single-Family
LN002393,2023-09-01,388590.23,4.313,650-699,60-70%,30-40%,IL,Purchase,Owner-Occupied,Single-Family
LN002394,2024-06-01,373110.85,6.322,650-699,80-90%,<30%,NC,Purchase,Owner-Occupied,Multi-Unit
LN002395,2023-01-01,252249.51,4.623,650-699,70-80%,30-40%,GA,Purchase,Owner-Occupied,Single-Family
LN002396,2024-10-01,136271.93,4.091,800+,70-80%,<30%,CA,Purchase,Owner-Occupied,Single-Family
LN002397,2022-04-01,247886.46,2.5,700-749,70-80%,40-50%,TX,Refinance-Cashout,Owner-Occupied,Single-Family
LN002398,2024-04-01,410493.7,2.5,700-749,90-95%,<30%,IL,Purchase,Owner-Occupied,Single-Family
LN002399,2024-07-01,261898.92,5.324,700-749,90-95%,30-40%,FL,Purchase,Owner-Occupied,Multi-Unit
LN002400,2024-03-01,285454.09,4.884,650-699,<60%,30-40%,OH,Purchase,Second Home,Single-Family
LN002401,2022-05-01,183421.51,6.331,650-699,70-80%,30-40%,PA,Purchase,Owner-Occupied,Single-Family
LN002402,2024-01-01,244891.04,6.695,750-799,80-90%,40-50%,TX,Purchase,Second Home,Single-Family
LN002403,2022-03-01,299091.08,4.632,750-799,80-90%,30-40%,GA,Purchase,Owner-Occupied,Single-Family
LN002404,2024-09-01,349256.22,6.423,700-749,<60%,<30%,IL,Purchase,Owner-Occupied,Single-Family
LN002405,2022-04-01,254133.9,4.157,700-749,70-80%,40-50%,PA,Purchase,Owner-Occupied,Multi-Unit
LN002406,2024-01-01,247146.26,4.775,750-799,80-90%,<30%,GA,Refinance-Rate-Term,Owner-Occupied,Condo
LN002407,2023-08-01,384217.56,4.732,750-799,80-90%,40-50%,PA,Refinance-Cashout,Owner-Occupied,Single-Family
LN002408,2024-10-01,332526.65,7.369,<600,70-80%,40-50%,MI,Purchase,Owner-Occupied,Single-Family
LN002409,2024-02-01,344867.25,3.082,700-749,80-90%,30-40%,FL,Refinance-Cashout,Owner-Occupied,Single-Family
LN002410,2022-05-01,452832.06,5.089,750-799,70-80%,30-40%,OH,Purchase,Owner-Occupied,Single-Family
LN002411,2024-11-01,249492.56,3.956,700-749,90-95%,<30%,NY,Refinance-Rate-Term,Owner-Occupied,Single-Family
LN002412,2024-04-01,295098.08,4.551,800+,70-80%,40-50%,PA,Purchase,Investment,Single-Family
LN002413,2024-05-01,355115.98,4.487,750-799,70-80%,40-50%,PA,Refinance-Cashout,Second Home,Single-Family
LN002414,2022-09-01,212849.26,5.108,600-649,90-95%,30-40%,IL,Refinance-Cashout,Owner-Occupied,Single-Family
LN002415,2022-06-01,322904.97,7.02,750-799,<60%,30-40%,CA,Refinance-Rate-Term,Owner-Occupied,Single-Family
LN002416,2023-07-01,302219.65,7.853,650-699,90-95%,40-50%,GA,Refinance-Cashout,Owner-Occupied,Multi-Unit
LN002417,2022-11-01,577729.94,5.985,750-799,80-90%,30-40%,MI,Purchase,Owner-Occupied,Single-Family
LN002418,2022-02-01,309986.95,3.531,700-749,90-95%,<30%,TX,Purchase,Owner-Occupied,Condo
LN002419,2022-09-01,415693.98,4.738,700-749,70-80%,30-40%,NY,Refinance-Rate-Term,Owner-Occupied,Single-Family
LN002420,2023-09-01,382994.32,5.391,750-799,80-90%,40-50%,FL,Purchase,Owner-Occupied,Multi-Unit
LN002421,2023-12-01,184343.84,4.39,750-799,80-90%,30-40%,PA,Purchase,Investment,Single-Family
LN002422,2024-10-01,145117.62,4.584,750-799,80-90%,<30%,CA,Purchase,Second Home,Single-Family
LN002423,2023-10-01,324701.46,4.893,650-699,60-70%,40-50%,NC,Refinance-Rate-Term,Owner-Occupied,Single-Family
LN002424,2022-03-01,425733.47,6.158,650-699,70-80%,30-40%,IL,Purchase,Owner-Occupied,Single-Family
LN002425,2022-12-01,328791.48,5.795,700-749,70-80%,30-40%,IL,Refinance-Rate-Term,Owner-Occupied,Single-Family
LN002426,2024-04-01,307885.18,4.085,800+,70-80%,40-50%,NY,Refinance-Rate-Term,Owner-Occupied,Single-Family
LN002427,2024-06-01,271591.33,5.889,700-749,80-90%,30-40%,NY,Purchase,Second Home,Single-Family
LN002428,2024-02-01,167603.88,7.587,<600,70-80%,40-50%,CA,Purchase,Investment,Single-Family
LN002429,2023-09-01,203947.93,2.731,700-749,90-95%,30-40%,NC,Refinance-Cashout,Owner-Occupied,Single-Family
LN002430,2024-04-01,137768.63,4.344,700-749,70-80%,30-40%,NC,Refinance-Cashout,Owner-Occupied,Single-Family
LN002431,2024-02-01,189695.34,4.23,750-799,<60%,30-40%,NY,Purchase,Owner-Occupied,Single-Family
LN002432,2024-09-01,247399.18,5.12,750-799,<60%,40-50%,MI,Purchase,Owner-Occupied,Single-Family
LN002433,2023-09-01,377601.6,2.5,800+,70-80%,40-50%,MI,Purchase,Owner-Occupied,Single-Family
LN002434,2024-11-01,255493.27,7.042,750-799,70-80%,30-40%,NY,Purchase,Owner-Occupied,Single-Family
LN002435,2024-10-01,325562.58,5.07,650-699,70-80%,<30%,OH,Purchase,Owner-Occupied,Single-Family
LN002436,2023-06-01,313522.92,5.447,700-749,80-90%,<30%,NY,Refinance-Cashout,Second Home,Single-Family
LN002437,2022-11-01,349904.88,5.273,750-799,70-80%,>50%,CA,Refinance-Cashout,Second Home,Multi-Unit
LN002438,2023-11-01,196518.51,4.225,800+,>95%,>50%,NC,Refinance-Cashout,Owner-Occupied,Multi-Unit
LN002439,2023-10-01,405919.37,6.048,600-649,90-95%,<30%,TX,Purchase,Owner-Occupied,Single-Family
LN002440,2023-05-01,159282.3,5.008,650-699,<60%,30-40%,IL,Purchase,Owner-Occupied,Single-Family
LN002441,2022-05-01,255218.68,2.5,650-699,90-95%,<30%,NY,Purchase,Second Home,Single-Family
LN002442,2022-11-01,297909.46,4.838,700-749,80-90%,>50%,GA,Refinance-Rate-Term,Owner-Occupied,Multi-Unit
LN002443,2024-06-01,376014.48,4.584,600-649,70-80%,30-40%,PA,Purchase,Owner-Occupied,Single-Family
LN002444,2023-03-01,437930.93,6.045,750-799,70-80%,30-40%,OH,Refinance-Rate-Term,Investment,Single-Family
LN002445,2024-03-01,376803.15,9.0,750-799,80-90%,<30%,TX,Refinance-Rate-Term,Second Home,Condo
LN002446,2024-11-01,441591.64,5.567,700-749,>95%,30-40%,NY,Refinance-Rate-Term,Second Home,Multi-Unit
LN002447,2024-09-01,217082.41,8.18,700-749,70-80%,30-40%,NY,Purchase,Investment,Condo
LN002448,2023-08-01,419037.05,3.971,800+,60-70%,30-40%,TX,Refinance-Rate-Term,Owner-Occupied,Condo
LN002449,2023-04-01,401865.67,4.067,700-749,70-80%,30-40%,MI,Purchase,Second Home,Condo
LN002450,2024-10-01,60372.49,4.63,650-699,<60%,30-40%,NY,Refinance-Rate-Term,Owner-Occupied,Condo
LN002451,2022-02-01,277953.58,5.638,650-699,70-80%,<30%,NC,Purchase,Owner-Occupied,Single-Family
LN002452,2024-11-01,360203.74,4.039,700-749,80-90%,30-40%,GA,Purchase,Owner-Occupied,Multi-Unit
LN002453,2024-04-01,248458.61,2.582,650-699,70-80%,40-50%,CA,Purchase,Owner-Occupied,Single-Family
LN002454,2022-06-01,191417.48,5.035,700-749,<60%,40-50%,GA,Purchase,Owner-Occupied,Single-Family
LN002455,2022-09-01,511417.52,3.286,800+,80-90%,40-50%,NC,Refinance-Cashout,Investment,Single-Family
LN002456,2023-08-01,311104.02,6.674,750-799,70-80%,30-40%,GA,Purchase,Owner-Occupied,Single-Family
LN002457,2022-01-01,313840.54,5.966,700-749,60-70%,40-50%,MI,Refinance-Cashout,Investment,Single-Family
LN002458,2022-08-01,169100.59,3.861,650-699,80-90%,30-40%,CA,Purchase,Owner-Occupied,Condo
LN002459,2023-11-01,238763.9,5.684,800+,>95%,<30%,GA,Purchase,Owner-Occupied,Single-Family
LN002460,2022-03-01,210215.94,4.178,750-799,80-90%,30-40%,IL,Purchase,Owner-Occupied,Multi-Unit
LN002461,2022-04-01,407897.52,4.922,700-749,70-80%,<30%,NC,Purchase,Owner-Occupied,Single-Family
LN002462,2024-01-01,350463.36,4.937,700-749,70-80%,<30%,NC,Refinance-Rate-Term,Owner-Occupied,Single-Family
LN002463,2023-03-01,242943.63,4.497,750-799,60-70%,<30%,PA,Purchase,Investment,Condo
LN002464,2023-09-01,356050.02,6.246,650-699,80-90%,30-40%,FL,Refinance-Cashout,Owner-Occupied,Single-Family
LN002465,2024-11-01,274647.99,3.321,600-649,70-80%,30-40%,OH,Purchase,Owner-Occupied,Condo
LN002466,2023-02-01,323449.07,5.805,650-699,>95%,40-50%,FL,Purchase,Owner-Occupied,Single-Family
LN002467,2024-12-01,322976.39,5.457,700-749,>95%,30-40%,OH,Purchase,Owner-Occupied,Multi-Unit
LN002468,2022-12-01,342026.72,2.893,650-699,70-80%,40-50%,GA,Refinance-Rate-Term,Investment,Single-Family
LN002469,2023-05-01,329965.19,3.808,650-699,>95%,<30%,IL,Refinance-Rate-Term,Owner-Occupied,Single-Family
LN002470,2022-09-01,342104.97,3.359,<600,>95%,30-40%,IL,Purchase,Owner-Occupied,Multi-Unit
LN002471,2024-11-01,425580.83,4.45,700-749,70-80%,>50%,NY,Purchase,Owner-Occupied,Single-Family
LN002472,2023-01-01,364056.28,5.073,700-749,70-80%,30-40%,FL,Refinance-Rate-Term,Investment,Multi-Unit
LN002473,2023-03-01,266309.82,3.607,650-699,80-90%,40-50%,GA,Refinance-Cashout,Owner-Occupied,Condo
LN002474,2023-06-01,290204.73,6.454,800+,70-80%,30-40%,PA,Purchase,Owner-Occupied,Single-Family
LN002475,2024-09-01,423017.06,6.587,700-749,70-80%,30-40%,PA,Refinance-Rate-Term,Owner-Occupied,Single-Family
LN002476,2022-06-01,311242.25,6.852,<600,<60%,<30%,TX,Purchase,Investment,Single-Family
LN002477,2024-03-01,262598.16,2.5,650-699,70-80%,40-50%,NY,Purchase,Owner-Occupied,Single-Family
LN002478,2023-11-01,236886.17,7.922,750-799,>95%,<30%,IL,Refinance-Cashout,Owner-Occupied,Single-Family
LN002479,2024-03-01,327303.81,5.249,650-699,60-70%,30-40%,MI,Refinance-Rate-Term,Owner-Occupied,Single-Family
LN002480,2024-10-01,214514.32,5.071,600-649,80-90%,40-50%,IL,Refinance-Cashout,Owner-Occupied,Multi-Unit
LN002481,2023-02-01,428479.54,4.847,700-749,70-80%,30-40%,FL,Purchase,Owner-Occupied,Single-Family
LN002482,2024-12-01,196218.16,3.018,700-749,80-90%,40-50%,MI,Purchase,Owner-Occupied,Single-Family
LN002483,2022-08-01,447806.77,5.54,750-799,80-90%,<30%,IL,Refinance-Rate-Term,Owner-Occupied,Single-Family
LN002484,2024-11-01,271476.97,7.418,750-799,60-70%,40-50%,IL,Refinance-Cashout,Owner-Occupied,Single-Family
LN002485,2023-07-01,192326.26,5.231,800+,70-80%,30-40%,TX,Refinance-Cashout,Owner-Occupied,Single-Family
LN002486,2024-06-01,318917.57,3.327,600-649,90-95%,<30%,IL,Purchase,Investment,Single-Family
LN002487,2023-02-01,204696.08,2.712,<600,70-80%,40-50%,FL,Purchase,Owner-Occupied,Multi-Unit
LN002488,2023-08-01,303437.18,4.559,800+,80-90%,30-40%,FL,Purchase,Owner-Occupied,Single-Family
LN002489,2024-01-01,242245.65,3.884,700-749,80-90%,30-40%,IL,Purchase,Owner-Occupied,Single-Family
LN002490,2023-12-01,394507.33,6.054,750-799,70-80%,>50%,NC,Purchase,Owner-Occupied,Single-Family
LN002491,2023-02-01,313674.96,7.056,600-649,90-95%,30-40%,TX,Purchase,Owner-Occupied,Condo
LN002492,2024-02-01,181149.92,5.704,600-649,70-80%,40-50%,NC,Refinance-Rate-Term,Second Home,Condo
LN002493,2023-11-01,240296.35,4.872,650-699,70-80%,40-50%,FL,Refinance-Rate-Term,Owner-Occupied,Single-Family
LN002494,2023-10-01,370494.72,4.801,700-749,60-70%,40-50%,OH,Refinance-Cashout,Second Home,Single-Family
LN002495,2023-07-01,428709.21,5.107,600-649,70-80%,40-50%,CA,Refinance-Cashout,Owner-Occupied,Single-Family
LN002496,2022-03-01,295472.52,3.26,700-749,80-90%,30-40%,CA,Purchase,Owner-Occupied,Single-Family
LN002497,2023-07-01,195560.34,5.903,700-749,70-80%,40-50%,GA,Refinance-Cashout,Owner-Occupied,Single-Family
LN002498,2022-09-01,405403.63,3.379,<600,80-90%,30-40%,NC,Refinance-Rate-Term,Owner-Occupied,Condo
LN002499,2024-04-01,370056.37,6.674,600-649,80-90%,40-50%,FL,Refinance-Cashout,Investment,Single-Family
LN002500,2023-08-01,430653.96,4.455,700-749,70-80%,30-40%,PA,Purchase,Owner-Occupied,Single-Family
LN002501,2022-07-01,329020.91,6.246,600-649,70-80%,40-50%,FL,Purchase,Owner-Occupied,Single-Family
LN002502,2023-02-01,247940.31,2.79,600-649,>95%,40-50%,PA,Refinance-Rate-Term,Second Home,Single-Family
LN002503,2022-09-01,351688.85,6.236,650-699,>95%,30-40%,OH,Refinance-Cashout,Owner-Occupied,Single-Family
LN002504,2023-07-01,332632.92,7.044,700-749,70-80%,30-40%,IL,Refinance-Cashout,Owner-Occupied,Condo
LN002505,2023-02-01,242512.63,3.078,750-799,80-90%,40-50%,FL,Refinance-Rate-Term,Owner-Occupied,Multi-Unit
LN002506,2024-12-01,319863.86,4.83,600-649,70-80%,30-40%,GA,Purchase,Owner-Occupied,Single-Family
LN002507,2023-05-01,280497.41,5.502,750-799,60-70%,<30%,IL,Refinance-Rate-Term,Owner-Occupied,Single-Family
LN002508,2024-06-01,374353.78,5.576,750-799,80-90%,30-40%,CA,Refinance-Cashout,Owner-Occupied,Condo
LN002509,2022-09-01,349200.69,4.491,750-799,70-80%,30-40%,NC,Refinance-Rate-Term,Owner-Occupied,Single-Family
LN002510,2024-09-01,194840.86,4.226,<600,60-70%,30-40%,FL,Refinance-Rate-Term,Owner-Occupied,Single-Family
LN002511,2024-01-01,184757.74,5.38,700-749,80-90%,30-40%,TX,Purchase,Owner-Occupied,Single-Family
LN002512,2023-02-01,291018.88,5.529,750-799,90-95%,<30%,FL,Refinance-Rate-Term,Owner-Occupied,Single-Family
LN002513,2022-11-01,303281.93,4.059,800+,90-95%,30-40%,OH,Purchase,Owner-Occupied,Condo
LN002514,2024-11-01,376097.68,3.762,800+,70-80%,30-40%,MI,Refinance-Cashout,Owner-Occupied,Multi-Unit
LN002515,2023-02-01,351330.39,6.817,700-749,70-80%,30-40%,GA,Refinance-Rate-Term,Second Home,Single-Family
LN002516,2024-06-01,445868.56,5.162,700-749,60-70%,30-40%,TX,Refinance-Rate-Term,Owner-Occupied,Single-Family
LN002517,2022-04-01,253280.65,2.5,750-799,80-90%,30-40%,OH,Refinance-Cashout,Owner-Occupied,Single-Family
LN002518,2022-04-01,247571.39,6.826,750-799,90-95%,30-40%,IL,Purchase,Second Home,Single-Family
LN002519,2024-04-01,204018.6,4.104,700-749,90-95%,>50%,NC,Purchase,Owner-Occupied,Multi-Unit
LN002520,2022-08-01,374940.71,5.1,650-699,80-90%,30-40%,OH,Refinance-Rate-Term,Owner-Occupied,Single-Family
LN002521,2022-02-01,302175.22,5.562,600-649,<60%,<30%,CA,Purchase,Owner-Occupied,Single-Family
LN002522,2023-10-01,114639.65,2.774,700-749,70-80%,30-40%,CA,Purchase,Investment,Single-Family
LN002523,2023-04-01,320216.54,4.567,750-799,70-80%,40-50%,PA,Refinance-Cashout,Investment,Single-Family
LN002524,2024-05-01,326597.02,6.976,800+,90-95%,<30%,NC,Purchase,Owner-Occupied,Single-Family
LN002525,2024-06-01,285565.31,6.634,750-799,<60%,>50%,CA,Purchase,Owner-Occupied,Single-Family
LN002526,2022-12-01,329665.49,4.564,650-699,70-80%,30-40%,FL,Purchase,Second Home,Condo
LN002527,2024-11-01,177976.43,6.074,750-799,60-70%,30-40%,IL,Purchase,Owner-Occupied,Single-Family
LN002528,2022-11-01,464103.18,6.271,650-699,80-90%,>50%,NY,Purchase,Owner-Occupied,Single-Family
LN002529,2023-09-01,338025.94,6.195,750-799,80-90%,30-40%,CA,Purchase,Owner-Occupied,Condo
LN002530,2023-09-01,122630.11,3.281,750-799,70-80%,>50%,MI,Refinance-Cashout,Owner-Occupied,Condo
LN002531,2022-05-01,299410.29,7.462,650-699,80-90%,>50%,NY,Purchase,Owner-Occupied,Single-Family
LN002532,2023-08-01,340672.02,4.304,650-699,70-80%,>50%,NY,Purchase,Owner-Occupied,Single-Family
LN002533,2022-03-01,188706.79,5.164,600-649,60-70%,40-50%,MI,Purchase,Owner-Occupied,Single-Family
LN002534,2024-09-01,353363.03,4.473,600-649,70-80%,30-40%,NY,Refinance-Rate-Term,Owner-Occupied,Single-Family
LN002535,2022-09-01,468092.56,5.345,750-799,>95%,30-40%,FL,Purchase,Owner-Occupied,Condo
LN002536,2022-09-01,235563.09,3.704,<600,70-80%,30-40%,OH,Purchase,Owner-Occupied,Single-Family
LN002537,2022-04-01,342843.87,4.662,600-649,<60%,>50%,CA,Refinance-Cashout,Owner-Occupied,Condo
LN002538,2024-11-01,320859.86,5.274,650-699,70-80%,30-40%,TX,Purchase,Investment,Single-Family
LN002539,2023-05-01,396829.0,6.837,750-799,70-80%,<30%,CA,Purchase,Owner-Occupied,Single-Family
LN002540,2024-10-01,289115.81,6.656,650-699,70-80%,40-50%,NY,Refinance-Cashout,Owner-Occupied,Single-Family
LN002541,2023-12-01,193328.34,6.732,650-699,70-80%,30-40%,IL,Purchase,Owner-Occupied,Single-Family
LN002542,2024-08-01,390418.22,6.303,750-799,>95%,40-50%,MI,Purchase,Owner-Occupied,Single-Family
LN002543,2022-01-01,199273.94,7.77,650-699,80-90%,>50%,IL,Purchase,Owner-Occupied,Single-Family
LN002544,2022-08-01,480886.14,4.565,650-699,<60%,30-40%,TX,Refinance-Cashout,Owner-Occupied,Multi-Unit
LN002545,2023-11-01,356076.93,4.763,750-799,80-90%,40-50%,FL,Refinance-Cashout,Second Home,Single-Family
LN002546,2022-12-01,240110.73,4.702,650-699,80-90%,40-50%,NY,Purchase,Owner-Occupied,Single-Family
LN002547,2022-12-01,410865.16,4.908,750-799,90-95%,40-50%,MI,Purchase,Owner-Occupied,Single-Family
LN002548,2023-03-01,299081.1,2.846,700-749,70-80%,<30%,PA,Purchase,Owner-Occupied,Single-Family
LN002549,2023-07-01,277859.44,5.397,700-749,70-80%,30-40%,PA,Refinance-Rate-Term,Investment,Single-Family
LN002550,2024-02-01,231913.06,5.744,650-699,80-90%,<30%,TX,Purchase,Owner-Occupied,Single-Family
LN002551,2024-05-01,112182.1,4.614,750-799,80-90%,40-50%,TX,Purchase,Owner-Occupied,Single-Family
LN002552,2023-10-01,360439.26,2.5,700-749,70-80%,30-40%,NC,Refinance-Cashout,Second Home,Multi-Unit
LN002553,2023-09-01,137187.32,5.032,650-699,60-70%,30-40%,TX,Purchase,Owner-Occupied,Condo
LN002554,2023-08-01,220670.57,3.058,650-699,80-90%,30-40%,TX,Purchase,Owner-Occupied,Multi-Unit
LN002555,2024-05-01,343284.46,5.641,700-749,<60%,30-40%,FL,Refinance-Cashout,Owner-Occupied,Single-Family
LN002556,2022-04-01,249932.36,5.179,750-799,60-70%,30-40%,NC,Refinance-Rate-Term,Owner-Occupied,Multi-Unit
LN002557,2022-07-01,315715.19,5.326,800+,70-80%,30-40%,PA,Refinance-Rate-Term,Owner-Occupied,Single-Family
LN002558,2024-04-01,178630.47,3.408,750-799,70-80%,40-50%,PA,Refinance-Cashout,Owner-Occupied,Single-Family
LN002559,2024-04-01,265154.06,6.892,700-749,70-80%,40-50%,MI,Purchase,Owner-Occupied,Single-Family
LN002560,2022-04-01,316338.57,5.255,650-699,70-80%,30-40%,IL,Purchase,Owner-Occupied,Single-Family
LN002561,2023-10-01,204852.75,3.629,750-799,<60%,40-50%,OH,Purchase,Owner-Occupied,Condo
LN002562,2022-12-01,468636.35,5.869,800+,60-70%,30-40%,NY,Purchase,Owner-Occupied,Single-Family
LN002563,2022-03-01,236257.61,5.147,700-749,60-70%,40-50%,MI,Purchase,Owner-Occupied,Single-Family
LN002564,2023-10-01,437841.68,7.755,650-699,70-80%,30-40%,MI,Purchase,Owner-Occupied,Single-Family
LN002565,2022-02-01,283219.45,4.171,600-649,60-70%,>50%,FL,Purchase,Second Home,Single-Family
LN002566,2023-12-01,143152.44,3.129,650-699,70-80%,30-40%,OH,Purchase,Owner-Occupied,Single-Family
LN002567,2024-10-01,186309.92,5.434,700-749,70-80%,30-40%,MI,Purchase,Owner-Occupied,Single-Family
LN002568,2024-03-01,317607.93,6.518,800+,60-70%,40-50%,CA,Purchase,Second Home,Multi-Unit
LN002569,2022-01-01,403277.58,8.484,650-699,60-70%,30-40%,PA,Refinance-Rate-Term,Owner-Occupied,Single-Family
LN002570,2022-08-01,476977.71,9.0,650-699,80-90%,40-50%,TX,Purchase,Owner-Occupied,Single-Family
LN002571,2023-11-01,312821.87,2.672,700-749,70-80%,30-40%,TX,Purchase,Owner-Occupied,Single-Family
LN002572,2022-06-01,182275.63,4.797,800+,90-95%,30-40%,GA,Refinance-Cashout,Owner-Occupied,Single-Family
LN002573,2023-10-01,327848.51,3.134,700-749,70-80%,40-50%,FL,Refinance-Rate-Term,Investment,Single-Family
LN002574,2024-01-01,217478.53,4.629,650-699,90-95%,30-40%,NC,Purchase,Owner-Occupied,Condo
LN002575,2023-06-01,339219.16,8.716,650-699,70-80%,<30%,NY,Purchase,Second Home,Single-Family
LN002576,2023-05-01,205852.54,3.77,700-749,70-80%,40-50%,PA,Refinance-Rate-Term,Owner-Occupied,Single-Family
LN002577,2022-12-01,91042.98,4.967,750-799,70-80%,>50%,CA,Purchase,Owner-Occupied,Single-Family
LN002578,2022-06-01,431685.57,4.129,650-699,90-95%,40-50%,MI,Purchase,Investment,Single-Family
LN002579,2024-02-01,277358.33,3.495,700-749,70-80%,40-50%,MI,Refinance-Rate-Term,Investment,Single-Family
LN002580,2024-03-01,304966.03,7.689,700-749,90-95%,>50%,FL,Purchase,Investment,Condo
LN002581,2022-08-01,399670.14,2.691,700-749,70-80%,40-50%,NY,Purchase,Owner-Occupied,Single-Family
LN002582,2023-07-01,487884.67,4.876,650-699,80-90%,>50%,IL,Purchase,Owner-Occupied,Single-Family
LN002583,2022-01-01,372008.07,5.132,800+,90-95%,30-40%,CA,Purchase,Owner-Occupied,Single-Family
LN002584,2024-05-01,310300.16,4.95,700-749,>95%,40-50%,NY,Refinance-Cashout,Owner-Occupied,Single-Family
LN002585,2024-11-01,346287.29,4.526,750-799,80-90%,<30%,IL,Purchase,Owner-Occupied,Single-Family
LN002586,2023-02-01,270521.7,7.422,700-749,70-80%,40-50%,NY,Purchase,Owner-Occupied,Single-Family
LN002587,2024-11-01,303611.44,2.5,800+,70-80%,40-50%,MI,Refinance-Rate-Term,Owner-Occupied,Multi-Unit
LN002588,2023-08-01,314486.36,5.655,700-749,70-80%,30-40%,MI,Purchase,Owner-Occupied,Single-Family
LN002589,2023-01-01,221337.47,5.721,700-749,<60%,40-50%,OH,Purchase,Owner-Occupied,Single-Family
LN002590,2022-08-01,302117.36,5.43,700-749,<60%,40-50%,GA,Purchase,Investment,Single-Family
LN002591,2023-08-01,336710.19,3.754,700-749,70-80%,40-50%,GA,Purchase,Owner-Occupied,Single-Family
LN002592,2024-09-01,351701.69,6.808,650-699,80-90%,<30%,FL,Refinance-Rate-Term,Owner-Occupied,Single-Family
LN002593,2024-02-01,343732.38,6.732,800+,<60%,40-50%,IL,Purchase,Owner-Occupied,Single-Family
LN002594,2023-09-01,166097.48,3.701,750-799,70-80%,30-40%,MI,Purchase,Owner-Occupied,Single-Family
LN002595,2022-09-01,422925.89,3.203,650-699,70-80%,40-50%,GA,Refinance-Cashout,Owner-Occupied,Condo
LN002596,2023-12-01,414628.12,2.913,650-699,90-95%,30-40%,OH,Purchase,Owner-Occupied,Condo
LN002597,2023-05-01,290385.16,5.338,600-649,60-70%,<30%,NC,Purchase,Owner-Occupied,Single-Family
LN002598,2023-12-01,345550.87,5.07,750-799,70-80%,30-40%,MI,Purchase,Owner-Occupied,Condo
LN002599,2023-09-01,278344.62,4.458,700-749,>95%,30-40%,OH,Purchase,Owner-Occupied,Single-Family
LN002600,2023-01-01,375195.77,8.122,700-749,70-80%,40-50%,TX,Purchase,Owner-Occupied,Single-Family
LN002601,2022-11-01,218572.82,4.308,800+,80-90%,<30%,NY,Purchase,Second Home,Single-Family
LN002602,2023-07-01,434246.06,5.281,700-749,90-95%,40-50%,GA,Purchase,Owner-Occupied,Single-Family
LN002603,2022-11-01,370220.76,4.709,750-799,60-70%,>50%,NC,Purchase,Owner-Occupied,Single-Family
LN002604,2023-01-01,372543.38,7.945,700-749,>95%,40-50%,OH,Purchase,Second Home,Single-Family
LN002605,2022-01-01,289494.71,2.5,750-799,80-90%,30-40%,IL,Refinance-Rate-Term,Owner-Occupied,Condo
LN002606,2023-07-01,158738.15,4.535,700-749,60-70%,30-40%,CA,Refinance-Rate-Term,Owner-Occupied,Single-Family
LN002607,2022-12-01,388393.47,5.921,700-749,70-80%,<30%,NC,Purchase,Second Home,Single-Family
LN002608,2022-08-01,162043.87,4.666,800+,70-80%,30-40%,PA,Refinance-Cashout,Owner-Occupied,Multi-Unit
LN002609,2022-08-01,389597.27,3.044,700-749,90-95%,40-50%,TX,Refinance-Rate-Term,Second Home,Single-Family
LN002610,2022-12-01,222787.28,5.265,700-749,60-70%,<30%,MI,Refinance-Rate-Term,Second Home,Single-Family
LN002611,2024-09-01,141295.13,2.568,650-699,80-90%,>50%,MI,Purchase,Owner-Occupied,Single-Family
LN002612,2024-02-01,300099.97,6.005,<600,70-80%,<30%,TX,Refinance-Cashout,Owner-Occupied,Condo
LN002613,2024-04-01,418280.06,4.38,750-799,80-90%,<30%,MI,Refinance-Cashout,Owner-Occupied,Single-Family
LN002614,2022-05-01,203439.63,4.128,700-749,80-90%,<30%,CA,Purchase,Owner-Occupied,Single-Family
LN002615,2022-08-01,459903.46,6.569,750-799,70-80%,40-50%,NY,Refinance-Rate-Term,Second Home,Single-Family
LN002616,2024-01-01,365674.05,3.495,700-749,70-80%,30-40%,MI,Refinance-Rate-Term,Owner-Occupied,Single-Family
LN002617,2024-03-01,315675.95,2.686,700-749,90-95%,<30%,TX,Purchase,Owner-Occupied,Multi-Unit
LN002618,2023-11-01,256437.57,3.634,750-799,70-80%,40-50%,MI,Purchase,Owner-Occupied,Single-Family
LN002619,2024-06-01,263410.26,8.071,700-749,80-90%,>50%,NC,Purchase,Owner-Occupied,Condo
LN002620,2023-11-01,343016.72,3.494,750-799,60-70%,30-40%,TX,Purchase,Owner-Occupied,Single-Family
LN002621,2023-08-01,384604.09,5.548,700-749,80-90%,<30%,NC,Purchase,Owner-Occupied,Single-Family
LN002622,2023-06-01,240650.38,6.265,650-699,80-90%,<30%,CA,Purchase,Owner-Occupied,Multi-Unit
LN002623,2023-06-01,219348.67,3.59,700-749,70-80%,40-50%,OH,Refinance-Rate-Term,Owner-Occupied,Single-Family
LN002624,2022-02-01,278617.32,3.592,<600,80-90%,40-50%,PA,Refinance-Cashout,Owner-Occupied,Condo
LN002625,2022-04-01,439362.87,5.27,650-699,70-80%,>50%,PA,Purchase,Owner-Occupied,Single-Family
LN002626,2024-06-01,178311.17,5.338,650-699,90-95%,30-40%,TX,Purchase,Owner-Occupied,Condo
LN002627,2024-09-01,414247.76,7.021,750-799,60-70%,<30%,CA,Purchase,Owner-Occupied,Condo
LN002628,2024-12-01,304227.98,3.846,600-649,60-70%,30-40%,MI,Refinance-Cashout,Owner-Occupied,Multi-Unit
LN002629,2023-06-01,134726.09,4.434,650-699,80-90%,40-50%,GA,Purchase,Owner-Occupied,Multi-Unit
LN002630,2023-07-01,253836.76,9.0,650-699,80-90%,30-40%,GA,Refinance-Rate-Term,Owner-Occupied,Single-Family
LN002631,2024-04-01,360966.81,2.5,<600,70-80%,>50%,TX,Purchase,Owner-Occupied,Single-Family
LN002632,2023-08-01,480181.39,2.5,<600,>95%,30-40%,NY,Purchase,Owner-Occupied,Multi-Unit
LN002633,2024-09-01,167262.73,2.925,650-699,80-90%,30-40%,NY,Purchase,Owner-Occupied,Single-Family
LN002634,2022-12-01,50000.0,6.652,650-699,>95%,30-40%,TX,Purchase,Owner-Occupied,Single-Family
LN002635,2023-03-01,169044.72,4.343,600-649,70-80%,<30%,NC,Refinance-Rate-Term,Owner-Occupied,Single-Family
LN002636,2022-02-01,413041.55,4.342,650-699,60-70%,40-50%,NY,Purchase,Second Home,Single-Family
LN002637,2024-05-01,120625.83,3.552,750-799,70-80%,30-40%,NY,Purchase,Owner-Occupied,Single-Family
LN002638,2022-10-01,449725.39,6.378,750-799,>95%,<30%,NY,Refinance-Cashout,Owner-Occupied,Condo
LN002639,2022-02-01,421480.89,2.949,700-749,70-80%,30-40%,IL,Purchase,Second Home,Single-Family
LN002640,2022-11-01,319103.62,4.128,800+,>95%,40-50%,MI,Purchase,Owner-Occupied,Single-Family
LN002641,2023-01-01,237363.47,3.612,<600,80-90%,40-50%,GA,Refinance-Cashout,Investment,Single-Family
LN002642,2022-10-01,305526.06,2.5,650-699,70-80%,30-40%,NY,Purchase,Owner-Occupied,Multi-Unit
LN002643,2023-02-01,361108.74,4.283,750-799,70-80%,40-50%,FL,Refinance-Cashout,Owner-Occupied,Single-Family
LN002644,2023-06-01,345847.65,4.911,700-749,70-80%,30-40%,CA,Refinance-Cashout,Owner-Occupied,Multi-Unit
LN002645,2022-09-01,473965.94,3.837,800+,80-90%,40-50%,TX,Purchase,Owner-Occupied,Single-Family
LN002646,2024-04-01,273989.76,4.598,800+,<60%,40-50%,NY,Purchase,Investment,Condo
LN002647,2022-03-01,169915.7,4.636,650-699,90-95%,<30%,NC,Purchase,Owner-Occupied,Condo
LN002648,2023-08-01,152271.93,4.8,800+,70-80%,40-50%,CA,Purchase,Owner-Occupied,Multi-Unit
LN002649,2022-06-01,132270.87,3.419,800+,90-95%,30-40%,PA,Refinance-Rate-Term,Owner-Occupied,Condo
LN002650,2024-03-01,319627.89,3.333,700-749,70-80%,<30%,PA,Purchase,Owner-Occupied,Single-Family
LN002651,2022-02-01,276563.13,5.07,800+,70-80%,30-40%,MI,Purchase,Owner-Occupied,Multi-Unit
LN002652,2024-05-01,303265.46,2.786,<600,70-80%,30-40%,FL,Purchase,Owner-Occupied,Single-Family
LN002653,2022-03-01,246294.05,4.679,750-799,80-90%,40-50%,MI,Purchase,Owner-Occupied,Single-Family
LN002654,2023-04-01,188983.31,7.453,650-699,70-80%,<30%,NC,Refinance-Rate-Term,Owner-Occupied,Single-Family
LN002655,2024-06-01,361433.59,4.942,600-649,>95%,40-50%,MI,Refinance-Rate-Term,Owner-Occupied,Single-Family
LN002656,2022-02-01,53693.61,2.5,700-749,70-80%,<30%,FL,Refinance-Rate-Term,Owner-Occupied,Condo
LN002657,2023-05-01,219840.44,5.27,650-699,>95%,30-40%,CA,Refinance-Cashout,Owner-Occupied,Single-Family
LN002658,2022-12-01,378649.02,6.228,750-799,90-95%,30-40%,TX,Purchase,Owner-Occupied,Single-Family
LN002659,2024-11-01,209916.16,3.807,700-749,80-90%,30-40%,NY,Purchase,Owner-Occupied,Single-Family
LN002660,2022-01-01,339167.54,4.552,700-749,70-80%,>50%,NY,Purchase,Owner-Occupied,Single-Family
LN002661,2023-03-01,219974.09,3.683,650-699,70-80%,30-40%,TX,Refinance-Cashout,Second Home,Single-Family
LN002662,2024-02-01,254415.51,4.307,700-749,80-90%,30-40%,MI,Purchase,Owner-Occupied,Single-Family
LN002663,2023-09-01,357492.05,4.002,750-799,70-80%,>50%,PA,Refinance-Cashout,Investment,Multi-Unit
LN002664,2024-07-01,172215.17,5.654,700-749,80-90%,30-40%,PA,Refinance-Rate-Term,Owner-Occupied,Condo
LN002665,2024-01-01,374527.83,7.487,700-749,80-90%,30-40%,FL,Refinance-Rate-Term,Owner-Occupied,Single-Family
LN002666,2023-11-01,304592.05,5.086,700-749,70-80%,30-40%,CA,Purchase,Owner-Occupied,Single-Family
LN002667,2023-12-01,425643.89,2.687,700-749,70-80%,>50%,MI,Purchase,Owner-Occupied,Single-Family
LN002668,2024-04-01,320815.0,8.794,700-749,60-70%,40-50%,NC,Purchase,Owner-Occupied,Single-Family
LN002669,2023-09-01,193051.34,5.874,800+,60-70%,40-50%,NY,Purchase,Owner-Occupied,Multi-Unit
LN002670,2023-06-01,472799.44,6.18,750-799,90-95%,40-50%,NC,Refinance-Cashout,Owner-Occupied,Single-Family
LN002671,2024-12-01,201405.71,4.904,700-749,80-90%,40-50%,IL,Refinance-Rate-Term,Owner-Occupied,Single-Family
LN002672,2024-11-01,277284.39,5.349,700-749,<60%,40-50%,OH,Refinance-Cashout,Owner-Occupied,Single-Family
LN002673,2022-09-01,395740.89,4.487,700-749,90-95%,<30%,FL,Purchase,Second Home,Single-Family
LN002674,2024-06-01,112007.22,6.356,750-799,<60%,<30%,FL,Purchase,Owner-Occupied,Single-Family
LN002675,2024-10-01,443966.9,4.284,700-749,70-80%,30-40%,GA,Refinance-Rate-Term,Owner-Occupied,Single-Family
LN002676,2024-08-01,184911.57,5.734,750-799,<60%,40-50%,CA,Purchase,Owner-Occupied,Single-Family
LN002677,2022-03-01,254500.06,6.454,650-699,>95%,40-50%,GA,Refinance-Cashout,Owner-Occupied,Single-Family
LN002678,2022-03-01,328885.79,6.869,700-749,>95%,30-40%,GA,Refinance-Rate-Term,Owner-Occupied,Multi-Unit
LN002679,2024-04-01,295829.41,6.548,750-799,70-80%,<30%,FL,Purchase,Owner-Occupied,Single-Family
LN002680,2023-03-01,378917.61,3.465,650-699,70-80%,30-40%,CA,Refinance-Rate-Term,Owner-Occupied,Condo
LN002681,2023-11-01,139919.24,7.359,800+,70-80%,40-50%,NC,Refinance-Rate-Term,Owner-Occupied,Condo
LN002682,2022-11-01,372745.14,5.996,650-699,80-90%,30-40%,NY,Purchase,Owner-Occupied,Single-Family
LN002683,2024-08-01,380724.24,5.458,650-699,60-70%,40-50%,OH,Purchase,Second Home,Single-Family
LN002684,2024-12-01,402922.58,5.631,700-749,70-80%,<30%,NC,Purchase,Owner-Occupied,Single-Family
LN002685,2024-09-01,141033.92,4.762,750-799,80-90%,40-50%,FL,Purchase,Investment,Single-Family
LN002686,2023-12-01,153106.48,4.3,750-799,70-80%,40-50%,IL,Refinance-Rate-Term,Investment,Single-Family
LN002687,2024-10-01,265762.44,4.447,650-699,<60%,40-50%,MI,Purchase,Second Home,Single-Family
LN002688,2024-04-01,163917.42,6.932,650-699,70-80%,30-40%,FL,Refinance-Rate-Term,Owner-Occupied,Single-Family
LN002689,2022-07-01,119603.21,5.122,700-749,80-90%,40-50%,IL,Purchase,Owner-Occupied,Single-Family
LN002690,2022-04-01,261453.59,5.423,650-699,>95%,30-40%,TX,Refinance-Cashout,Owner-Occupied,Single-Family
LN002691,2022-01-01,323409.14,5.09,700-749,<60%,>50%,NY,Refinance-Cashout,Investment,Single-Family
LN002692,2022-01-01,579897.95,3.998,700-749,70-80%,30-40%,TX,Refinance-Rate-Term,Owner-Occupied,Single-Family
LN002693,2023-08-01,354867.52,2.5,700-749,70-80%,30-40%,FL,Purchase,Owner-Occupied,Multi-Unit
LN002694,2023-07-01,475227.0,6.153,650-699,60-70%,40-50%,IL,Purchase,Investment,Single-Family
LN002695,2024-05-01,295584.89,5.994,650-699,70-80%,30-40%,NC,Purchase,Second Home,Condo
LN002696,2022-10-01,355956.6,4.983,700-749,60-70%,40-50%,FL,Purchase,Owner-Occupied,Single-Family
LN002697,2023-06-01,285386.23,3.365,600-649,70-80%,<30%,MI,Purchase,Owner-Occupied,Single-Family
LN002698,2024-04-01,568312.32,7.731,700-749,80-90%,30-40%,PA,Refinance-Cashout,Owner-Occupied,Single-Family
LN002699,2024-11-01,231440.91,4.488,750-799,70-80%,>50%,NY,Purchase,Owner-Occupied,Single-Family
LN002700,2024-07-01,245002.57,5.372,600-649,>95%,>50%,NY,Purchase,Investment,Single-Family
LN002701,2024-03-01,379654.07,3.945,600-649,70-80%,30-40%,MI,Purchase,Investment,Single-Family
LN002702,2022-11-01,320747.29,2.975,600-649,70-80%,<30%,MI,Refinance-Cashout,Owner-Occupied,Multi-Unit
LN002703,2022-05-01,257583.8,5.884,750-799,70-80%,30-40%,IL,Purchase,Owner-Occupied,Single-Family
LN002704,2022-08-01,396037.71,2.749,600-649,60-70%,30-40%,OH,Purchase,Owner-Occupied,Multi-Unit
LN002705,2024-10-01,295885.28,5.344,800+,90-95%,30-40%,NY,Refinance-Cashout,Owner-Occupied,Single-Family
LN002706,2022-12-01,295180.33,5.348,700-749,80-90%,30-40%,GA,Purchase,Owner-Occupied,Single-Family
LN002707,2022-01-01,323058.23,3.32,650-699,70-80%,40-50%,NC,Refinance-Rate-Term,Owner-Occupied,Single-Family
LN002708,2024-07-01,126587.93,3.055,600-649,80-90%,<30%,NC,Refinance-Rate-Term,Investment,Condo
LN002709,2022-04-01,140674.6,3.844,700-749,>95%,40-50%,NC,Purchase,Investment,Single-Family
LN002710,2022-05-01,408689.56,4.059,700-749,<60%,40-50%,TX,Purchase,Owner-Occupied,Single-Family
LN002711,2024-06-01,232303.83,2.705,700-749,70-80%,40-50%,FL,Refinance-Cashout,Owner-Occupied,Single-Family
LN002712,2023-12-01,286704.87,3.312,650-699,60-70%,30-40%,IL,Purchase,Owner-Occupied,Single-Family
LN002713,2022-03-01,461243.86,5.114,700-749,90-95%,40-50%,CA,Purchase,Owner-Occupied,Single-Family
LN002714,2022-11-01,291213.25,7.984,650-699,60-70%,40-50%,NY,Purchase,Owner-Occupied,Single-Family
LN002715,2022-04-01,278991.12,6.511,700-749,70-80%,40-50%,IL,Purchase,Owner-Occupied,Single-Family
LN002716,2024-02-01,389607.76,5.241,650-699,70-80%,<30%,NC,Purchase,Owner-Occupied,Single-Family
LN002717,2024-03-01,240173.51,6.693,750-799,70-80%,<30%,GA,Refinance-Cashout,Owner-Occupied,Condo
LN002718,2024-03-01,420292.92,6.733,650-699,80-90%,40-50%,CA,Refinance-Cashout,Second Home,Condo
LN002719,2022-06-01,387555.79,4.543,700-749,70-80%,30-40%,FL,Purchase,Investment,Single-Family
LN002720,2023-03-01,483033.32,5.387,700-749,70-80%,>50%,FL,Purchase,Owner-Occupied,Single-Family
LN002721,2024-06-01,230965.7,6.467,<600,>95%,30-40%,PA,Purchase,Owner-Occupied,Single-Family
LN002722,2024-11-01,436697.46,6.672,700-749,70-80%,<30%,NY,Refinance-Cashout,Owner-Occupied,Single-Family
LN002723,2023-11-01,355409.21,6.686,650-699,60-70%,30-40%,NY,Purchase,Owner-Occupied,Single-Family
LN002724,2022-06-01,167463.36,3.459,600-649,80-90%,30-40%,CA,Purchase,Owner-Occupied,Single-Family
LN002725,2022-04-01,50000.0,6.763,800+,80-90%,30-40%,MI,Refinance-Cashout,Owner-Occupied,Multi-Unit
LN002726,2023-06-01,220197.31,7.787,650-699,70-80%,40-50%,NY,Purchase,Owner-Occupied,Multi-Unit
LN002727,2022-09-01,329234.78,7.24,700-749,60-70%,40-50%,CA,Purchase,Owner-Occupied,Single-Family
LN002728,2024-05-01,343734.79,3.372,750-799,80-90%,<30%,IL,Purchase,Owner-Occupied,Single-Family
LN002729,2023-01-01,294091.89,2.995,650-699,80-90%,40-50%,FL,Refinance-Rate-Term,Owner-Occupied,Single-Family
LN002730,2023-05-01,294987.06,5.698,750-799,90-95%,30-40%,MI,Refinance-Rate-Term,Owner-Occupied,Single-Family
LN002731,2024-08-01,287400.65,7.212,650-699,80-90%,30-40%,IL,Refinance-Rate-Term,Owner-Occupied,Multi-Unit
LN002732,2023-10-01,403121.71,5.339,700-749,60-70%,40-50%,FL,Purchase,Owner-Occupied,Single-Family
LN002733,2022-04-01,156371.03,4.648,750-799,80-90%,30-40%,IL,Purchase,Owner-Occupied,Single-Family
LN002734,2022-05-01,326828.99,4.865,800+,60-70%,30-40%,NY,Refinance-Rate-Term,Owner-Occupied,Single-Family
LN002735,2023-01-01,217724.87,6.531,700-749,90-95%,40-50%,NC,Refinance-Cashout,Investment,Condo
LN002736,2024-10-01,209345.89,4.518,700-749,80-90%,40-50%,PA,Purchase,Second Home,Condo
LN002737,2023-10-01,417623.06,5.721,700-749,70-80%,30-40%,MI,Purchase,Owner-Occupied,Single-Family
LN002738,2023-11-01,201673.69,4.804,650-699,70-80%,30-40%,TX,Refinance-Rate-Term,Owner-Occupied,Condo
LN002739,2022-03-01,286048.18,3.667,750-799,60-70%,30-40%,CA,Purchase,Owner-Occupied,Condo
LN002740,2024-10-01,495849.84,3.55,650-699,<60%,<30%,CA,Purchase,Owner-Occupied,Single-Family
LN002741,2024-08-01,383807.7,5.788,700-749,70-80%,40-50%,CA,Purchase,Second Home,Single-Family
LN002742,2023-09-01,254502.97,2.5,700-749,80-90%,30-40%,NC,Refinance-Cashout,Owner-Occupied,Single-Family
LN002743,2023-09-01,262762.69,5.719,750-799,70-80%,<30%,IL,Refinance-Rate-Term,Owner-Occupied,Single-Family
LN002744,2022-11-01,177279.71,4.744,700-749,60-70%,30-40%,NY,Purchase,Second Home,Single-Family
LN002745,2022-04-01,430064.52,6.419,750-799,80-90%,<30%,MI,Refinance-Cashout,Owner-Occupied,Condo
LN002746,2022-01-01,401135.18,5.902,650-699,60-70%,40-50%,IL,Purchase,Owner-Occupied,Condo
LN002747,2024-04-01,368660.23,5.067,650-699,80-90%,30-40%,NC,Purchase,Owner-Occupied,Single-Family
LN002748,2023-12-01,379683.29,3.399,700-749,70-80%,30-40%,FL,Purchase,Owner-Occupied,Condo
LN002749,2024-11-01,222547.54,3.48,700-749,70-80%,>50%,FL,Purchase,Owner-Occupied,Condo
LN002750,2023-01-01,145208.76,4.033,700-749,70-80%,30-40%,TX,Refinance-Cashout,Owner-Occupied,Single-Family
LN002751,2024-10-01,356054.04,6.303,750-799,90-95%,30-40%,GA,Purchase,Owner-Occupied,Single-Family
LN002752,2022-11-01,388855.79,7.653,650-699,<60%,40-50%,OH,Purchase,Owner-Occupied,Single-Family
LN002753,2024-12-01,460704.67,5.495,700-749,60-70%,30-40%,TX,Refinance-Cashout,Owner-Occupied,Single-Family
LN002754,2023-05-01,279910.98,4.116,650-699,70-80%,>50%,NY,Purchase,Investment,Single-Family
LN002755,2024-11-01,265324.87,4.272,650-699,90-95%,40-50%,OH,Purchase,Investment,Single-Family
LN002756,2023-06-01,276073.98,4.341,600-649,<60%,>50%,CA,Purchase,Owner-Occupied,Condo
LN002757,2023-10-01,367074.38,6.56,750-799,80-90%,30-40%,CA,Refinance-Cashout,Owner-Occupied,Single-Family
LN002758,2023-12-01,271791.07,4.312,700-749,80-90%,30-40%,GA,Purchase,Investment,Single-Family
LN002759,2023-07-01,294776.09,4.934,650-699,70-80%,40-50%,PA,Purchase,Investment,Multi-Unit
LN002760,2023-09-01,383105.29,7.017,700-749,70-80%,>50%,TX,Purchase,Second Home,Condo
LN002761,2022-08-01,237416.38,4.149,700-749,70-80%,>50%,MI,Refinance-Cashout,Owner-Occupied,Condo
LN002762,2024-04-01,439115.4,5.836,750-799,70-80%,40-50%,MI,Refinance-Cashout,Owner-Occupied,Single-Family
LN002763,2022-05-01,363308.9,6.351,700-749,80-90%,40-50%,CA,Purchase,Owner-Occupied,Single-Family
LN002764,2023-05-01,114237.94,5.095,<600,<60%,<30%,FL,Refinance-Cashout,Owner-Occupied,Single-Family
LN002765,2024-12-01,248464.58,7.931,800+,70-80%,30-40%,NY,Refinance-Cashout,Owner-Occupied,Single-Family
LN002766,2023-07-01,97565.65,7.498,600-649,70-80%,<30%,IL,Refinance-Rate-Term,Investment,Single-Family
LN002767,2024-03-01,280332.06,5.395,750-799,70-80%,<30%,MI,Refinance-Rate-Term,Owner-Occupied,Single-Family
LN002768,2024-10-01,250168.89,3.794,700-749,70-80%,30-40%,FL,Purchase,Investment,Multi-Unit
LN002769,2022-11-01,383485.48,3.865,650-699,90-95%,<30%,IL,Refinance-Rate-Term,Owner-Occupied,Single-Family
LN002770,2022-12-01,211898.17,5.319,750-799,70-80%,30-40%,OH,Refinance-Rate-Term,Owner-Occupied,Single-Family
LN002771,2023-09-01,338773.5,3.365,600-649,60-70%,>50%,NC,Purchase,Owner-Occupied,Single-Family
LN002772,2022-11-01,356884.76,5.403,750-799,<60%,30-40%,IL,Purchase,Owner-Occupied,Single-Family
LN002773,2024-04-01,325719.49,7.532,650-699,70-80%,<30%,NY,Purchase,Owner-Occupied,Single-Family
LN002774,2022-05-01,414012.36,5.094,700-749,70-80%,40-50%,MI,Refinance-Cashout,Second Home,Condo
LN002775,2023-05-01,506828.89,4.972,700-749,80-90%,40-50%,NC,Refinance-Rate-Term,Investment,Single-Family
LN002776,2023-08-01,311194.19,6.28,<600,70-80%,30-40%,GA,Purchase,Owner-Occupied,Single-Family
LN002777,2022-12-01,340517.95,5.787,700-749,80-90%,30-40%,IL,Refinance-Cashout,Owner-Occupied,Single-Family
LN002778,2022-06-01,211972.3,3.278,750-799,90-95%,30-40%,NC,Refinance-Rate-Term,Owner-Occupied,Condo
LN002779,2023-05-01,198047.66,4.317,750-799,<60%,30-40%,NC,Refinance-Cashout,Owner-Occupied,Multi-Unit
LN002780,2023-07-01,403382.97,7.841,700-749,80-90%,<30%,CA,Purchase,Second Home,Single-Family
LN002781,2024-02-01,390152.55,5.488,750-799,<60%,40-50%,PA,Purchase,Owner-Occupied,Single-Family
LN002782,2024-08-01,197038.01,3.49,800+,70-80%,40-50%,IL,Refinance-Rate-Term,Owner-Occupied,Single-Family
LN002783,2022-06-01,169177.95,4.712,650-699,70-80%,40-50%,PA,Purchase,Owner-Occupied,Condo
LN002784,2024-12-01,235126.32,2.5,700-749,80-90%,30-40%,MI,Purchase,Owner-Occupied,Single-Family
LN002785,2022-11-01,285862.2,2.5,650-699,70-80%,30-40%,FL,Purchase,Owner-Occupied,Condo
LN002786,2024-09-01,259087.36,6.473,750-799,80-90%,30-40%,FL,Refinance-Rate-Term,Owner-Occupied,Multi-Unit
LN002787,2023-12-01,316051.49,4.993,750-799,70-80%,30-40%,MI,Purchase,Owner-Occupied,Single-Family
LN002788,2023-11-01,391706.25,5.778,750-799,70-80%,40-50%,IL,Purchase,Owner-Occupied,Single-Family
LN002789,2023-03-01,346210.44,6.737,800+,60-70%,>50%,OH,Purchase,Owner-Occupied,Single-Family
LN002790,2024-03-01,353612.1,5.509,650-699,80-90%,<30%,NY,Purchase,Owner-Occupied,Single-Family
LN002791,2022-11-01,54846.36,6.1,<600,<60%,>50%,PA,Refinance-Cashout,Investment,Condo
LN002792,2023-05-01,138609.7,5.386,650-699,70-80%,>50%,IL,Purchase,Owner-Occupied,Single-Family
LN002793,2023-02-01,220354.32,6.93,700-749,70-80%,<30%,TX,Purchase,Owner-Occupied,Single-Family
LN002794,2024-03-01,236860.64,7.66,700-749,60-70%,<30%,CA,Purchase,Owner-Occupied,Single-Family
LN002795,2023-06-01,383982.78,5.299,750-799,<60%,30-40%,PA,Purchase,Second Home,Single-Family
LN002796,2024-04-01,212109.86,5.236,650-699,60-70%,30-40%,IL,Refinance-Cashout,Owner-Occupied,Single-Family
LN002797,2022-04-01,366692.77,5.48,700-749,70-80%,<30%,NC,Refinance-Cashout,Owner-Occupied,Single-Family
LN002798,2022-07-01,221489.43,4.842,750-799,70-80%,30-40%,OH,Purchase,Owner-Occupied,Single-Family
LN002799,2024-11-01,179911.57,4.4,650-699,70-80%,>50%,CA,Purchase,Second Home,Single-Family
LN002800,2022-09-01,184555.03,6.573,650-699,80-90%,<30%,MI,Purchase,Owner-Occupied,Single-Family
LN002801,2022-08-01,525826.65,4.402,700-749,70-80%,30-40%,PA,Purchase,Investment,Multi-Unit
LN002802,2023-05-01,219263.5,4.315,700-749,70-80%,40-50%,OH,Refinance-Rate-Term,Owner-Occupied,Condo
LN002803,2023-05-01,369098.72,6.348,800+,80-90%,40-50%,FL,Purchase,Owner-Occupied,Single-Family
LN002804,2024-09-01,144180.16,6.463,700-749,70-80%,30-40%,NC,Refinance-Rate-Term,Owner-Occupied,Condo
LN002805,2024-08-01,441892.9,8.5,750-799,>95%,<30%,TX,Refinance-Rate-Term,Owner-Occupied,Single-Family
LN002806,2022-08-01,334904.11,6.829,700-749,70-80%,40-50%,CA,Purchase,Owner-Occupied,Single-Family
LN002807,2023-07-01,327397.89,6.241,600-649,80-90%,40-50%,MI,Refinance-Rate-Term,Owner-Occupied,Single-Family
LN002808,2022-03-01,341382.73,6.457,600-649,80-90%,>50%,MI,Refinance-Cashout,Owner-Occupied,Single-Family
LN002809,2022-05-01,352399.97,4.778,650-699,90-95%,<30%,NC,Purchase,Owner-Occupied,Single-Family
LN002810,2023-01-01,380906.73,5.843,600-649,>95%,40-50%,OH,Refinance-Cashout,Owner-Occupied,Single-Family
LN002811,2024-07-01,240090.26,5.914,650-699,<60%,30-40%,MI,Refinance-Rate-Term,Owner-Occupied,Single-Family
LN002812,2023-04-01,234241.17,4.187,700-749,<60%,>50%,CA,Purchase,Owner-Occupied,Single-Family
LN002813,2024-08-01,304922.39,4.927,700-749,80-90%,30-40%,NY,Refinance-Cashout,Owner-Occupied,Condo
LN002814,2023-10-01,368442.78,6.429,700-749,70-80%,30-40%,MI,Refinance-Rate-Term,Owner-Occupied,Single-Family
LN002815,2024-05-01,293334.45,4.972,600-649,80-90%,<30%,FL,Purchase,Owner-Occupied,Single-Family
LN002816,2023-10-01,377390.18,5.917,700-749,<60%,30-40%,OH,Purchase,Owner-Occupied,Condo
LN002817,2022-03-01,361783.68,6.345,700-749,80-90%,30-40%,IL,Refinance-Cashout,Owner-Occupied,Single-Family
LN002818,2022-10-01,278301.67,6.275,800+,60-70%,<30%,NC,Purchase,Owner-Occupied,Multi-Unit
LN002819,2023-09-01,125282.0,7.596,800+,70-80%,30-40%,FL,Purchase,Owner-Occupied,Condo
LN002820,2023-04-01,249647.21,4.128,750-799,>95%,30-40%,PA,Purchase,Owner-Occupied,Single-Family
LN002821,2022-12-01,474279.72,7.464,750-799,<60%,40-50%,MI,Purchase,Owner-Occupied,Single-Family
LN002822,2022-02-01,334005.97,5.711,600-649,70-80%,<30%,TX,Refinance-Rate-Term,Owner-Occupied,Multi-Unit
LN002823,2023-12-01,236044.99,6.251,600-649,<60%,40-50%,FL,Purchase,Second Home,Single-Family
LN002824,2024-11-01,325065.16,6.045,750-799,90-95%,40-50%,NY,Purchase,Owner-Occupied,Single-Family
LN002825,2024-06-01,367664.41,5.97,700-749,80-90%,30-40%,PA,Refinance-Cashout,Investment,Condo
LN002826,2024-06-01,236093.44,4.044,700-749,80-90%,<30%,CA,Refinance-Rate-Term,Owner-Occupied,Single-Family
LN002827,2024-11-01,423538.39,6.196,750-799,70-80%,40-50%,PA,Refinance-Cashout,Owner-Occupied,Single-Family
LN002828,2023-07-01,349569.8,2.842,700-749,70-80%,30-40%,NY,Purchase,Investment,Condo
LN002829,2022-08-01,190009.12,8.143,650-699,<60%,<30%,GA,Refinance-Rate-Term,Owner-Occupied,Single-Family
LN002830,2024-02-01,385636.63,5.573,650-699,70-80%,30-40%,NC,Refinance-Rate-Term,Owner-Occupied,Single-Family
LN002831,2022-07-01,259038.66,6.74,<600,70-80%,30-40%,GA,Purchase,Owner-Occupied,Single-Family
LN002832,2024-06-01,282086.96,6.023,750-799,80-90%,30-40%,GA,Refinance-Cashout,Owner-Occupied,Condo
LN002833,2022-07-01,198403.13,5.055,700-749,60-70%,>50%,TX,Purchase,Owner-Occupied,Single-Family
LN002834,2022-03-01,363144.64,4.189,800+,60-70%,40-50%,MI,Purchase,Owner-Occupied,Single-Family
LN002835,2022-01-01,285113.48,3.904,750-799,60-70%,40-50%,TX,Refinance-Rate-Term,Investment,Single-Family
LN002836,2024-12-01,367375.7,6.169,600-649,70-80%,30-40%,PA,Purchase,Owner-Occupied,Single-Family
LN002837,2024-01-01,244901.76,6.09,650-699,60-70%,>50%,IL,Refinance-Rate-Term,Second Home,Single-Family
LN002838,2022-01-01,233459.67,5.838,700-749,60-70%,40-50%,PA,Purchase,Owner-Occupied,Single-Family
LN002839,2023-03-01,225356.29,4.823,800+,<60%,40-50%,NC,Refinance-Rate-Term,Owner-Occupied,Multi-Unit
LN002840,2023-01-01,339603.22,5.62,650-699,90-95%,30-40%,MI,Purchase,Owner-Occupied,Single-Family
LN002841,2022-08-01,231965.02,4.366,750-799,60-70%,<30%,OH,Purchase,Owner-Occupied,Single-Family
LN002842,2022-05-01,279688.74,3.979,650-699,80-90%,40-50%,IL,Purchase,Owner-Occupied,Single-Family
LN002843,2022-09-01,248157.3,4.584,650-699,70-80%,30-40%,MI,Purchase,Owner-Occupied,Multi-Unit
LN002844,2022-01-01,344008.39,4.65,800+,70-80%,>50%,OH,Refinance-Rate-Term,Owner-Occupied,Single-Family
LN002845,2024-12-01,126469.76,7.196,<600,<60%,30-40%,GA,Refinance-Cashout,Owner-Occupied,Single-Family
LN002846,2024-11-01,324703.29,2.952,750-799,70-80%,>50%,CA,Purchase,Investment,Single-Family
LN002847,2022-02-01,473134.32,4.95,<600,70-80%,30-40%,MI,Purchase,Owner-Occupied,Single-Family
LN002848,2023-11-01,423602.61,5.949,750-799,<60%,30-40%,OH,Purchase,Owner-Occupied,Single-Family
LN002849,2022-09-01,238334.69,7.978,750-799,90-95%,30-40%,NY,Refinance-Rate-Term,Owner-Occupied,Single-Family
LN002850,2024-10-01,349460.18,4.089,750-799,70-80%,40-50%,IL,Purchase,Investment,Single-Family
LN002851,2023-02-01,330056.55,3.326,650-699,60-70%,40-50%,TX,Purchase,Owner-Occupied,Single-Family
LN002852,2022-04-01,446939.21,6.084,600-649,70-80%,30-40%,MI,Purchase,Owner-Occupied,Single-Family
LN002853,2024-06-01,50000.0,5.247,700-749,70-80%,<30%,IL,Purchase,Owner-Occupied,Single-Family
LN002854,2024-07-01,411286.74,4.669,650-699,80-90%,30-40%,NC,Purchase,Owner-Occupied,Single-Family
LN002855,2022-11-01,273248.23,5.656,700-749,70-80%,30-40%,CA,Purchase,Owner-Occupied,Single-Family
LN002856,2024-11-01,225677.11,6.293,700-749,<60%,40-50%,FL,Purchase,Owner-Occupied,Single-Family
LN002857,2022-08-01,222819.8,6.106,600-649,60-70%,<30%,NY,Purchase,Owner-Occupied,Single-Family
LN002858,2022-03-01,170009.37,5.453,750-799,70-80%,30-40%,NC,Purchase,Investment,Single-Family
LN002859,2023-02-01,238588.16,6.975,750-799,70-80%,>50%,TX,Purchase,Owner-Occupied,Single-Family
LN002860,2023-01-01,192026.59,5.296,800+,70-80%,<30%,OH,Purchase,Owner-Occupied,Single-Family
LN002861,2024-08-01,318021.72,5.065,700-749,80-90%,40-50%,NC,Purchase,Owner-Occupied,Single-Family
LN002862,2024-10-01,358993.76,6.071,650-699,80-90%,<30%,MI,Refinance-Rate-Term,Owner-Occupied,Single-Family
LN002863,2023-07-01,274342.66,3.109,650-699,70-80%,<30%,NY,Refinance-Cashout,Owner-Occupied,Single-Family
LN002864,2023-04-01,449972.32,5.924,650-699,90-95%,40-50%,IL,Refinance-Rate-Term,Owner-Occupied,Single-Family
LN002865,2022-02-01,245157.87,4.545,650-699,<60%,30-40%,MI,Purchase,Investment,Single-Family
LN002866,2023-05-01,269113.76,3.005,800+,70-80%,30-40%,NY,Refinance-Rate-Term,Owner-Occupied,Single-Family
LN002867,2024-10-01,252705.94,5.638,600-649,90-95%,40-50%,OH,Purchase,Owner-Occupied,Single-Family
LN002868,2023-04-01,359861.89,4.313,650-699,70-80%,40-50%,GA,Purchase,Owner-Occupied,Condo
LN002869,2022-02-01,369957.35,2.578,600-649,70-80%,40-50%,GA,Purchase,Owner-Occupied,Single-Family
LN002870,2022-02-01,349536.69,3.693,650-699,60-70%,40-50%,FL,Purchase,Owner-Occupied,Single-Family
LN002871,2024-02-01,287589.13,7.534,600-649,80-90%,30-40%,TX,Purchase,Owner-Occupied,Single-Family
LN002872,2023-01-01,165937.71,4.165,700-749,70-80%,30-40%,PA,Purchase,Owner-Occupied,Single-Family
LN002873,2024-07-01,268055.94,5.484,700-749,80-90%,40-50%,CA,Purchase,Second Home,Single-Family
LN002874,2024-10-01,447813.97,3.374,650-699,60-70%,30-40%,NC,Refinance-Cashout,Owner-Occupied,Single-Family
LN002875,2022-03-01,401323.79,8.151,650-699,<60%,<30%,OH,Refinance-Cashout,Owner-Occupied,Single-Family
LN002876,2022-08-01,329405.04,5.104,700-749,70-80%,<30%,GA,Refinance-Cashout,Owner-Occupied,Condo
LN002877,2023-11-01,261554.79,3.974,700-749,70-80%,30-40%,OH,Purchase,Owner-Occupied,Single-Family
LN002878,2023-02-01,298638.15,6.328,600-649,90-95%,<30%,IL,Refinance-Cashout,Owner-Occupied,Single-Family
LN002879,2024-03-01,261999.58,8.075,800+,90-95%,30-40%,IL,Refinance-Cashout,Owner-Occupied,Single-Family
LN002880,2024-05-01,419305.17,4.388,700-749,70-80%,40-50%,OH,Refinance-Cashout,Owner-Occupied,Single-Family
LN002881,2022-01-01,216103.3,3.944,700-749,<60%,<30%,OH,Purchase,Owner-Occupied,Multi-Unit
LN002882,2023-05-01,392366.93,8.443,750-799,60-70%,40-50%,TX,Refinance-Rate-Term,Investment,Single-Family
LN002883,2024-06-01,247079.74,4.816,700-749,70-80%,40-50%,TX,Purchase,Owner-Occupied,Single-Family
LN002884,2023-01-01,432092.68,4.645,750-799,60-70%,<30%,OH,Purchase,Owner-Occupied,Single-Family
LN002885,2023-09-01,342677.59,2.5,800+,80-90%,<30%,IL,Purchase,Owner-Occupied,Single-Family
LN002886,2023-07-01,225061.26,4.95,650-699,<60%,<30%,TX,Refinance-Cashout,Owner-Occupied,Multi-Unit
LN002887,2023-07-01,269068.76,2.966,750-799,80-90%,30-40%,CA,Purchase,Owner-Occupied,Single-Family
LN002888,2024-01-01,371164.06,4.16,600-649,80-90%,40-50%,NC,Purchase,Owner-Occupied,Single-Family
LN002889,2023-10-01,250085.72,2.5,650-699,70-80%,30-40%,GA,Refinance-Cashout,Second Home,Single-Family
LN002890,2024-07-01,302213.65,6.853,750-799,80-90%,30-40%,TX,Purchase,Owner-Occupied,Single-Family
LN002891,2023-05-01,248705.58,2.8,800+,80-90%,30-40%,TX,Refinance-Cashout,Owner-Occupied,Single-Family
LN002892,2023-11-01,475911.71,2.5,750-799,80-90%,40-50%,FL,Refinance-Rate-Term,Owner-Occupied,Multi-Unit
LN002893,2024-08-01,493107.19,3.638,600-649,70-80%,<30%,NY,Purchase,Owner-Occupied,Single-Family
LN002894,2022-10-01,446312.4,6.871,700-749,70-80%,40-50%,NC,Purchase,Owner-Occupied,Single-Family
LN002895,2022-10-01,287562.6,4.333,700-749,90-95%,40-50%,PA,Purchase,Investment,Single-Family
LN002896,2024-12-01,259724.74,4.533,650-699,70-80%,30-40%,FL,Refinance-Cashout,Owner-Occupied,Single-Family
LN002897,2022-08-01,222083.64,5.718,800+,80-90%,30-40%,GA,Refinance-Cashout,Investment,Single-Family
LN002898,2023-08-01,453572.13,4.773,650-699,70-80%,<30%,PA,Purchase,Owner-Occupied,Single-Family
LN002899,2024-08-01,393072.37,6.857,650-699,60-70%,30-40%,GA,Purchase,Owner-Occupied,Single-Family
LN002900,2023-02-01,397876.09,4.641,600-649,>95%,<30%,MI,Purchase,Owner-Occupied,Multi-Unit
LN002901,2024-04-01,275007.21,4.665,700-749,60-70%,<30%,TX,Refinance-Rate-Term,Owner-Occupied,Single-Family
LN002902,2023-12-01,124210.25,8.396,750-799,90-95%,30-40%,GA,Purchase,Owner-Occupied,Condo
LN002903,2023-03-01,147204.24,5.083,650-699,60-70%,40-50%,IL,Purchase,Investment,Single-Family
LN002904,2023-10-01,305763.41,5.346,750-799,70-80%,>50%,MI,Refinance-Rate-Term,Investment,Single-Family
LN002905,2024-06-01,247732.57,4.684,600-649,70-80%,40-50%,NY,Purchase,Owner-Occupied,Single-Family
LN002906,2022-04-01,236229.87,2.5,700-749,90-95%,30-40%,FL,Purchase,Owner-Occupied,Single-Family
LN002907,2023-01-01,334514.84,6.309,750-799,90-95%,>50%,NC,Refinance-Rate-Term,Owner-Occupied,Single-Family
LN002908,2023-11-01,401365.98,7.491,600-649,80-90%,30-40%,MI,Purchase,Second Home,Single-Family
LN002909,2022-08-01,229877.29,6.884,700-749,70-80%,<30%,OH,Purchase,Owner-Occupied,Single-Family
LN002910,2023-06-01,169439.03,4.163,750-799,<60%,30-40%,OH,Refinance-Rate-Term,Owner-Occupied,Single-Family
LN002911,2022-12-01,232252.88,4.74,700-749,80-90%,30-40%,PA,Purchase,Owner-Occupied,Condo
LN002912,2024-07-01,195603.6,5.524,700-749,70-80%,30-40%,NC,Refinance-Rate-Term,Owner-Occupied,Single-Family
LN002913,2023-02-01,359283.26,5.471,750-799,80-90%,40-50%,FL,Refinance-Cashout,Owner-Occupied,Single-Family
LN002914,2024-10-01,299589.12,6.021,800+,80-90%,<30%,CA,Refinance-Rate-Term,Owner-Occupied,Single-Family
LN002915,2023-06-01,488048.92,5.305,650-699,70-80%,30-40%,OH,Refinance-Rate-Term,Owner-Occupied,Single-Family
LN002916,2024-10-01,373468.51,4.458,750-799,80-90%,30-40%,NC,Refinance-Rate-Term,Owner-Occupied,Condo
LN002917,2022-11-01,481385.61,5.205,600-649,80-90%,40-50%,PA,Purchase,Owner-Occupied,Condo
LN002918,2022-12-01,159612.46,6.498,<600,90-95%,>50%,MI,Purchase,Owner-Occupied,Single-Family
LN002919,2023-03-01,50000.0,9.0,650-699,70-80%,40-50%,TX,Purchase,Owner-Occupied,Single-Family
LN002920,2024-07-01,324299.2,4.252,800+,80-90%,30-40%,GA,Refinance-Rate-Term,Owner-Occupied,Single-Family
LN002921,2024-05-01,312322.02,5.339,700-749,70-80%,40-50%,NC,Purchase,Owner-Occupied,Single-Family
LN002922,2024-02-01,287721.46,4.455,650-699,<60%,30-40%,MI,Purchase,Owner-Occupied,Single-Family
LN002923,2023-06-01,309579.67,5.461,600-649,60-70%,>50%,GA,Refinance-Rate-Term,Owner-Occupied,Single-Family
LN002924,2024-08-01,187597.38,6.463,800+,60-70%,40-50%,NC,Purchase,Owner-Occupied,Single-Family
LN002925,2023-10-01,356317.87,4.688,700-749,60-70%,30-40%,CA,Refinance-Rate-Term,Owner-Occupied,Condo
LN002926,2023-05-01,373619.32,2.5,650-699,<60%,40-50%,FL,Purchase,Second Home,Single-Family
LN002927,2023-11-01,180025.13,6.543,750-799,90-95%,30-40%,FL,Purchase,Owner-Occupied,Single-Family
LN002928,2023-12-01,264636.36,5.196,700-749,70-80%,<30%,NC,Purchase,Owner-Occupied,Single-Family
LN002929,2022-08-01,270813.62,4.487,650-699,70-80%,40-50%,FL,Purchase,Second Home,Single-Family
LN002930,2022-06-01,232918.91,4.152,700-749,70-80%,30-40%,MI,Purchase,Owner-Occupied,Multi-Unit
LN002931,2022-05-01,183888.76,5.467,800+,70-80%,>50%,CA,Purchase,Owner-Occupied,Single-Family
LN002932,2024-05-01,301250.5,3.956,800+,<60%,30-40%,FL,Purchase,Owner-Occupied,Single-Family
LN002933,2024-04-01,326080.55,4.131,600-649,70-80%,40-50%,TX,Refinance-Rate-Term,Investment,Condo
LN002934,2022-11-01,238981.79,3.127,650-699,90-95%,40-50%,NC,Purchase,Owner-Occupied,Single-Family
LN002935,2022-01-01,190921.14,3.976,650-699,80-90%,40-50%,CA,Refinance-Rate-Term,Owner-Occupied,Single-Family
LN002936,2023-07-01,341055.72,5.946,700-749,70-80%,30-40%,TX,Refinance-Rate-Term,Owner-Occupied,Single-Family
LN002937,2022-09-01,223267.95,2.928,750-799,70-80%,30-40%,CA,Purchase,Owner-Occupied,Single-Family
LN002938,2024-03-01,269079.45,6.728,650-699,70-80%,40-50%,NC,Purchase,Owner-Occupied,Single-Family
LN002939,2024-10-01,256392.34,3.232,750-799,70-80%,40-50%,OH,Purchase,Owner-Occupied,Single-Family
LN002940,2022-04-01,424570.87,5.225,750-799,70-80%,30-40%,CA,Refinance-Cashout,Owner-Occupied,Single-Family
LN002941,2024-12-01,227856.95,5.727,750-799,80-90%,30-40%,MI,Refinance-Cashout,Owner-Occupied,Single-Family
LN002942,2023-06-01,472552.66,6.237,800+,60-70%,>50%,PA,Purchase,Owner-Occupied,Single-Family
LN002943,2023-03-01,375230.19,6.237,700-749,80-90%,40-50%,IL,Purchase,Owner-Occupied,Single-Family
LN002944,2023-01-01,482089.87,4.874,650-699,70-80%,40-50%,MI,Refinance-Cashout,Owner-Occupied,Single-Family
LN002945,2023-07-01,366463.88,4.743,750-799,70-80%,40-50%,IL,Refinance-Rate-Term,Owner-Occupied,Condo
LN002946,2022-06-01,277895.56,5.895,750-799,70-80%,30-40%,NY,Purchase,Owner-Occupied,Single-Family
LN002947,2022-12-01,208263.37,5.417,650-699,70-80%,>50%,FL,Purchase,Owner-Occupied,Single-Family
LN002948,2023-05-01,264458.86,4.481,750-799,70-80%,30-40%,GA,Purchase,Owner-Occupied,Multi-Unit
LN002949,2023-11-01,448728.1,5.556,600-649,60-70%,30-40%,OH,Refinance-Rate-Term,Owner-Occupied,Single-Family
LN002950,2024-02-01,295206.12,4.749,<600,70-80%,<30%,IL,Refinance-Rate-Term,Owner-Occupied,Condo
LN002951,2024-05-01,366091.94,4.099,650-699,70-80%,30-40%,NC,Purchase,Owner-Occupied,Single-Family
LN002952,2024-09-01,320697.13,4.432,800+,<60%,30-40%,OH,Purchase,Owner-Occupied,Single-Family
LN002953,2024-03-01,324966.12,5.73,700-749,60-70%,40-50%,MI,Refinance-Cashout,Second Home,Single-Family
LN002954,2024-01-01,328815.97,3.608,<600,70-80%,40-50%,TX,Refinance-Cashout,Owner-Occupied,Multi-Unit
LN002955,2022-10-01,349534.15,6.66,800+,60-70%,>50%,OH,Purchase,Second Home,Condo
LN002956,2023-11-01,218589.25,4.164,750-799,60-70%,<30%,OH,Purchase,Owner-Occupied,Single-Family
LN002957,2023-09-01,272509.57,2.5,750-799,70-80%,40-50%,NY,Purchase,Owner-Occupied,Single-Family
LN002958,2023-09-01,330931.33,5.829,650-699,90-95%,40-50%,GA,Purchase,Investment,Single-Family
LN002959,2023-01-01,316348.72,2.5,600-649,80-90%,<30%,NY,Purchase,Owner-Occupied,Single-Family
LN002960,2024-09-01,253879.54,3.482,700-749,90-95%,30-40%,OH,Purchase,Investment,Single-Family
LN002961,2023-12-01,341660.09,8.634,750-799,70-80%,30-40%,NY,Refinance-Cashout,Owner-Occupied,Multi-Unit
LN002962,2022-11-01,222885.86,6.59,700-749,70-80%,<30%,GA,Refinance-Cashout,Owner-Occupied,Single-Family
LN002963,2023-05-01,177699.38,6.466,700-749,80-90%,<30%,FL,Purchase,Owner-Occupied,Single-Family
LN002964,2022-04-01,329498.58,3.322,750-799,70-80%,40-50%,TX,Refinance-Cashout,Owner-Occupied,Single-Family
LN002965,2024-01-01,180150.83,4.72,650-699,<60%,40-50%,MI,Refinance-Rate-Term,Investment,Single-Family
LN002966,2024-06-01,328012.4,6.862,750-799,70-80%,40-50%,PA,Purchase,Owner-Occupied,Single-Family
LN002967,2022-09-01,104531.9,5.959,700-749,70-80%,40-50%,OH,Refinance-Cashout,Owner-Occupied,Single-Family
LN002968,2023-09-01,227501.22,6.704,600-649,80-90%,<30%,OH,Purchase,Investment,Single-Family
LN002969,2023-08-01,267242.31,7.672,650-699,70-80%,<30%,PA,Refinance-Cashout,Investment,Condo
LN002970,2023-07-01,139336.48,5.99,750-799,60-70%,30-40%,GA,Purchase,Owner-Occupied,Single-Family
LN002971,2023-07-01,262732.77,3.154,750-799,90-95%,30-40%,PA,Purchase,Owner-Occupied,Single-Family
LN002972,2022-12-01,418501.96,5.898,650-699,70-80%,>50%,PA,Purchase,Owner-Occupied,Single-Family
LN002973,2023-05-01,172969.13,4.647,650-699,70-80%,40-50%,FL,Purchase,Owner-Occupied,Single-Family
LN002974,2024-04-01,265462.68,3.064,<600,90-95%,30-40%,TX,Purchase,Investment,Single-Family
LN002975,2024-11-01,470264.47,6.342,800+,<60%,<30%,OH,Refinance-Cashout,Second Home,Single-Family
LN002976,2023-06-01,193813.91,6.803,750-799,80-90%,40-50%,PA,Refinance-Rate-Term,Owner-Occupied,Condo
LN002977,2023-02-01,439722.34,4.859,800+,70-80%,40-50%,CA,Purchase,Owner-Occupied,Single-Family
LN002978,2024-11-01,272099.47,5.481,750-799,80-90%,40-50%,TX,Purchase,Owner-Occupied,Single-Family
LN002979,2022-07-01,310191.21,2.5,650-699,90-95%,30-40%,TX,Refinance-Cashout,Owner-Occupied,Single-Family
LN002980,2023-01-01,429148.22,6.686,600-649,70-80%,30-40%,CA,Purchase,Owner-Occupied,Condo
LN002981,2023-06-01,251490.21,6.19,700-749,<60%,30-40%,FL,Purchase,Owner-Occupied,Single-Family
LN002982,2023-01-01,363102.57,5.375,<600,<60%,40-50%,IL,Refinance-Cashout,Owner-Occupied,Multi-Unit
LN002983,2024-12-01,388459.71,3.121,600-649,70-80%,<30%,NY,Refinance-Cashout,Owner-Occupied,Single-Family
LN002984,2024-07-01,234918.6,2.533,650-699,80-90%,30-40%,TX,Refinance-Rate-Term,Owner-Occupied,Single-Family
LN002985,2022-02-01,223856.98,8.04,750-799,70-80%,40-50%,GA,Purchase,Owner-Occupied,Single-Family
LN002986,2023-04-01,277139.69,3.501,700-749,70-80%,30-40%,NC,Purchase,Owner-Occupied,Single-Family
LN002987,2022-09-01,280268.47,5.201,650-699,80-90%,40-50%,GA,Refinance-Rate-Term,Owner-Occupied,Single-Family
LN002988,2022-09-01,192105.2,3.547,700-749,60-70%,<30%,OH,Refinance-Cashout,Owner-Occupied,Single-Family
LN002989,2022-11-01,235839.95,2.5,600-649,80-90%,<30%,MI,Refinance-Cashout,Owner-Occupied,Single-Family
LN002990,2023-10-01,50000.0,5.672,750-799,70-80%,40-50%,TX,Purchase,Owner-Occupied,Condo
LN002991,2024-09-01,266572.73,5.906,750-799,<60%,30-40%,PA,Refinance-Cashout,Owner-Occupied,Single-Family
LN002992,2024-12-01,389439.42,2.5,650-699,60-70%,<30%,NY,Purchase,Owner-Occupied,Single-Family
LN002993,2023-11-01,133331.09,6.662,700-749,>95%,<30%,IL,Purchase,Owner-Occupied,Single-Family
LN002994,2024-10-01,253685.55,4.21,700-749,70-80%,40-50%,NC,Purchase,Owner-Occupied,Single-Family
LN002995,2022-09-01,544233.28,3.376,600-649,70-80%,40-50%,NC,Refinance-Cashout,Owner-Occupied,Condo
LN002996,2023-12-01,297744.0,3.278,650-699,70-80%,>50%,NY,Purchase,Owner-Occupied,Condo
LN002997,2022-08-01,435679.44,6.307,800+,80-90%,40-50%,GA,Purchase,Owner-Occupied,Single-Family
LN002998,2022-07-01,198808.47,2.5,600-649,70-80%,40-50%,IL,Refinance-Cashout,Owner-Occupied,Condo
LN002999,2024-12-01,344881.84,3.137,700-749,80-90%,30-40%,NC,Purchase,Owner-Occupied,Single-Family
LN003000,2023-06-01,181778.18,5.647,750-799,70-80%,40-50%,TX,Purchase,Owner-Occupied,Single-Family
LN003001,2022-03-01,340106.46,5.448,650-699,60-70%,30-40%,NY,Refinance-Rate-Term,Owner-Occupied,Single-Family
LN003002,2024-04-01,384224.82,3.467,650-699,70-80%,40-50%,FL,Refinance-Rate-Term,Owner-Occupied,Single-Family
LN003003,2022-06-01,360497.58,6.93,750-799,60-70%,40-50%,OH,Purchase,Owner-Occupied,Condo
LN003004,2023-09-01,265506.27,3.33,650-699,90-95%,40-50%,TX,Refinance-Cashout,Investment,Single-Family
LN003005,2024-04-01,327493.36,4.687,750-799,<60%,30-40%,FL,Purchase,Owner-Occupied,Single-Family
LN003006,2022-01-01,328449.19,4.489,750-799,80-90%,40-50%,NC,Refinance-Cashout,Owner-Occupied,Multi-Unit
LN003007,2024-12-01,366598.97,4.494,750-799,70-80%,30-40%,GA,Refinance-Rate-Term,Owner-Occupied,Single-Family
LN003008,2023-09-01,287623.31,4.707,800+,80-90%,30-40%,TX,Purchase,Owner-Occupied,Single-Family
LN003009,2024-11-01,393113.88,4.662,750-799,<60%,>50%,PA,Refinance-Cashout,Owner-Occupied,Single-Family
LN003010,2023-01-01,443460.54,4.644,750-799,>95%,30-40%,FL,Purchase,Owner-Occupied,Condo
LN003011,2022-10-01,268213.26,4.727,750-799,60-70%,<30%,PA,Purchase,Second Home,Multi-Unit
LN003012,2022-10-01,304643.97,6.628,800+,80-90%,40-50%,IL,Refinance-Cashout,Owner-Occupied,Single-Family
LN003013,2023-01-01,209518.52,4.651,800+,70-80%,40-50%,MI,Purchase,Second Home,Condo
LN003014,2023-12-01,334025.73,6.038,750-799,70-80%,40-50%,NY,Purchase,Owner-Occupied,Condo
LN003015,2022-02-01,334663.77,5.223,650-699,70-80%,40-50%,OH,Purchase,Owner-Occupied,Single-Family
LN003016,2023-10-01,305798.64,5.549,750-799,80-90%,<30%,MI,Purchase,Owner-Occupied,Single-Family
LN003017,2023-05-01,313339.97,6.167,600-649,60-70%,<30%,OH,Refinance-Cashout,Owner-Occupied,Single-Family
LN003018,2024-12-01,492182.64,3.29,650-699,80-90%,<30%,NY,Refinance-Cashout,Owner-Occupied,Single-Family
LN003019,2023-02-01,50000.0,5.941,600-649,70-80%,30-40%,FL,Purchase,Owner-Occupied,Condo
LN003020,2022-10-01,250334.31,4.682,800+,>95%,40-50%,NY,Purchase,Owner-Occupied,Condo
LN003021,2024-11-01,265627.63,3.558,650-699,70-80%,30-40%,TX,Purchase,Owner-Occupied,Single-Family
LN003022,2024-01-01,445691.26,6.164,750-799,60-70%,30-40%,NY,Purchase,Owner-Occupied,Condo
LN003023,2022-03-01,347528.88,4.362,700-749,70-80%,40-50%,NY,Purchase,Owner-Occupied,Single-Family
LN003024,2023-05-01,349968.58,5.566,600-649,<60%,30-40%,IL,Purchase,Owner-Occupied,Single-Family
LN003025,2022-12-01,425985.62,2.5,700-749,70-80%,<30%,CA,Purchase,Owner-Occupied,Single-Family
LN003026,2023-12-01,282004.33,6.089,750-799,70-80%,30-40%,TX,Refinance-Rate-Term,Owner-Occupied,Condo
LN003027,2024-05-01,365232.65,8.885,750-799,90-95%,<30%,GA,Refinance-Cashout,Owner-Occupied,Condo
LN003028,2024-01-01,246923.41,4.989,600-649,80-90%,30-40%,GA,Refinance-Rate-Term,Owner-Occupied,Single-Family
LN003029,2024-12-01,194669.37,4.605,650-699,<60%,40-50%,GA,Refinance-Rate-Term,Owner-Occupied,Multi-Unit
LN003030,2024-02-01,479416.7,4.308,750-799,70-80%,>50%,IL,Purchase,Owner-Occupied,Single-Family
LN003031,2022-01-01,336903.17,5.833,<600,60-70%,<30%,GA,Refinance-Cashout,Investment,Single-Family
LN003032,2023-08-01,364466.26,4.544,650-699,70-80%,30-40%,NC,Refinance-Cashout,Owner-Occupied,Single-Family
LN003033,2024-04-01,191982.53,5.971,650-699,<60%,40-50%,NY,Refinance-Cashout,Investment,Condo
LN003034,2023-04-01,351035.26,7.584,750-799,80-90%,30-40%,NY,Purchase,Owner-Occupied,Single-Family
LN003035,2023-05-01,477823.27,6.262,650-699,>95%,30-40%,OH,Refinance-Rate-Term,Investment,Single-Family
LN003036,2024-04-01,272254.99,4.738,700-749,60-70%,<30%,IL,Refinance-Rate-Term,Owner-Occupied,Single-Family
LN003037,2022-12-01,174420.06,3.327,800+,70-80%,40-50%,MI,Purchase,Owner-Occupied,Condo
LN003038,2024-03-01,318397.62,4.388,750-799,60-70%,40-50%,CA,Refinance-Cashout,Owner-Occupied,Multi-Unit
LN003039,2024-06-01,196410.31,4.759,650-699,90-95%,>50%,GA,Purchase,Investment,Single-Family
LN003040,2024-10-01,144220.13,3.022,700-749,<60%,40-50%,NY,Purchase,Second Home,Multi-Unit
LN003041,2022-06-01,226523.43,6.63,650-699,70-80%,<30%,GA,Purchase,Owner-Occupied,Single-Family
LN003042,2022-07-01,250740.22,5.854,<600,90-95%,40-50%,TX,Purchase,Owner-Occupied,Single-Family
LN003043,2024-08-01,201275.02,3.427,650-699,60-70%,30-40%,NY,Refinance-Cashout,Owner-Occupied,Condo
LN003044,2024-08-01,432646.68,2.5,700-749,70-80%,>50%,TX,Purchase,Owner-Occupied,Single-Family
LN003045,2024-01-01,488961.0,6.077,700-749,<60%,>50%,IL,Purchase,Owner-Occupied,Single-Family
LN003046,2024-09-01,361808.8,2.535,800+,80-90%,>50%,MI,Refinance-Rate-Term,Owner-Occupied,Single-Family
LN003047,2022-07-01,338419.55,5.126,800+,70-80%,40-50%,MI,Purchase,Owner-Occupied,Single-Family
LN003048,2022-12-01,285795.19,4.386,600-649,>95%,30-40%,GA,Refinance-Rate-Term,Second Home,Single-Family
LN003049,2023-04-01,210366.72,6.2,700-749,90-95%,40-50%,OH,Refinance-Rate-Term,Owner-Occupied,Single-Family
LN003050,2023-04-01,460291.02,6.217,<600,80-90%,>50%,IL,Purchase,Owner-Occupied,Single-Family
LN003051,2024-12-01,293714.65,3.768,700-749,70-80%,30-40%,OH,Refinance-Cashout,Owner-Occupied,Single-Family
LN003052,2023-01-01,253741.45,6.332,600-649,80-90%,40-50%,IL,Purchase,Owner-Occupied,Single-Family
LN003053,2022-07-01,401475.66,4.566,800+,60-70%,>50%,OH,Refinance-Rate-Term,Owner-Occupied,Single-Family
LN003054,2024-12-01,292641.58,5.028,750-799,70-80%,30-40%,NY,Refinance-Cashout,Owner-Occupied,Multi-Unit
LN003055,2022-09-01,397729.42,5.059,<600,<60%,<30%,NY,Refinance-Rate-Term,Investment,Single-Family
LN003056,2024-08-01,259025.13,8.372,750-799,70-80%,<30%,MI,Purchase,Owner-Occupied,Single-Family
LN003057,2022-11-01,401763.69,4.821,700-749,80-90%,<30%,NY,Purchase,Owner-Occupied,Condo
LN003058,2022-08-01,397976.72,2.5,700-749,90-95%,30-40%,GA,Refinance-Rate-Term,Owner-Occupied,Single-Family
LN003059,2024-09-01,432482.84,3.928,700-749,80-90%,30-40%,CA,Refinance-Cashout,Owner-Occupied,Single-Family
LN003060,2023-11-01,229057.52,6.107,750-799,80-90%,40-50%,MI,Purchase,Owner-Occupied,Single-Family
LN003061,2024-01-01,291696.06,4.574,750-799,90-95%,30-40%,IL,Purchase,Owner-Occupied,Single-Family
LN003062,2022-08-01,494777.01,5.022,750-799,90-95%,>50%,MI,Purchase,Owner-Occupied,Single-Family
LN003063,2023-10-01,275358.79,4.352,700-749,70-80%,30-40%,TX,Refinance-Rate-Term,Owner-Occupied,Single-Family
LN003064,2022-04-01,381102.58,2.5,750-799,60-70%,40-50%,MI,Purchase,Owner-Occupied,Single-Family
LN003065,2022-03-01,529056.5,3.833,800+,70-80%,<30%,NY,Refinance-Cashout,Owner-Occupied,Single-Family
LN003066,2024-05-01,115095.88,4.884,650-699,70-80%,40-50%,IL,Refinance-Cashout,Owner-Occupied,Single-Family
LN003067,2024-05-01,272044.44,2.5,600-649,70-80%,40-50%,GA,Purchase,Owner-Occupied,Condo
LN003068,2024-10-01,300187.02,3.232,750-799,>95%,40-50%,TX,Purchase,Owner-Occupied,Single-Family
LN003069,2024-10-01,120112.13,4.49,800+,90-95%,30-40%,TX,Refinance-Rate-Term,Owner-Occupied,Single-Family
LN003070,2024-04-01,254402.88,4.503,600-649,70-80%,<30%,TX,Purchase,Owner-Occupied,Single-Family
LN003071,2023-01-01,202861.87,5.592,700-749,60-70%,30-40%,GA,Purchase,Owner-Occupied,Single-Family
LN003072,2023-03-01,385768.55,4.585,600-649,60-70%,30-40%,FL,Purchase,Owner-Occupied,Condo
LN003073,2023-11-01,126735.26,5.536,750-799,60-70%,30-40%,IL,Purchase,Owner-Occupied,Single-Family
LN003074,2024-02-01,488932.26,3.95,800+,70-80%,30-40%,TX,Purchase,Second Home,Single-Family
LN003075,2022-04-01,368989.74,5.317,700-749,90-95%,40-50%,PA,Refinance-Cashout,Owner-Occupied,Single-Family
LN003076,2024-02-01,194617.84,7.207,700-749,70-80%,40-50%,MI,Refinance-Rate-Term,Owner-Occupied,Condo
LN003077,2022-09-01,402641.95,5.433,800+,70-80%,>50%,PA,Refinance-Cashout,Owner-Occupied,Single-Family
LN003078,2022-05-01,359697.97,4.647,600-649,60-70%,30-40%,TX,Purchase,Investment,Single-Family
LN003079,2024-08-01,296123.24,3.586,750-799,70-80%,<30%,NY,Purchase,Owner-Occupied,Single-Family
LN003080,2023-08-01,227854.31,5.13,700-749,90-95%,40-50%,TX,Purchase,Second Home,Single-Family
LN003081,2022-11-01,354766.33,4.673,700-749,80-90%,30-40%,MI,Purchase,Owner-Occupied,Single-Family
LN003082,2023-03-01,312292.04,5.843,700-749,<60%,30-40%,NY,Purchase,Owner-Occupied,Single-Family
LN003083,2024-08-01,231075.95,2.5,700-749,90-95%,30-40%,OH,Purchase,Owner-Occupied,Single-Family
LN003084,2024-04-01,165674.49,4.718,800+,70-80%,40-50%,IL,Purchase,Second Home,Single-Family
LN003085,2023-10-01,214941.1,5.629,800+,80-90%,40-50%,MI,Purchase,Second Home,Single-Family
LN003086,2023-05-01,249670.21,5.194,750-799,60-70%,>50%,NY,Purchase,Owner-Occupied,Single-Family
LN003087,2024-02-01,416248.73,4.501,650-699,80-90%,>50%,MI,Purchase,Owner-Occupied,Single-Family
LN003088,2022-07-01,386075.89,4.48,650-699,<60%,40-50%,MI,Purchase,Owner-Occupied,Condo
LN003089,2024-02-01,254993.25,3.352,700-749,70-80%,40-50%,FL,Refinance-Cashout,Owner-Occupied,Single-Family
LN003090,2024-01-01,258880.6,5.568,800+,70-80%,<30%,PA,Purchase,Second Home,Single-Family
LN003091,2022-10-01,399135.23,5.637,700-749,60-70%,40-50%,TX,Purchase,Owner-Occupied,Single-Family
LN003092,2023-07-01,326734.67,2.88,800+,90-95%,<30%,NY,Purchase,Owner-Occupied,Single-Family
LN003093,2022-11-01,325341.48,6.147,800+,<60%,40-50%,GA,Purchase,Owner-Occupied,Single-Family
LN003094,2023-01-01,229662.46,4.018,700-749,90-95%,<30%,TX,Refinance-Cashout,Owner-Occupied,Single-Family
LN003095,2022-08-01,287658.11,4.436,750-799,70-80%,30-40%,NC,Purchase,Owner-Occupied,Condo
LN003096,2022-04-01,300426.17,7.781,800+,80-90%,<30%,TX,Refinance-Rate-Term,Investment,Condo
LN003097,2024-07-01,290880.83,7.403,750-799,80-90%,30-40%,GA,Purchase,Investment,Single-Family
LN003098,2024-04-01,373406.79,2.83,750-799,60-70%,30-40%,GA,Refinance-Rate-Term,Owner-Occupied,Single-Family
LN003099,2022-11-01,376535.38,3.082,750-799,70-80%,<30%,OH,Refinance-Cashout,Owner-Occupied,Single-Family
LN003100,2022-01-01,208104.22,3.424,600-649,70-80%,40-50%,MI,Refinance-Cashout,Owner-Occupied,Single-Family
LN003101,2023-12-01,249978.55,7.379,700-749,80-90%,40-50%,PA,Purchase,Owner-Occupied,Condo
LN003102,2024-07-01,231262.65,4.089,650-699,>95%,40-50%,CA,Refinance-Cashout,Investment,Single-Family
LN003103,2024-02-01,438852.58,2.789,600-649,<60%,40-50%,TX,Purchase,Owner-Occupied,Single-Family
LN003104,2022-05-01,525349.05,6.849,750-799,70-80%,40-50%,OH,Purchase,Owner-Occupied,Single-Family
LN003105,2023-08-01,253637.86,5.891,700-749,80-90%,>50%,NY,Refinance-Rate-Term,Investment,Single-Family
LN003106,2022-11-01,283290.48,8.376,650-699,70-80%,30-40%,NC,Refinance-Cashout,Owner-Occupied,Single-Family
LN003107,2024-09-01,384231.48,5.888,700-749,90-95%,30-40%,FL,Purchase,Owner-Occupied,Single-Family
LN003108,2024-03-01,229278.89,4.952,800+,<60%,40-50%,NY,Refinance-Rate-Term,Owner-Occupied,Single-Family
LN003109,2024-10-01,386490.83,5.379,750-799,70-80%,30-40%,FL,Purchase,Investment,Single-Family
LN003110,2023-03-01,297913.07,4.321,<600,80-90%,<30%,OH,Purchase,Owner-Occupied,Condo
LN003111,2024-08-01,125626.03,6.958,800+,60-70%,40-50%,TX,Refinance-Cashout,Investment,Single-Family
LN003112,2023-09-01,169956.64,7.037,700-749,80-90%,30-40%,MI,Purchase,Investment,Condo
LN003113,2022-05-01,266214.59,2.626,750-799,<60%,30-40%,TX,Purchase,Owner-Occupied,Single-Family
LN003114,2022-06-01,422294.86,6.414,750-799,70-80%,30-40%,TX,Purchase,Owner-Occupied,Single-Family
LN003115,2023-10-01,210746.54,3.393,800+,80-90%,40-50%,NY,Refinance-Rate-Term,Owner-Occupied,Single-Family
LN003116,2023-06-01,246589.94,8.621,750-799,70-80%,>50%,GA,Purchase,Second Home,Single-Family
LN003117,2023-02-01,321112.42,7.276,650-699,<60%,<30%,GA,Purchase,Owner-Occupied,Single-Family
LN003118,2022-10-01,133123.5,3.293,700-749,>95%,30-40%,GA,Purchase,Investment,Condo
LN003119,2023-01-01,329855.33,5.358,700-749,90-95%,<30%,GA,Refinance-Cashout,Owner-Occupied,Multi-Unit
LN003120,2024-07-01,145625.99,6.49,700-749,90-95%,40-50%,OH,Refinance-Rate-Term,Second Home,Single-Family
LN003121,2024-06-01,356718.42,4.064,700-749,>95%,30-40%,PA,Refinance-Rate-Term,Owner-Occupied,Single-Family
LN003122,2022-03-01,219122.19,2.95,700-749,60-70%,30-40%,OH,Refinance-Rate-Term,Owner-Occupied,Condo
LN003123,2024-06-01,205795.09,5.153,700-749,60-70%,<30%,IL,Purchase,Owner-Occupied,Condo
LN003124,2022-06-01,327279.66,4.761,650-699,<60%,30-40%,GA,Purchase,Owner-Occupied,Condo
LN003125,2024-05-01,379399.05,3.629,700-749,90-95%,30-40%,TX,Purchase,Owner-Occupied,Single-Family
LN003126,2022-08-01,337625.99,6.854,750-799,80-90%,40-50%,IL,Purchase,Owner-Occupied,Condo
LN003127,2024-09-01,320764.35,3.067,700-749,70-80%,30-40%,OH,Purchase,Owner-Occupied,Single-Family
LN003128,2023-05-01,322180.22,4.838,800+,90-95%,40-50%,NC,Refinance-Rate-Term,Owner-Occupied,Single-Family
LN003129,2022-11-01,338232.19,5.273,600-649,70-80%,30-40%,MI,Purchase,Owner-Occupied,Single-Family
LN003130,2023-01-01,344803.62,5.463,700-749,60-70%,30-40%,CA,Purchase,Owner-Occupied,Single-Family
LN003131,2022-11-01,260571.89,6.696,700-749,60-70%,30-40%,NC,Purchase,Investment,Single-Family
LN003132,2024-07-01,365450.29,4.64,<600,60-70%,40-50%,FL,Purchase,Owner-Occupied,Single-Family
LN003133,2024-04-01,220180.98,2.5,650-699,70-80%,30-40%,CA,Purchase,Owner-Occupied,Single-Family
LN003134,2022-06-01,409139.33,4.42,800+,70-80%,40-50%,OH,Refinance-Rate-Term,Second Home,Single-Family
LN003135,2023-04-01,378244.36,6.088,700-749,80-90%,30-40%,FL,Purchase,Investment,Single-Family
LN003136,2022-04-01,518090.1,4.784,700-749,60-70%,<30%,GA,Purchase,Investment,Single-Family
LN003137,2024-11-01,351384.85,4.795,700-749,80-90%,<30%,TX,Refinance-Rate-Term,Second Home,Single-Family
LN003138,2024-02-01,390909.97,5.789,750-799,70-80%,30-40%,NY,Purchase,Owner-Occupied,Single-Family
LN003139,2022-12-01,143946.17,5.987,700-749,>95%,<30%,TX,Refinance-Rate-Term,Owner-Occupied,Single-Family
LN003140,2022-11-01,394169.67,2.5,750-799,80-90%,<30%,NY,Purchase,Owner-Occupied,Single-Family
LN003141,2024-01-01,417645.6,4.972,650-699,>95%,30-40%,CA,Refinance-Cashout,Owner-Occupied,Single-Family
LN003142,2023-06-01,450472.13,4.707,700-749,70-80%,40-50%,MI,Purchase,Owner-Occupied,Single-Family
LN003143,2023-07-01,312046.64,5.113,600-649,60-70%,40-50%,IL,Refinance-Rate-Term,Owner-Occupied,Single-Family
LN003144,2023-11-01,265810.66,2.5,750-799,70-80%,30-40%,FL,Purchase,Owner-Occupied,Single-Family
LN003145,2023-06-01,191048.52,6.985,750-799,60-70%,30-40%,NC,Purchase,Owner-Occupied,Multi-Unit
LN003146,2024-02-01,200196.4,5.01,700-749,70-80%,40-50%,NY,Refinance-Rate-Term,Owner-Occupied,Single-Family
LN003147,2022-06-01,297439.33,5.637,<600,70-80%,30-40%,PA,Purchase,Owner-Occupied,Condo
LN003148,2022-04-01,124856.2,7.649,700-749,70-80%,40-50%,NC,Purchase,Second Home,Single-Family
LN003149,2024-05-01,223178.14,5.652,650-699,90-95%,>50%,TX,Purchase,Owner-Occupied,Single-Family
LN003150,2024-10-01,308952.21,2.69,700-749,70-80%,40-50%,OH,Purchase,Investment,Single-Family
LN003151,2023-05-01,306720.35,4.87,750-799,>95%,30-40%,FL,Refinance-Rate-Term,Owner-Occupied,Single-Family
LN003152,2023-04-01,203060.62,6.012,750-799,60-70%,30-40%,CA,Refinance-Rate-Term,Owner-Occupied,Single-Family
LN003153,2022-02-01,176613.67,5.085,650-699,60-70%,40-50%,NC,Purchase,Owner-Occupied,Condo
LN003154,2024-10-01,191548.75,7.56,800+,70-80%,30-40%,NC,Purchase,Owner-Occupied,Condo
LN003155,2022-08-01,277914.78,3.716,800+,80-90%,40-50%,NY,Refinance-Cashout,Owner-Occupied,Multi-Unit
LN003156,2023-01-01,512979.71,6.868,700-749,80-90%,30-40%,NC,Purchase,Second Home,Condo
LN003157,2022-08-01,406033.91,6.259,700-749,80-90%,40-50%,OH,Refinance-Rate-Term,Owner-Occupied,Single-Family
LN003158,2024-06-01,321419.44,5.133,800+,70-80%,30-40%,NY,Purchase,Second Home,Single-Family
LN003159,2024-08-01,355389.08,5.497,700-749,<60%,<30%,TX,Refinance-Cashout,Owner-Occupied,Condo
LN003160,2024-12-01,401586.49,3.533,700-749,60-70%,40-50%,IL,Purchase,Owner-Occupied,Single-Family
LN003161,2024-06-01,367561.87,4.539,750-799,70-80%,30-40%,GA,Purchase,Owner-Occupied,Single-Family
LN003162,2022-01-01,269179.0,5.866,650-699,>95%,<30%,MI,Purchase,Owner-Occupied,Single-Family
LN003163,2023-05-01,215441.18,4.776,750-799,90-95%,30-40%,MI,Refinance-Rate-Term,Owner-Occupied,Single-Family
LN003164,2023-08-01,287472.58,5.09,700-749,60-70%,<30%,PA,Purchase,Owner-Occupied,Single-Family
LN003165,2023-12-01,400424.17,6.489,700-749,80-90%,40-50%,IL,Refinance-Rate-Term,Investment,Condo
LN003166,2023-10-01,272960.88,2.5,600-649,70-80%,30-40%,NY,Purchase,Owner-Occupied,Single-Family
LN003167,2024-05-01,189532.44,5.554,650-699,<60%,<30%,PA,Purchase,Second Home,Multi-Unit
LN003168,2023-10-01,127655.2,7.665,700-749,70-80%,30-40%,FL,Refinance-Cashout,Owner-Occupied,Condo
LN003169,2022-09-01,287896.92,4.435,700-749,70-80%,30-40%,TX,Purchase,Owner-Occupied,Single-Family
LN003170,2022-10-01,197435.78,3.134,750-799,80-90%,40-50%,CA,Purchase,Owner-Occupied,Single-Family
LN003171,2024-12-01,256348.41,4.416,650-699,70-80%,30-40%,NC,Purchase,Owner-Occupied,Single-Family
LN003172,2024-04-01,445623.25,2.724,650-699,90-95%,40-50%,CA,Refinance-Cashout,Owner-Occupied,Condo
LN003173,2024-04-01,294615.03,5.339,700-749,70-80%,<30%,NY,Purchase,Owner-Occupied,Single-Family
LN003174,2023-09-01,224953.92,4.889,700-749,60-70%,30-40%,PA,Purchase,Owner-Occupied,Single-Family
LN003175,2023-12-01,330875.13,5.478,600-649,70-80%,40-50%,NC,Purchase,Owner-Occupied,Single-Family
LN003176,2022-02-01,492095.47,4.803,<600,80-90%,<30%,NY,Purchase,Owner-Occupied,Single-Family
LN003177,2022-08-01,287930.38,5.294,800+,70-80%,30-40%,OH,Purchase,Owner-Occupied,Single-Family
LN003178,2024-03-01,64447.37,5.676,600-649,80-90%,30-40%,OH,Refinance-Cashout,Second Home,Single-Family
LN003179,2023-10-01,365007.66,3.204,750-799,70-80%,<30%,PA,Purchase,Owner-Occupied,Single-Family
LN003180,2024-03-01,334643.01,5.519,700-749,70-80%,30-40%,NC,Refinance-Rate-Term,Owner-Occupied,Single-Family
LN003181,2024-05-01,309012.24,7.172,750-799,70-80%,40-50%,MI,Purchase,Owner-Occupied,Single-Family
LN003182,2022-03-01,278082.27,3.557,650-699,60-70%,30-40%,OH,Refinance-Cashout,Owner-Occupied,Condo
LN003183,2023-01-01,219272.78,5.462,750-799,80-90%,30-40%,FL,Refinance-Cashout,Owner-Occupied,Single-Family
LN003184,2022-10-01,451497.42,6.942,650-699,70-80%,>50%,PA,Purchase,Owner-Occupied,Single-Family
LN003185,2024-12-01,116169.07,3.267,700-749,70-80%,40-50%,OH,Purchase,Owner-Occupied,Multi-Unit
LN003186,2022-09-01,269103.89,6.197,650-699,70-80%,<30%,OH,Refinance-Rate-Term,Second Home,Single-Family
LN003187,2024-03-01,266765.98,4.667,750-799,70-80%,<30%,PA,Purchase,Owner-Occupied,Single-Family
LN003188,2024-10-01,385344.18,6.517,750-799,80-90%,30-40%,FL,Purchase,Owner-Occupied,Condo
LN003189,2022-01-01,423566.06,3.763,700-749,80-90%,30-40%,PA,Refinance-Cashout,Owner-Occupied,Single-Family
LN003190,2024-08-01,277326.62,4.986,650-699,80-90%,<30%,TX,Purchase,Owner-Occupied,Single-Family
LN003191,2024-01-01,319296.59,2.722,750-799,70-80%,30-40%,MI,Purchase,Owner-Occupied,Single-Family
LN003192,2024-05-01,327798.68,5.656,750-799,70-80%,<30%,CA,Refinance-Cashout,Second Home,Single-Family
LN003193,2022-07-01,405332.62,5.673,700-749,80-90%,30-40%,GA,Purchase,Owner-Occupied,Single-Family
LN003194,2022-03-01,403273.04,5.811,800+,<60%,30-40%,FL,Purchase,Owner-Occupied,Single-Family
LN003195,2023-08-01,246158.65,5.737,700-749,80-90%,<30%,GA,Purchase,Owner-Occupied,Single-Family
LN003196,2023-08-01,343790.14,4.863,650-699,80-90%,30-40%,FL,Purchase,Owner-Occupied,Single-Family
LN003197,2024-06-01,338325.18,2.784,650-699,80-90%,30-40%,TX,Refinance-Cashout,Owner-Occupied,Single-Family
LN003198,2024-11-01,288409.01,6.488,750-799,<60%,40-50%,GA,Refinance-Cashout,Owner-Occupied,Single-Family
LN003199,2024-11-01,337378.17,4.942,700-749,>95%,>50%,FL,Purchase,Second Home,Single-Family
LN003200,2024-03-01,302018.78,5.59,650-699,80-90%,>50%,GA,Refinance-Cashout,Owner-Occupied,Single-Family
LN003201,2024-02-01,315789.06,4.722,650-699,80-90%,30-40%,TX,Purchase,Owner-Occupied,Single-Family
LN003202,2023-02-01,164399.37,7.938,700-749,<60%,40-50%,NY,Refinance-Rate-Term,Owner-Occupied,Single-Family
LN003203,2023-05-01,208203.86,4.149,600-649,70-80%,<30%,NC,Purchase,Investment,Single-Family
LN003204,2023-06-01,381775.55,4.091,<600,<60%,30-40%,CA,Purchase,Owner-Occupied,Multi-Unit
LN003205,2024-05-01,178941.21,2.658,800+,70-80%,40-50%,TX,Purchase,Owner-Occupied,Single-Family
LN003206,2023-08-01,347010.92,5.169,650-699,70-80%,30-40%,TX,Purchase,Owner-Occupied,Single-Family
LN003207,2024-03-01,291857.4,7.788,650-699,90-95%,30-40%,NC,Purchase,Owner-Occupied,Single-Family
LN003208,2023-06-01,403065.47,5.188,750-799,70-80%,<30%,MI,Purchase,Owner-Occupied,Single-Family
LN003209,2022-04-01,364880.05,5.341,750-799,70-80%,30-40%,IL,Refinance-Cashout,Owner-Occupied,Single-Family
LN003210,2022-01-01,254672.08,6.46,700-749,60-70%,40-50%,NY,Refinance-Cashout,Owner-Occupied,Single-Family
LN003211,2022-01-01,277675.17,5.243,650-699,70-80%,>50%,MI,Refinance-Cashout,Second Home,Single-Family
LN003212,2024-02-01,101446.22,6.799,750-799,90-95%,30-40%,MI,Purchase,Owner-Occupied,Single-Family
LN003213,2023-08-01,286960.19,7.022,700-749,80-90%,>50%,NY,Purchase,Owner-Occupied,Condo
LN003214,2023-11-01,172985.13,4.111,700-749,70-80%,<30%,OH,Purchase,Owner-Occupied,Condo
LN003215,2022-10-01,278129.36,2.854,700-749,70-80%,>50%,FL,Purchase,Owner-Occupied,Single-Family
LN003216,2022-11-01,236208.18,6.034,750-799,70-80%,40-50%,NC,Purchase,Owner-Occupied,Single-Family
LN003217,2022-05-01,212337.08,5.484,700-749,60-70%,<30%,IL,Purchase,Owner-Occupied,Single-Family
LN003218,2022-01-01,418772.45,3.431,800+,70-80%,30-40%,NC,Purchase,Owner-Occupied,Single-Family
LN003219,2023-05-01,172378.91,3.983,700-749,60-70%,<30%,CA,Refinance-Cashout,Investment,Single-Family
LN003220,2023-10-01,203693.49,3.978,750-799,80-90%,>50%,MI,Refinance-Rate-Term,Investment,Single-Family
LN003221,2024-10-01,230178.9,5.221,700-749,<60%,30-40%,GA,Purchase,Owner-Occupied,Condo
LN003222,2024-05-01,251888.19,6.496,650-699,60-70%,40-50%,TX,Refinance-Rate-Term,Owner-Occupied,Single-Family
LN003223,2022-04-01,212322.15,6.58,700-749,80-90%,30-40%,GA,Purchase,Owner-Occupied,Condo
LN003224,2022-05-01,264085.15,6.186,600-649,90-95%,>50%,NY,Purchase,Owner-Occupied,Condo
LN003225,2022-11-01,330215.43,4.562,650-699,>95%,30-40%,TX,Purchase,Owner-Occupied,Single-Family
LN003226,2023-09-01,366985.88,8.33,750-799,80-90%,30-40%,TX,Refinance-Rate-Term,Owner-Occupied,Single-Family
LN003227,2024-11-01,362130.8,5.05,750-799,60-70%,30-40%,PA,Purchase,Owner-Occupied,Multi-Unit
LN003228,2022-12-01,109179.74,4.417,650-699,70-80%,30-40%,FL,Purchase,Owner-Occupied,Single-Family
LN003229,2024-02-01,338019.59,2.951,700-749,90-95%,<30%,MI,Purchase,Owner-Occupied,Single-Family
LN003230,2023-07-01,344189.85,4.479,600-649,90-95%,30-40%,FL,Purchase,Owner-Occupied,Condo
LN003231,2022-07-01,233760.09,5.658,750-799,70-80%,<30%,NC,Purchase,Owner-Occupied,Single-Family
LN003232,2022-07-01,466768.42,2.621,600-649,70-80%,30-40%,IL,Refinance-Rate-Term,Second Home,Single-Family
LN003233,2024-02-01,408766.62,3.569,750-799,60-70%,30-40%,OH,Purchase,Owner-Occupied,Single-Family
LN003234,2022-05-01,281697.56,4.299,700-749,90-95%,30-40%,IL,Refinance-Rate-Term,Owner-Occupied,Condo
LN003235,2023-09-01,240403.17,3.837,700-749,60-70%,30-40%,TX,Purchase,Investment,Condo
LN003236,2023-02-01,465144.45,3.713,650-699,80-90%,40-50%,GA,Purchase,Owner-Occupied,Single-Family
LN003237,2022-04-01,298098.63,6.687,700-749,>95%,<30%,NC,Refinance-Rate-Term,Investment,Single-Family
LN003238,2023-11-01,308503.71,2.524,750-799,80-90%,30-40%,TX,Purchase,Owner-Occupied,Condo
LN003239,2023-08-01,307245.66,5.263,750-799,70-80%,40-50%,TX,Purchase,Investment,Single-Family
LN003240,2023-03-01,530310.45,5.779,750-799,70-80%,<30%,NY,Purchase,Owner-Occupied,Multi-Unit
LN003241,2024-05-01,278348.47,4.274,750-799,<60%,30-40%,GA,Refinance-Rate-Term,Owner-Occupied,Single-Family
LN003242,2022-08-01,297635.8,4.66,600-649,80-90%,<30%,IL,Refinance-Rate-Term,Second Home,Condo
LN003243,2023-07-01,216893.73,4.939,600-649,70-80%,<30%,IL,Purchase,Second Home,Single-Family
LN003244,2024-04-01,261050.06,5.951,750-799,60-70%,40-50%,OH,Purchase,Owner-Occupied,Single-Family
LN003245,2024-03-01,196860.78,7.296,750-799,60-70%,30-40%,NY,Refinance-Rate-Term,Owner-Occupied,Single-Family
LN003246,2022-04-01,218926.67,3.073,750-799,<60%,30-40%,NC,Purchase,Investment,Single-Family
LN003247,2023-03-01,119004.83,3.626,700-749,>95%,40-50%,NY,Purchase,Owner-Occupied,Condo
LN003248,2024-11-01,388152.46,3.701,700-749,80-90%,<30%,GA,Refinance-Rate-Term,Owner-Occupied,Single-Family
LN003249,2022-01-01,315674.63,4.981,650-699,70-80%,30-40%,FL,Refinance-Rate-Term,Owner-Occupied,Single-Family
LN003250,2022-03-01,323910.93,4.4,750-799,90-95%,>50%,PA,Purchase,Owner-Occupied,Single-Family
LN003251,2023-12-01,294756.17,6.0,800+,80-90%,30-40%,CA,Refinance-Rate-Term,Owner-Occupied,Single-Family
LN003252,2024-03-01,307176.6,4.015,700-749,80-90%,<30%,OH,Purchase,Second Home,Single-Family
LN003253,2024-12-01,461913.91,3.668,650-699,80-90%,30-40%,OH,Refinance-Rate-Term,Owner-Occupied,Single-Family
LN003254,2024-10-01,223122.72,3.855,650-699,80-90%,<30%,TX,Purchase,Investment,Multi-Unit
LN003255,2024-05-01,327835.68,5.174,<600,60-70%,30-40%,IL,Purchase,Owner-Occupied,Single-Family
LN003256,2023-12-01,327299.11,6.446,700-749,70-80%,40-50%,NY,Purchase,Owner-Occupied,Condo
LN003257,2023-12-01,414198.92,4.933,800+,80-90%,<30%,MI,Purchase,Owner-Occupied,Single-Family
LN003258,2022-04-01,343865.48,4.163,750-799,<60%,<30%,NC,Purchase,Owner-Occupied,Single-Family
LN003259,2022-03-01,348891.88,3.453,750-799,60-70%,30-40%,TX,Refinance-Rate-Term,Owner-Occupied,Condo
LN003260,2024-10-01,174173.04,7.192,700-749,60-70%,>50%,FL,Purchase,Owner-Occupied,Single-Family
LN003261,2023-11-01,219109.76,2.5,700-749,70-80%,30-40%,CA,Refinance-Rate-Term,Owner-Occupied,Single-Family
LN003262,2023-11-01,183311.16,4.721,800+,60-70%,<30%,MI,Purchase,Owner-Occupied,Single-Family
LN003263,2022-05-01,52412.82,6.11,700-749,70-80%,30-40%,IL,Refinance-Rate-Term,Owner-Occupied,Single-Family
LN003264,2024-07-01,339719.93,4.7,800+,70-80%,30-40%,FL,Purchase,Investment,Single-Family
LN003265,2022-06-01,273837.12,4.151,750-799,60-70%,30-40%,NY,Purchase,Owner-Occupied,Single-Family
LN003266,2022-10-01,339907.17,5.803,650-699,90-95%,>50%,NY,Purchase,Second Home,Multi-Unit
LN003267,2022-07-01,303548.93,3.359,700-749,80-90%,30-40%,PA,Purchase,Second Home,Single-Family
LN003268,2023-09-01,324043.63,2.5,700-749,60-70%,30-40%,MI,Purchase,Owner-Occupied,Single-Family
LN003269,2023-08-01,433811.54,5.53,600-649,70-80%,<30%,OH,Purchase,Owner-Occupied,Single-Family
LN003270,2022-03-01,300729.51,3.507,700-749,80-90%,40-50%,OH,Refinance-Cashout,Owner-Occupied,Condo
LN003271,2023-10-01,366898.92,5.198,750-799,80-90%,30-40%,GA,Refinance-Cashout,Owner-Occupied,Single-Family
LN003272,2022-04-01,269775.63,4.815,750-799,60-70%,40-50%,FL,Refinance-Cashout,Second Home,Single-Family
LN003273,2024-04-01,382478.81,5.392,650-699,90-95%,>50%,IL,Purchase,Owner-Occupied,Single-Family
LN003274,2022-12-01,176036.23,4.659,700-749,80-90%,<30%,MI,Refinance-Cashout,Owner-Occupied,Single-Family
LN003275,2024-12-01,116244.38,5.827,700-749,90-95%,>50%,PA,Purchase,Owner-Occupied,Single-Family
LN003276,2022-05-01,510666.05,3.945,700-749,60-70%,30-40%,PA,Purchase,Owner-Occupied,Single-Family
LN003277,2023-01-01,483630.42,6.172,700-749,60-70%,30-40%,GA,Purchase,Owner-Occupied,Single-Family
LN003278,2023-11-01,105448.55,3.174,750-799,70-80%,40-50%,IL,Purchase,Owner-Occupied,Single-Family
LN003279,2024-06-01,296388.67,6.759,700-749,<60%,40-50%,IL,Purchase,Owner-Occupied,Single-Family
LN003280,2024-01-01,314991.63,8.077,650-699,<60%,40-50%,CA,Purchase,Owner-Occupied,Single-Family
LN003281,2024-03-01,372297.16,5.162,700-749,60-70%,30-40%,CA,Purchase,Investment,Single-Family
LN003282,2023-02-01,473920.89,7.354,700-749,80-90%,>50%,PA,Refinance-Rate-Term,Second Home,Single-Family
LN003283,2024-12-01,193858.97,7.743,650-699,<60%,40-50%,MI,Refinance-Cashout,Owner-Occupied,Single-Family
LN003284,2023-04-01,199231.82,4.519,650-699,<60%,30-40%,MI,Purchase,Owner-Occupied,Condo
LN003285,2023-10-01,299882.88,5.072,700-749,90-95%,>50%,IL,Purchase,Owner-Occupied,Condo
LN003286,2023-09-01,203642.2,3.779,750-799,<60%,>50%,MI,Refinance-Rate-Term,Owner-Occupied,Single-Family
LN003287,2023-09-01,50000.0,3.876,750-799,70-80%,30-40%,PA,Purchase,Owner-Occupied,Single-Family
LN003288,2022-08-01,277275.99,5.349,750-799,70-80%,40-50%,NC,Refinance-Cashout,Owner-Occupied,Condo
LN003289,2023-04-01,385754.39,2.546,700-749,>95%,40-50%,GA,Refinance-Cashout,Owner-Occupied,Single-Family
LN003290,2024-07-01,297953.26,6.252,<600,90-95%,40-50%,OH,Purchase,Owner-Occupied,Single-Family
LN003291,2022-10-01,362404.53,5.251,650-699,70-80%,<30%,OH,Purchase,Owner-Occupied,Single-Family
LN003292,2024-08-01,348100.62,6.022,750-799,90-95%,40-50%,PA,Refinance-Cashout,Owner-Occupied,Single-Family
LN003293,2024-10-01,197301.44,4.727,700-749,70-80%,>50%,PA,Refinance-Cashout,Owner-Occupied,Single-Family
LN003294,2022-09-01,306802.15,6.009,700-749,80-90%,30-40%,CA,Purchase,Owner-Occupied,Single-Family
LN003295,2023-05-01,147483.94,5.371,650-699,70-80%,40-50%,OH,Purchase,Owner-Occupied,Single-Family
LN003296,2022-11-01,248808.93,5.761,800+,70-80%,30-40%,IL,Refinance-Rate-Term,Owner-Occupied,Multi-Unit
LN003297,2024-08-01,305045.32,6.353,800+,70-80%,30-40%,OH,Purchase,Owner-Occupied,Single-Family
LN003298,2022-10-01,299884.73,3.103,600-649,70-80%,<30%,PA,Refinance-Cashout,Second Home,Single-Family
LN003299,2023-10-01,170906.51,3.945,750-799,80-90%,40-50%,GA,Refinance-Rate-Term,Owner-Occupied,Single-Family
LN003300,2023-05-01,191100.45,8.472,600-649,60-70%,30-40%,FL,Refinance-Rate-Term,Owner-Occupied,Single-Family
LN003301,2022-04-01,329095.96,5.311,700-749,70-80%,30-40%,GA,Purchase,Owner-Occupied,Single-Family
LN003302,2024-01-01,382739.34,2.5,650-699,80-90%,30-40%,OH,Refinance-Rate-Term,Investment,Single-Family
LN003303,2023-09-01,279303.25,2.5,600-649,60-70%,30-40%,CA,Purchase,Owner-Occupied,Single-Family
LN003304,2022-01-01,274297.33,4.888,<600,70-80%,30-40%,FL,Purchase,Owner-Occupied,Single-Family
LN003305,2024-01-01,393127.6,4.215,800+,80-90%,40-50%,MI,Purchase,Owner-Occupied,Condo
LN003306,2024-12-01,222793.39,3.79,750-799,90-95%,40-50%,NY,Purchase,Owner-Occupied,Single-Family
LN003307,2023-05-01,472702.96,7.69,600-649,<60%,<30%,NC,Refinance-Rate-Term,Owner-Occupied,Single-Family
LN003308,2023-12-01,165472.73,4.446,700-749,70-80%,30-40%,PA,Refinance-Cashout,Owner-Occupied,Single-Family
LN003309,2022-02-01,404849.63,6.231,650-699,<60%,40-50%,OH,Purchase,Owner-Occupied,Single-Family
LN003310,2023-03-01,353916.78,5.375,650-699,70-80%,<30%,IL,Purchase,Owner-Occupied,Single-Family
LN003311,2024-08-01,541012.05,4.558,750-799,60-70%,40-50%,FL,Purchase,Owner-Occupied,Condo
LN003312,2022-06-01,187883.07,3.287,600-649,70-80%,30-40%,IL,Purchase,Owner-Occupied,Single-Family
LN003313,2022-01-01,66597.71,6.154,700-749,80-90%,<30%,OH,Refinance-Rate-Term,Owner-Occupied,Condo
LN003314,2023-11-01,424944.64,2.5,700-749,60-70%,30-40%,NC,Purchase,Owner-Occupied,Single-Family
LN003315,2023-05-01,152866.65,6.306,650-699,80-90%,30-40%,NC,Refinance-Cashout,Owner-Occupied,Single-Family
LN003316,2024-10-01,361577.65,5.227,700-749,70-80%,<30%,GA,Refinance-Rate-Term,Owner-Occupied,Single-Family
LN003317,2024-05-01,418215.11,5.928,800+,70-80%,<30%,IL,Purchase,Owner-Occupied,Single-Family
LN003318,2022-09-01,337976.08,5.012,750-799,70-80%,<30%,OH,Purchase,Owner-Occupied,Single-Family
LN003319,2023-01-01,323218.09,3.148,600-649,70-80%,30-40%,NY,Purchase,Second Home,Single-Family
LN003320,2022-06-01,340094.0,5.602,750-799,60-70%,30-40%,MI,Purchase,Owner-Occupied,Single-Family
LN003321,2022-06-01,383742.19,6.273,800+,80-90%,40-50%,IL,Purchase,Owner-Occupied,Single-Family
LN003322,2023-08-01,358706.85,4.281,650-699,80-90%,30-40%,NY,Purchase,Owner-Occupied,Single-Family
LN003323,2022-03-01,178341.62,5.986,650-699,80-90%,40-50%,FL,Refinance-Cashout,Owner-Occupied,Single-Family
LN003324,2023-05-01,482499.97,5.445,600-649,70-80%,40-50%,CA,Purchase,Owner-Occupied,Multi-Unit
LN003325,2022-12-01,305110.8,5.676,650-699,60-70%,30-40%,IL,Refinance-Rate-Term,Owner-Occupied,Single-Family
LN003326,2022-01-01,351834.16,3.711,750-799,80-90%,40-50%,TX,Purchase,Owner-Occupied,Single-Family
LN003327,2023-05-01,371098.9,6.923,650-699,70-80%,30-40%,PA,Purchase,Owner-Occupied,Single-Family
LN003328,2022-03-01,415592.78,5.444,<600,80-90%,30-40%,IL,Purchase,Owner-Occupied,Single-Family
LN003329,2024-02-01,405210.68,6.248,650-699,80-90%,30-40%,TX,Purchase,Investment,Multi-Unit
LN003330,2023-03-01,313173.68,4.418,700-749,80-90%,40-50%,GA,Purchase,Second Home,Single-Family
LN003331,2024-12-01,306746.65,6.473,700-749,70-80%,30-40%,IL,Refinance-Rate-Term,Owner-Occupied,Single-Family
LN003332,2024-08-01,340861.1,4.367,750-799,90-95%,30-40%,TX,Purchase,Owner-Occupied,Single-Family
LN003333,2024-08-01,410006.1,3.662,600-649,80-90%,<30%,CA,Refinance-Rate-Term,Owner-Occupied,Condo
LN003334,2022-04-01,188737.83,7.658,700-749,70-80%,30-40%,TX,Refinance-Cashout,Owner-Occupied,Single-Family
LN003335,2023-06-01,364409.54,2.5,650-699,80-90%,30-40%,CA,Refinance-Cashout,Investment,Single-Family
LN003336,2023-07-01,211367.74,9.0,800+,<60%,>50%,MI,Refinance-Rate-Term,Owner-Occupied,Multi-Unit
LN003337,2024-11-01,485121.35,6.053,700-749,70-80%,30-40%,MI,Purchase,Owner-Occupied,Multi-Unit
LN003338,2023-02-01,336731.42,4.528,600-649,90-95%,<30%,FL,Refinance-Cashout,Owner-Occupied,Single-Family
LN003339,2024-09-01,258397.24,5.489,<600,60-70%,<30%,FL,Refinance-Cashout,Owner-Occupied,Single-Family
LN003340,2023-02-01,342871.66,6.053,650-699,70-80%,30-40%,MI,Refinance-Rate-Term,Owner-Occupied,Single-Family
LN003341,2024-10-01,300920.17,4.501,650-699,70-80%,<30%,CA,Purchase,Owner-Occupied,Multi-Unit
LN003342,2022-04-01,283981.3,8.053,700-749,70-80%,40-50%,OH,Purchase,Owner-Occupied,Single-Family
LN003343,2023-12-01,119077.47,7.213,750-799,70-80%,40-50%,MI,Refinance-Rate-Term,Owner-Occupied,Single-Family
LN003344,2024-05-01,197580.7,9.0,650-699,>95%,>50%,OH,Refinance-Cashout,Owner-Occupied,Single-Family
LN003345,2023-07-01,285954.69,3.168,700-749,70-80%,40-50%,NC,Refinance-Rate-Term,Owner-Occupied,Single-Family
LN003346,2022-06-01,131164.59,5.323,750-799,80-90%,40-50%,IL,Refinance-Rate-Term,Owner-Occupied,Single-Family
LN003347,2024-09-01,241282.37,2.919,700-749,80-90%,>50%,NY,Purchase,Owner-Occupied,Single-Family
LN003348,2023-07-01,250012.52,3.363,600-649,70-80%,>50%,IL,Purchase,Owner-Occupied,Single-Family
LN003349,2022-01-01,222055.74,4.511,650-699,<60%,40-50%,GA,Refinance-Rate-Term,Second Home,Multi-Unit
LN003350,2022-05-01,377235.48,4.538,750-799,70-80%,40-50%,GA,Purchase,Owner-Occupied,Single-Family
LN003351,2024-03-01,211983.07,5.555,750-799,>95%,40-50%,NY,Refinance-Rate-Term,Owner-Occupied,Single-Family
LN003352,2023-04-01,308840.88,4.834,600-649,70-80%,<30%,GA,Refinance-Rate-Term,Second Home,Single-Family
LN003353,2022-06-01,264683.6,6.2,650-699,70-80%,30-40%,NY,Purchase,Owner-Occupied,Single-Family
LN003354,2023-01-01,288120.27,5.478,750-799,>95%,40-50%,NY,Purchase,Owner-Occupied,Condo
LN003355,2024-11-01,460640.08,7.471,700-749,80-90%,30-40%,GA,Refinance-Cashout,Owner-Occupied,Single-Family
LN003356,2023-07-01,317968.64,6.243,750-799,80-90%,40-50%,TX,Purchase,Second Home,Single-Family
LN003357,2022-12-01,337303.29,3.232,650-699,>95%,40-50%,NY,Purchase,Owner-Occupied,Multi-Unit
LN003358,2023-04-01,223458.29,4.782,800+,60-70%,30-40%,CA,Refinance-Rate-Term,Owner-Occupied,Single-Family
LN003359,2022-10-01,362614.97,4.883,750-799,80-90%,<30%,CA,Refinance-Cashout,Owner-Occupied,Multi-Unit
LN003360,2024-01-01,358396.99,5.66,650-699,70-80%,30-40%,GA,Refinance-Cashout,Owner-Occupied,Single-Family
LN003361,2023-08-01,348760.87,6.613,700-749,70-80%,30-40%,NY,Purchase,Owner-Occupied,Single-Family
LN003362,2024-07-01,179082.32,5.424,600-649,70-80%,30-40%,PA,Purchase,Second Home,Single-Family
LN003363,2022-04-01,241475.28,5.867,700-749,<60%,40-50%,IL,Refinance-Cashout,Owner-Occupied,Single-Family
LN003364,2023-11-01,443358.01,3.299,750-799,70-80%,<30%,MI,Purchase,Owner-Occupied,Single-Family
LN003365,2022-02-01,231225.55,4.311,650-699,60-70%,<30%,PA,Purchase,Owner-Occupied,Single-Family
LN003366,2023-10-01,456998.8,2.5,750-799,60-70%,30-40%,NY,Purchase,Investment,Single-Family
LN003367,2022-08-01,245360.34,5.663,650-699,70-80%,40-50%,NY,Purchase,Owner-Occupied,Single-Family
LN003368,2022-07-01,314821.62,6.262,750-799,80-90%,<30%,OH,Purchase,Owner-Occupied,Single-Family
LN003369,2023-02-01,281283.08,3.022,700-749,60-70%,40-50%,CA,Purchase,Investment,Single-Family
LN003370,2022-03-01,215519.47,5.238,750-799,70-80%,30-40%,NC,Purchase,Second Home,Single-Family
LN003371,2023-04-01,216959.1,4.847,600-649,80-90%,<30%,MI,Refinance-Cashout,Owner-Occupied,Single-Family
LN003372,2023-07-01,229575.7,7.533,700-749,60-70%,30-40%,FL,Purchase,Owner-Occupied,Single-Family
LN003373,2023-06-01,314806.43,3.658,700-749,90-95%,>50%,NY,Purchase,Owner-Occupied,Single-Family
LN003374,2023-04-01,389041.75,6.377,700-749,90-95%,30-40%,NC,Purchase,Investment,Single-Family
LN003375,2022-08-01,308315.67,6.715,700-749,70-80%,40-50%,IL,Purchase,Second Home,Single-Family
LN003376,2024-09-01,296662.18,4.708,700-749,>95%,40-50%,NY,Refinance-Cashout,Owner-Occupied,Single-Family
LN003377,2022-12-01,421037.81,5.439,800+,80-90%,40-50%,PA,Refinance-Rate-Term,Owner-Occupied,Single-Family
LN003378,2022-11-01,304133.82,6.616,650-699,70-80%,<30%,CA,Refinance-Cashout,Owner-Occupied,Single-Family
LN003379,2022-05-01,245713.64,3.351,750-799,80-90%,40-50%,MI,Refinance-Cashout,Owner-Occupied,Single-Family
LN003380,2024-03-01,200225.89,4.359,700-749,80-90%,>50%,CA,Refinance-Cashout,Owner-Occupied,Single-Family
LN003381,2022-12-01,427044.73,5.279,700-749,70-80%,40-50%,IL,Purchase,Owner-Occupied,Single-Family
LN003382,2023-05-01,267060.25,8.096,700-749,80-90%,40-50%,IL,Purchase,Owner-Occupied,Single-Family
LN003383,2022-06-01,242142.62,4.4,750-799,70-80%,30-40%,NC,Purchase,Owner-Occupied,Condo
LN003384,2024-09-01,233495.68,4.597,700-749,>95%,30-40%,CA,Purchase,Owner-Occupied,Single-Family
LN003385,2022-05-01,421419.06,7.321,750-799,90-95%,40-50%,FL,Refinance-Rate-Term,Owner-Occupied,Multi-Unit
LN003386,2024-04-01,242702.6,5.994,600-649,80-90%,30-40%,FL,Purchase,Owner-Occupied,Multi-Unit
LN003387,2023-02-01,399046.28,8.274,750-799,<60%,40-50%,NY,Refinance-Rate-Term,Owner-Occupied,Multi-Unit
LN003388,2022-05-01,276959.21,6.64,650-699,70-80%,>50%,OH,Purchase,Owner-Occupied,Single-Family
LN003389,2024-09-01,179161.97,4.781,700-749,80-90%,40-50%,OH,Purchase,Owner-Occupied,Single-Family
LN003390,2023-07-01,266750.83,4.568,700-749,90-95%,>50%,MI,Purchase,Owner-Occupied,Single-Family
LN003391,2023-10-01,296720.69,3.763,700-749,90-95%,30-40%,IL,Refinance-Cashout,Owner-Occupied,Single-Family
LN003392,2022-05-01,288482.92,3.042,700-749,90-95%,40-50%,NC,Refinance-Rate-Term,Owner-Occupied,Single-Family
LN003393,2022-02-01,286001.63,5.511,650-699,70-80%,30-40%,OH,Refinance-Cashout,Owner-Occupied,Single-Family
LN003394,2024-06-01,267805.51,5.94,700-749,90-95%,<30%,TX,Refinance-Cashout,Owner-Occupied,Single-Family
LN003395,2022-04-01,221499.0,6.121,700-749,<60%,40-50%,FL,Purchase,Owner-Occupied,Multi-Unit
LN003396,2024-09-01,301073.76,4.815,650-699,70-80%,30-40%,OH,Purchase,Owner-Occupied,Single-Family
LN003397,2023-01-01,354094.84,7.895,650-699,60-70%,>50%,IL,Refinance-Rate-Term,Owner-Occupied,Single-Family
LN003398,2023-08-01,153740.42,2.962,750-799,90-95%,30-40%,OH,Refinance-Rate-Term,Owner-Occupied,Multi-Unit
LN003399,2022-07-01,429906.22,2.792,750-799,90-95%,>50%,NC,Purchase,Owner-Occupied,Single-Family
LN003400,2023-03-01,50000.0,3.771,650-699,70-80%,<30%,NC,Purchase,Owner-Occupied,Multi-Unit
LN003401,2023-11-01,307524.86,5.009,650-699,70-80%,40-50%,FL,Purchase,Owner-Occupied,Condo
LN003402,2023-02-01,346608.69,3.354,650-699,>95%,40-50%,GA,Purchase,Owner-Occupied,Single-Family
LN003403,2023-11-01,239664.72,7.02,750-799,70-80%,40-50%,PA,Refinance-Cashout,Owner-Occupied,Single-Family
LN003404,2023-07-01,87416.52,3.892,750-799,70-80%,30-40%,NY,Refinance-Rate-Term,Owner-Occupied,Single-Family
LN003405,2024-05-01,290327.59,3.624,600-649,70-80%,40-50%,NY,Purchase,Owner-Occupied,Single-Family
LN003406,2023-08-01,316969.59,6.583,750-799,80-90%,30-40%,NY,Purchase,Investment,Single-Family
LN003407,2024-05-01,185128.13,5.311,<600,>95%,40-50%,OH,Refinance-Rate-Term,Owner-Occupied,Single-Family
LN003408,2023-12-01,216986.66,6.177,650-699,70-80%,30-40%,PA,Refinance-Rate-Term,Owner-Occupied,Single-Family
LN003409,2023-06-01,396271.21,4.929,800+,60-70%,<30%,TX,Purchase,Investment,Single-Family
LN003410,2022-10-01,311768.18,5.408,750-799,60-70%,<30%,IL,Refinance-Rate-Term,Owner-Occupied,Single-Family
LN003411,2022-08-01,149132.3,2.85,750-799,<60%,30-40%,IL,Refinance-Rate-Term,Owner-Occupied,Single-Family
LN003412,2024-02-01,344982.99,4.778,700-749,70-80%,>50%,PA,Purchase,Owner-Occupied,Condo
LN003413,2024-05-01,206948.12,3.428,650-699,90-95%,30-40%,OH,Refinance-Cashout,Owner-Occupied,Single-Family
LN003414,2022-10-01,222523.76,7.932,750-799,80-90%,40-50%,GA,Purchase,Owner-Occupied,Single-Family
LN003415,2023-05-01,319765.74,6.939,750-799,>95%,30-40%,MI,Purchase,Owner-Occupied,Single-Family
LN003416,2022-02-01,310449.0,4.019,650-699,90-95%,>50%,GA,Purchase,Owner-Occupied,Single-Family
LN003417,2022-06-01,259739.35,4.689,700-749,70-80%,30-40%,IL,Purchase,Owner-Occupied,Single-Family
LN003418,2022-05-01,249579.06,4.759,750-799,70-80%,<30%,TX,Purchase,Owner-Occupied,Single-Family
LN003419,2024-04-01,274920.1,8.231,800+,70-80%,40-50%,MI,Refinance-Rate-Term,Investment,Single-Family
LN003420,2022-05-01,221940.65,5.595,750-799,60-70%,40-50%,GA,Purchase,Owner-Occupied,Single-Family
LN003421,2023-06-01,408901.23,4.358,750-799,70-80%,30-40%,PA,Refinance-Cashout,Owner-Occupied,Single-Family
LN003422,2024-02-01,143080.63,5.22,<600,70-80%,30-40%,FL,Refinance-Rate-Term,Investment,Single-Family
LN003423,2023-08-01,275912.14,2.695,700-749,70-80%,<30%,NY,Purchase,Second Home,Single-Family
LN003424,2024-03-01,154059.49,4.889,750-799,70-80%,30-40%,CA,Purchase,Owner-Occupied,Single-Family
LN003425,2022-12-01,393600.17,3.379,<600,70-80%,40-50%,FL,Purchase,Owner-Occupied,Condo
LN003426,2022-07-01,275768.97,2.5,750-799,70-80%,30-40%,NY,Purchase,Second Home,Single-Family
LN003427,2022-03-01,194333.14,7.98,800+,70-80%,30-40%,TX,Purchase,Owner-Occupied,Single-Family
LN003428,2022-10-01,368504.76,4.96,650-699,60-70%,30-40%,PA,Purchase,Owner-Occupied,Condo
LN003429,2024-10-01,70806.93,3.843,750-799,80-90%,<30%,GA,Purchase,Investment,Single-Family
LN003430,2024-01-01,328088.4,2.5,750-799,70-80%,40-50%,PA,Purchase,Owner-Occupied,Single-Family
LN003431,2024-11-01,415128.92,4.668,700-749,90-95%,40-50%,MI,Purchase,Owner-Occupied,Single-Family
LN003432,2023-04-01,317954.36,4.776,750-799,60-70%,<30%,FL,Refinance-Cashout,Owner-Occupied,Single-Family
LN003433,2022-02-01,249348.96,6.148,650-699,70-80%,30-40%,NC,Purchase,Owner-Occupied,Single-Family
LN003434,2023-12-01,175781.8,3.569,750-799,70-80%,<30%,NY,Purchase,Owner-Occupied,Condo
LN003435,2022-10-01,408251.46,4.199,650-699,60-70%,>50%,PA,Purchase,Owner-Occupied,Single-Family
LN003436,2023-10-01,392742.19,3.613,750-799,70-80%,30-40%,NY,Purchase,Owner-Occupied,Single-Family
LN003437,2024-02-01,235463.82,4.673,700-749,80-90%,30-40%,NY,Refinance-Rate-Term,Owner-Occupied,Condo
LN003438,2024-03-01,238136.25,2.5,600-649,70-80%,30-40%,TX,Purchase,Owner-Occupied,Single-Family
LN003439,2024-05-01,418676.71,3.794,700-749,60-70%,>50%,MI,Purchase,Owner-Occupied,Single-Family
LN003440,2023-08-01,353161.31,5.945,650-699,70-80%,40-50%,TX,Purchase,Owner-Occupied,Single-Family
LN003441,2024-03-01,121341.57,3.162,600-649,60-70%,<30%,TX,Purchase,Owner-Occupied,Single-Family
LN003442,2023-08-01,280429.76,6.499,600-649,80-90%,30-40%,TX,Purchase,Owner-Occupied,Single-Family
LN003443,2023-07-01,276744.36,6.31,750-799,80-90%,40-50%,GA,Purchase,Second Home,Single-Family
LN003444,2023-08-01,324763.45,6.436,750-799,60-70%,30-40%,MI,Purchase,Owner-Occupied,Single-Family
LN003445,2024-11-01,300604.6,4.993,800+,70-80%,30-40%,NY,Purchase,Owner-Occupied,Single-Family
LN003446,2022-02-01,248728.88,4.858,750-799,70-80%,>50%,NY,Refinance-Cashout,Owner-Occupied,Single-Family
LN003447,2024-06-01,317835.97,5.479,750-799,70-80%,>50%,MI,Purchase,Owner-Occupied,Multi-Unit
LN003448,2024-10-01,255222.23,6.98,600-649,70-80%,>50%,MI,Purchase,Owner-Occupied,Condo
LN003449,2023-10-01,641418.7,6.844,750-799,70-80%,<30%,FL,Refinance-Rate-Term,Second Home,Single-Family
LN003450,2022-03-01,312272.79,2.507,750-799,<60%,30-40%,IL,Refinance-Rate-Term,Owner-Occupied,Single-Family
LN003451,2022-06-01,298530.05,3.689,600-649,60-70%,30-40%,NY,Refinance-Rate-Term,Owner-Occupied,Single-Family
LN003452,2023-03-01,484280.76,3.419,750-799,70-80%,40-50%,OH,Refinance-Rate-Term,Owner-Occupied,Single-Family
LN003453,2024-03-01,163565.66,6.09,700-749,60-70%,40-50%,MI,Purchase,Owner-Occupied,Single-Family
LN003454,2022-10-01,289002.71,3.981,800+,60-70%,40-50%,OH,Purchase,Owner-Occupied,Single-Family
LN003455,2022-09-01,205039.69,4.695,750-799,70-80%,>50%,PA,Refinance-Cashout,Owner-Occupied,Condo
LN003456,2024-09-01,363501.01,7.562,800+,60-70%,40-50%,OH,Refinance-Cashout,Owner-Occupied,Single-Family
LN003457,2024-08-01,250565.05,6.681,600-649,<60%,30-40%,OH,Purchase,Owner-Occupied,Single-Family
LN003458,2022-06-01,358009.37,7.064,<600,70-80%,30-40%,GA,Purchase,Investment,Single-Family
LN003459,2024-12-01,350805.1,3.925,800+,60-70%,30-40%,CA,Refinance-Rate-Term,Owner-Occupied,Single-Family
LN003460,2022-02-01,378037.23,2.5,600-649,80-90%,30-40%,FL,Purchase,Owner-Occupied,Single-Family
LN003461,2024-05-01,352451.88,4.407,700-749,<60%,30-40%,FL,Refinance-Cashout,Owner-Occupied,Single-Family
LN003462,2022-04-01,277596.06,2.84,700-749,80-90%,40-50%,IL,Purchase,Owner-Occupied,Condo
LN003463,2022-01-01,160234.73,2.5,750-799,70-80%,<30%,MI,Refinance-Rate-Term,Owner-Occupied,Single-Family
LN003464,2023-07-01,400908.49,6.693,650-699,80-90%,40-50%,OH,Purchase,Second Home,Single-Family
LN003465,2024-02-01,440902.74,3.662,<600,<60%,40-50%,MI,Purchase,Second Home,Multi-Unit
LN003466,2024-01-01,206213.17,3.79,700-749,90-95%,<30%,PA,Purchase,Owner-Occupied,Single-Family
LN003467,2022-10-01,373587.74,4.451,700-749,80-90%,<30%,NY,Purchase,Owner-Occupied,Single-Family
LN003468,2023-03-01,182963.73,7.47,650-699,60-70%,30-40%,PA,Purchase,Owner-Occupied,Single-Family
LN003469,2023-10-01,320343.22,4.758,750-799,60-70%,30-40%,OH,Refinance-Cashout,Owner-Occupied,Single-Family
LN003470,2023-09-01,340942.05,6.427,750-799,70-80%,30-40%,NY,Purchase,Owner-Occupied,Multi-Unit
LN003471,2023-10-01,257378.02,4.527,750-799,90-95%,40-50%,GA,Purchase,Owner-Occupied,Single-Family
LN003472,2024-12-01,309507.14,2.629,650-699,70-80%,40-50%,IL,Purchase,Owner-Occupied,Multi-Unit
LN003473,2024-10-01,384820.32,3.215,750-799,70-80%,30-40%,FL,Refinance-Rate-Term,Owner-Occupied,Single-Family
LN003474,2024-06-01,289058.35,4.994,800+,60-70%,30-40%,TX,Purchase,Owner-Occupied,Single-Family
LN003475,2024-01-01,232486.25,5.161,700-749,70-80%,40-50%,CA,Refinance-Cashout,Investment,Single-Family
LN003476,2024-04-01,177622.08,5.814,650-699,70-80%,<30%,NY,Refinance-Rate-Term,Second Home,Single-Family
LN003477,2022-01-01,260923.56,5.815,800+,70-80%,30-40%,TX,Refinance-Cashout,Owner-Occupied,Condo
LN003478,2022-04-01,182527.84,6.35,700-749,<60%,40-50%,FL,Purchase,Owner-Occupied,Multi-Unit
LN003479,2022-07-01,262261.6,3.846,750-799,<60%,30-40%,CA,Refinance-Rate-Term,Owner-Occupied,Single-Family
LN003480,2022-09-01,253475.75,7.741,600-649,80-90%,40-50%,PA,Purchase,Owner-Occupied,Single-Family
LN003481,2024-12-01,380410.5,7.878,750-799,80-90%,30-40%,NY,Purchase,Owner-Occupied,Single-Family
LN003482,2023-07-01,307347.5,4.219,800+,70-80%,<30%,IL,Purchase,Owner-Occupied,Single-Family
LN003483,2022-01-01,554725.97,3.809,700-749,90-95%,30-40%,GA,Purchase,Owner-Occupied,Single-Family
LN003484,2022-10-01,98641.08,2.5,650-699,70-80%,40-50%,NY,Purchase,Owner-Occupied,Single-Family
LN003485,2024-12-01,331337.14,5.256,600-649,70-80%,40-50%,PA,Purchase,Investment,Single-Family
LN003486,2022-09-01,254844.37,5.679,650-699,80-90%,30-40%,FL,Purchase,Owner-Occupied,Single-Family
LN003487,2024-08-01,204395.94,4.131,700-749,80-90%,>50%,GA,Purchase,Owner-Occupied,Single-Family
LN003488,2024-08-01,297023.05,5.424,750-799,90-95%,30-40%,FL,Refinance-Rate-Term,Owner-Occupied,Single-Family
LN003489,2022-06-01,289538.31,2.918,650-699,<60%,<30%,OH,Refinance-Cashout,Owner-Occupied,Single-Family
LN003490,2023-05-01,407781.28,6.452,600-649,60-70%,<30%,OH,Refinance-Rate-Term,Owner-Occupied,Condo
LN003491,2022-10-01,309125.84,4.204,700-749,70-80%,30-40%,FL,Purchase,Second Home,Single-Family
LN003492,2024-03-01,230719.84,5.433,700-749,70-80%,30-40%,FL,Purchase,Owner-Occupied,Single-Family
LN003493,2024-11-01,333421.06,5.315,700-749,<60%,<30%,MI,Purchase,Second Home,Single-Family
LN003494,2023-09-01,277034.84,2.5,750-799,70-80%,>50%,MI,Purchase,Owner-Occupied,Single-Family
LN003495,2024-01-01,187452.15,6.251,750-799,70-80%,40-50%,GA,Refinance-Cashout,Owner-Occupied,Single-Family
LN003496,2024-04-01,275145.46,3.823,650-699,70-80%,40-50%,FL,Purchase,Second Home,Multi-Unit
LN003497,2023-03-01,323094.21,5.304,700-749,70-80%,30-40%,TX,Refinance-Cashout,Second Home,Single-Family
LN003498,2022-04-01,307228.24,2.885,700-749,<60%,40-50%,IL,Refinance-Rate-Term,Investment,Single-Family
LN003499,2024-05-01,333031.31,4.281,<600,60-70%,30-40%,OH,Refinance-Rate-Term,Owner-Occupied,Single-Family
LN003500,2022-09-01,247351.48,5.545,700-749,70-80%,40-50%,GA,Refinance-Cashout,Owner-Occupied,Single-Family
LN003501,2024-03-01,331761.2,3.381,750-799,70-80%,>50%,CA,Purchase,Owner-Occupied,Condo
LN003502,2024-02-01,312011.58,3.463,<600,90-95%,40-50%,TX,Purchase,Owner-Occupied,Multi-Unit
LN003503,2023-07-01,312822.94,5.188,<600,60-70%,30-40%,OH,Refinance-Cashout,Owner-Occupied,Single-Family
LN003504,2024-04-01,303235.66,4.749,750-799,90-95%,30-40%,NC,Purchase,Owner-Occupied,Single-Family
LN003505,2023-05-01,517609.32,5.524,750-799,70-80%,>50%,FL,Purchase,Second Home,Condo
LN003506,2023-08-01,411012.62,4.448,700-749,70-80%,<30%,GA,Purchase,Owner-Occupied,Single-Family
LN003507,2023-11-01,329539.18,5.962,750-799,70-80%,40-50%,MI,Refinance-Rate-Term,Owner-Occupied,Single-Family
LN003508,2024-08-01,219979.27,4.15,800+,70-80%,30-40%,FL,Purchase,Owner-Occupied,Single-Family
LN003509,2024-09-01,270766.75,5.896,650-699,70-80%,30-40%,NY,Refinance-Cashout,Owner-Occupied,Multi-Unit
LN003510,2022-05-01,461578.82,3.64,650-699,70-80%,40-50%,TX,Purchase,Investment,Single-Family
LN003511,2024-10-01,243706.25,4.084,650-699,70-80%,<30%,NC,Refinance-Rate-Term,Owner-Occupied,Single-Family
LN003512,2022-11-01,283427.04,6.096,750-799,70-80%,30-40%,IL,Refinance-Rate-Term,Investment,Single-Family
LN003513,2022-03-01,277859.67,4.228,700-749,80-90%,<30%,IL,Purchase,Investment,Condo
LN003514,2024-09-01,336788.73,3.243,800+,70-80%,40-50%,NY,Purchase,Investment,Single-Family
LN003515,2022-11-01,256335.35,7.595,750-799,60-70%,<30%,IL,Refinance-Cashout,Owner-Occupied,Condo
LN003516,2023-04-01,317685.8,4.947,700-749,80-90%,<30%,CA,Refinance-Rate-Term,Owner-Occupied,Single-Family
LN003517,2023-06-01,258568.31,5.707,600-649,80-90%,40-50%,MI,Refinance-Rate-Term,Owner-Occupied,Single-Family
LN003518,2024-06-01,431451.07,2.5,700-749,>95%,30-40%,MI,Purchase,Owner-Occupied,Single-Family
LN003519,2022-10-01,231372.24,6.998,650-699,60-70%,30-40%,PA,Purchase,Owner-Occupied,Single-Family
LN003520,2023-06-01,397764.48,8.969,800+,80-90%,30-40%,NY,Purchase,Second Home,Single-Family
LN003521,2023-07-01,241486.41,6.863,700-749,90-95%,30-40%,NY,Purchase,Owner-Occupied,Single-Family
LN003522,2024-12-01,214625.37,7.077,650-699,70-80%,30-40%,IL,Refinance-Rate-Term,Owner-Occupied,Single-Family
LN003523,2023-01-01,229920.73,4.387,700-749,70-80%,>50%,CA,Purchase,Owner-Occupied,Multi-Unit
LN003524,2022-03-01,128856.43,5.378,600-649,>95%,40-50%,NY,Refinance-Rate-Term,Owner-Occupied,Condo
LN003525,2022-10-01,343859.84,5.732,700-749,>95%,<30%,MI,Purchase,Owner-Occupied,Single-Family
LN003526,2022-01-01,183602.39,3.954,600-649,70-80%,30-40%,FL,Purchase,Owner-Occupied,Multi-Unit
LN003527,2024-03-01,264208.05,4.814,700-749,70-80%,<30%,IL,Refinance-Cashout,Owner-Occupied,Condo
LN003528,2022-08-01,376162.16,3.499,700-749,80-90%,30-40%,MI,Refinance-Cashout,Owner-Occupied,Single-Family
LN003529,2023-05-01,372935.27,4.407,700-749,<60%,>50%,IL,Refinance-Cashout,Owner-Occupied,Single-Family
LN003530,2022-09-01,156834.11,6.261,750-799,70-80%,30-40%,GA,Refinance-Cashout,Owner-Occupied,Single-Family
LN003531,2022-06-01,331054.36,2.5,<600,>95%,40-50%,CA,Refinance-Rate-Term,Owner-Occupied,Single-Family
LN003532,2024-01-01,414049.4,6.43,700-749,80-90%,<30%,FL,Refinance-Cashout,Owner-Occupied,Condo
LN003533,2024-04-01,236315.71,2.634,700-749,90-95%,30-40%,IL,Refinance-Rate-Term,Investment,Single-Family
LN003534,2024-09-01,351357.33,5.079,700-749,70-80%,30-40%,FL,Refinance-Cashout,Owner-Occupied,Single-Family
LN003535,2022-09-01,185672.04,5.215,800+,70-80%,30-40%,PA,Purchase,Owner-Occupied,Single-Family
LN003536,2023-06-01,338565.7,5.859,600-649,>95%,40-50%,MI,Refinance-Cashout,Second Home,Multi-Unit
LN003537,2023-09-01,313127.14,4.729,750-799,70-80%,30-40%,FL,Purchase,Owner-Occupied,Single-Family
LN003538,2022-02-01,366114.7,3.433,700-749,80-90%,30-40%,PA,Purchase,Owner-Occupied,Single-Family
LN003539,2024-12-01,359914.61,5.277,700-749,70-80%,40-50%,GA,Purchase,Owner-Occupied,Single-Family
LN003540,2023-03-01,164651.64,8.259,750-799,60-70%,40-50%,NY,Refinance-Cashout,Owner-Occupied,Condo
LN003541,2024-04-01,313655.32,4.978,650-699,<60%,40-50%,GA,Purchase,Owner-Occupied,Multi-Unit
LN003542,2023-06-01,445291.36,3.678,750-799,70-80%,30-40%,OH,Refinance-Cashout,Owner-Occupied,Single-Family
LN003543,2024-10-01,81469.12,4.299,600-649,70-80%,40-50%,NY,Purchase,Owner-Occupied,Single-Family
LN003544,2023-10-01,396692.61,5.225,700-749,60-70%,30-40%,FL,Purchase,Owner-Occupied,Single-Family
LN003545,2022-11-01,460170.51,4.597,750-799,70-80%,40-50%,IL,Purchase,Owner-Occupied,Condo
LN003546,2023-01-01,151536.45,4.389,650-699,70-80%,40-50%,IL,Purchase,Owner-Occupied,Single-Family
LN003547,2022-04-01,232930.09,6.991,750-799,80-90%,<30%,OH,Refinance-Rate-Term,Owner-Occupied,Condo
LN003548,2023-10-01,351774.33,5.776,650-699,<60%,30-40%,CA,Refinance-Rate-Term,Owner-Occupied,Single-Family
LN003549,2022-07-01,211387.49,4.822,750-799,80-90%,>50%,NC,Purchase,Owner-Occupied,Condo
LN003550,2023-12-01,436457.92,4.834,700-749,<60%,30-40%,TX,Purchase,Owner-Occupied,Single-Family
LN003551,2022-04-01,405889.63,5.26,750-799,<60%,40-50%,NC,Purchase,Owner-Occupied,Single-Family
LN003552,2024-04-01,161503.68,5.84,800+,60-70%,<30%,NC,Refinance-Cashout,Owner-Occupied,Single-Family
LN003553,2023-03-01,225694.19,6.923,700-749,80-90%,40-50%,FL,Purchase,Owner-Occupied,Single-Family
LN003554,2022-01-01,376983.68,4.382,650-699,<60%,40-50%,OH,Purchase,Owner-Occupied,Single-Family
LN003555,2022-03-01,373065.94,3.508,750-799,<60%,30-40%,FL,Purchase,Second Home,Single-Family
LN003556,2023-02-01,521844.0,4.166,650-699,60-70%,30-40%,GA,Refinance-Cashout,Owner-Occupied,Single-Family
LN003557,2022-01-01,212011.78,3.687,700-749,90-95%,<30%,GA,Purchase,Owner-Occupied,Single-Family
LN003558,2023-09-01,445921.78,2.711,800+,90-95%,<30%,FL,Purchase,Owner-Occupied,Single-Family
LN003559,2024-05-01,208608.61,7.116,750-799,<60%,30-40%,IL,Refinance-Rate-Term,Owner-Occupied,Single-Family
LN003560,2022-05-01,350032.09,6.282,650-699,70-80%,40-50%,OH,Refinance-Cashout,Owner-Occupied,Condo
LN003561,2022-10-01,389234.24,2.5,650-699,90-95%,>50%,CA,Refinance-Rate-Term,Second Home,Single-Family
LN003562,2024-04-01,50000.0,5.327,650-699,<60%,40-50%,FL,Purchase,Owner-Occupied,Single-Family
LN003563,2023-09-01,391120.63,4.435,700-749,<60%,40-50%,CA,Purchase,Investment,Condo
LN003564,2022-07-01,438456.97,4.256,650-699,<60%,40-50%,TX,Refinance-Cashout,Owner-Occupied,Single-Family
LN003565,2022-03-01,409588.18,2.5,750-799,>95%,40-50%,OH,Purchase,Owner-Occupied,Single-Family
LN003566,2023-08-01,505333.88,4.962,700-749,80-90%,40-50%,OH,Purchase,Second Home,Single-Family
LN003567,2023-07-01,396517.73,5.115,800+,60-70%,30-40%,FL,Purchase,Owner-Occupied,Single-Family
LN003568,2024-11-01,246279.49,3.235,750-799,<60%,30-40%,PA,Refinance-Cashout,Owner-Occupied,Single-Family
LN003569,2022-04-01,423901.11,7.434,800+,>95%,<30%,PA,Refinance-Rate-Term,Owner-Occupied,Condo
LN003570,2022-05-01,240603.37,6.187,650-699,70-80%,40-50%,TX,Refinance-Rate-Term,Investment,Single-Family
LN003571,2022-01-01,308241.79,3.4,700-749,70-80%,<30%,NC,Purchase,Owner-Occupied,Multi-Unit
LN003572,2022-04-01,383178.33,6.535,650-699,70-80%,30-40%,GA,Purchase,Owner-Occupied,Condo
LN003573,2022-12-01,344808.08,4.302,650-699,80-90%,30-40%,TX,Purchase,Owner-Occupied,Single-Family
LN003574,2024-03-01,435113.2,6.583,700-749,60-70%,>50%,NY,Purchase,Owner-Occupied,Single-Family
LN003575,2023-11-01,548867.47,2.836,750-799,80-90%,40-50%,NC,Refinance-Cashout,Owner-Occupied,Single-Family
LN003576,2024-01-01,186263.61,5.255,600-649,60-70%,30-40%,NY,Purchase,Owner-Occupied,Single-Family
LN003577,2023-09-01,267166.39,3.176,650-699,<60%,40-50%,OH,Purchase,Owner-Occupied,Single-Family
LN003578,2023-12-01,331637.84,3.744,650-699,70-80%,>50%,IL,Refinance-Cashout,Second Home,Multi-Unit
LN003579,2024-01-01,253680.91,2.5,750-799,80-90%,30-40%,MI,Purchase,Owner-Occupied,Single-Family
LN003580,2024-08-01,292429.37,3.148,800+,70-80%,30-40%,PA,Refinance-Rate-Term,Investment,Single-Family
LN003581,2024-08-01,377581.96,3.14,600-649,<60%,30-40%,CA,Refinance-Rate-Term,Owner-Occupied,Single-Family
LN003582,2022-05-01,364290.83,2.952,700-749,70-80%,30-40%,NY,Refinance-Cashout,Owner-Occupied,Condo
LN003583,2024-12-01,324733.27,5.283,800+,80-90%,>50%,IL,Refinance-Cashout,Second Home,Single-Family
LN003584,2023-04-01,314773.05,2.5,650-699,80-90%,40-50%,PA,Refinance-Rate-Term,Owner-Occupied,Single-Family
LN003585,2024-09-01,277612.99,5.448,750-799,70-80%,40-50%,PA,Purchase,Owner-Occupied,Multi-Unit
LN003586,2023-09-01,440452.28,6.509,600-649,<60%,30-40%,IL,Purchase,Owner-Occupied,Single-Family
LN003587,2022-09-01,466338.88,3.666,700-749,70-80%,>50%,FL,Refinance-Cashout,Owner-Occupied,Single-Family
LN003588,2022-06-01,401881.4,4.873,700-749,70-80%,30-40%,TX,Purchase,Investment,Single-Family
LN003589,2024-11-01,185062.34,4.497,750-799,90-95%,30-40%,OH,Refinance-Rate-Term,Owner-Occupied,Single-Family
LN003590,2023-10-01,273778.96,4.383,650-699,70-80%,30-40%,CA,Purchase,Second Home,Single-Family
LN003591,2022-05-01,319966.6,2.5,650-699,70-80%,40-50%,IL,Purchase,Second Home,Single-Family
LN003592,2023-11-01,205930.55,3.31,650-699,70-80%,40-50%,NY,Purchase,Owner-Occupied,Single-Family
LN003593,2023-05-01,307908.37,7.192,700-749,70-80%,30-40%,OH,Purchase,Owner-Occupied,Condo
LN003594,2022-12-01,302222.18,5.486,750-799,70-80%,40-50%,TX,Refinance-Cashout,Owner-Occupied,Single-Family
LN003595,2023-11-01,408413.82,4.638,750-799,70-80%,30-40%,GA,Refinance-Cashout,Owner-Occupied,Condo
LN003596,2023-04-01,250170.96,2.5,600-649,90-95%,<30%,NC,Purchase,Second Home,Single-Family
LN003597,2022-03-01,416330.29,5.89,750-799,70-80%,30-40%,MI,Refinance-Rate-Term,Owner-Occupied,Single-Family
LN003598,2024-06-01,204263.2,3.633,600-649,70-80%,30-40%,CA,Purchase,Owner-Occupied,Single-Family
LN003599,2023-10-01,218216.08,3.144,700-749,60-70%,40-50%,IL,Refinance-Cashout,Owner-Occupied,Single-Family
LN003600,2022-09-01,262063.77,3.294,750-799,80-90%,40-50%,NY,Refinance-Cashout,Owner-Occupied,Single-Family
LN003601,2024-05-01,304787.19,5.766,600-649,<60%,<30%,IL,Purchase,Owner-Occupied,Single-Family
LN003602,2023-11-01,58348.76,4.894,<600,70-80%,<30%,NC,Purchase,Owner-Occupied,Multi-Unit
LN003603,2023-01-01,345929.76,6.297,650-699,70-80%,40-50%,FL,Refinance-Rate-Term,Owner-Occupied,Condo
LN003604,2024-08-01,470934.25,6.689,750-799,70-80%,<30%,CA,Refinance-Cashout,Investment,Single-Family
LN003605,2023-11-01,365126.96,3.891,700-749,80-90%,30-40%,FL,Refinance-Rate-Term,Owner-Occupied,Multi-Unit
LN003606,2023-05-01,278933.01,4.936,700-749,80-90%,<30%,NY,Refinance-Cashout,Owner-Occupied,Single-Family
LN003607,2023-09-01,191540.89,4.545,750-799,>95%,30-40%,TX,Refinance-Cashout,Owner-Occupied,Single-Family
LN003608,2022-02-01,118697.78,2.957,750-799,70-80%,30-40%,CA,Purchase,Owner-Occupied,Condo
LN003609,2022-06-01,135697.64,3.173,750-799,70-80%,30-40%,CA,Refinance-Cashout,Owner-Occupied,Single-Family
LN003610,2023-06-01,286916.01,4.754,700-749,60-70%,30-40%,GA,Purchase,Investment,Single-Family
LN003611,2024-06-01,510691.0,4.914,<600,70-80%,30-40%,NY,Purchase,Owner-Occupied,Single-Family
LN003612,2023-10-01,50000.0,4.918,650-699,<60%,<30%,TX,Refinance-Rate-Term,Owner-Occupied,Single-Family
LN003613,2024-09-01,370021.79,4.92,750-799,80-90%,40-50%,MI,Purchase,Owner-Occupied,Single-Family
LN003614,2024-06-01,232228.46,3.776,750-799,70-80%,40-50%,FL,Purchase,Owner-Occupied,Single-Family
LN003615,2023-05-01,266450.5,8.182,800+,70-80%,30-40%,GA,Refinance-Rate-Term,Owner-Occupied,Multi-Unit
LN003616,2024-08-01,206230.11,5.348,650-699,70-80%,<30%,PA,Purchase,Owner-Occupied,Single-Family
LN003617,2023-02-01,163256.12,4.137,600-649,70-80%,<30%,GA,Refinance-Cashout,Owner-Occupied,Single-Family
LN003618,2022-10-01,312563.72,5.603,600-649,70-80%,30-40%,MI,Refinance-Cashout,Second Home,Condo
LN003619,2024-12-01,326280.35,3.723,650-699,70-80%,40-50%,IL,Purchase,Owner-Occupied,Single-Family
LN003620,2024-10-01,366834.01,5.04,700-749,90-95%,30-40%,FL,Purchase,Owner-Occupied,Single-Family
LN003621,2022-09-01,131475.63,5.601,800+,80-90%,30-40%,PA,Refinance-Rate-Term,Owner-Occupied,Multi-Unit
LN003622,2024-04-01,387397.23,5.826,700-749,70-80%,<30%,MI,Purchase,Owner-Occupied,Multi-Unit
LN003623,2022-11-01,389180.76,3.114,700-749,70-80%,30-40%,GA,Purchase,Owner-Occupied,Single-Family
LN003624,2023-02-01,342449.37,9.0,750-799,70-80%,<30%,IL,Refinance-Rate-Term,Owner-Occupied,Condo
LN003625,2023-07-01,257903.84,6.773,600-649,80-90%,>50%,IL,Refinance-Rate-Term,Owner-Occupied,Condo
LN003626,2023-03-01,330843.09,8.049,750-799,80-90%,40-50%,FL,Purchase,Investment,Single-Family
LN003627,2024-04-01,283955.09,4.616,700-749,70-80%,30-40%,FL,Refinance-Cashout,Owner-Occupied,Single-Family
LN003628,2023-12-01,396851.63,5.37,650-699,80-90%,40-50%,GA,Refinance-Rate-Term,Owner-Occupied,Single-Family
LN003629,2022-08-01,263345.57,5.055,700-749,60-70%,<30%,CA,Purchase,Owner-Occupied,Single-Family
LN003630,2022-09-01,310802.44,4.179,700-749,80-90%,<30%,NY,Refinance-Rate-Term,Owner-Occupied,Single-Family
LN003631,2024-09-01,126167.8,6.136,600-649,60-70%,>50%,NC,Purchase,Owner-Occupied,Condo
LN003632,2024-09-01,330529.98,3.675,650-699,70-80%,30-40%,PA,Purchase,Owner-Occupied,Single-Family
LN003633,2023-07-01,225044.55,6.047,700-749,90-95%,>50%,PA,Refinance-Cashout,Owner-Occupied,Single-Family
LN003634,2022-03-01,351246.62,4.253,650-699,70-80%,40-50%,MI,Refinance-Cashout,Investment,Single-Family
LN003635,2022-10-01,378842.49,5.599,650-699,>95%,>50%,OH,Purchase,Owner-Occupied,Single-Family
LN003636,2022-01-01,239002.71,7.192,700-749,60-70%,40-50%,OH,Refinance-Cashout,Owner-Occupied,Single-Family
LN003637,2024-05-01,303118.83,4.8,700-749,70-80%,<30%,PA,Purchase,Owner-Occupied,Single-Family
LN003638,2024-10-01,317449.49,6.17,750-799,80-90%,40-50%,NC,Purchase,Owner-Occupied,Single-Family
LN003639,2023-01-01,336806.37,4.237,800+,<60%,<30%,GA,Purchase,Owner-Occupied,Single-Family
LN003640,2022-01-01,378985.78,3.228,750-799,60-70%,40-50%,GA,Purchase,Investment,Single-Family
LN003641,2024-10-01,365901.12,7.493,700-749,<60%,30-40%,TX,Purchase,Owner-Occupied,Single-Family
LN003642,2024-05-01,262010.97,6.122,750-799,>95%,40-50%,OH,Refinance-Cashout,Second Home,Single-Family
LN003643,2023-01-01,459832.19,4.798,700-749,80-90%,40-50%,CA,Purchase,Owner-Occupied,Multi-Unit
LN003644,2024-05-01,375198.75,6.045,650-699,70-80%,40-50%,MI,Purchase,Owner-Occupied,Single-Family
LN003645,2023-12-01,440514.44,3.475,650-699,60-70%,40-50%,GA,Refinance-Rate-Term,Owner-Occupied,Single-Family
LN003646,2024-02-01,334670.67,5.663,750-799,<60%,40-50%,FL,Purchase,Second Home,Single-Family
LN003647,2023-05-01,340580.55,5.326,750-799,70-80%,30-40%,NC,Refinance-Rate-Term,Owner-Occupied,Single-Family
LN003648,2022-07-01,288280.89,5.976,800+,>95%,40-50%,IL,Purchase,Second Home,Single-Family
LN003649,2023-01-01,255622.55,7.463,700-749,80-90%,40-50%,OH,Purchase,Investment,Single-Family
LN003650,2022-05-01,397533.82,7.172,750-799,70-80%,40-50%,OH,Refinance-Rate-Term,Owner-Occupied,Single-Family
LN003651,2024-02-01,326459.06,2.917,600-649,70-80%,>50%,NC,Purchase,Owner-Occupied,Single-Family
LN003652,2022-03-01,286843.62,2.5,700-749,>95%,<30%,TX,Purchase,Owner-Occupied,Single-Family
LN003653,2022-07-01,197737.5,5.369,800+,70-80%,30-40%,NY,Purchase,Investment,Single-Family
LN003654,2022-01-01,455511.55,5.254,650-699,>95%,40-50%,GA,Purchase,Owner-Occupied,Single-Family
LN003655,2023-05-01,311262.54,3.296,650-699,<60%,<30%,IL,Refinance-Rate-Term,Owner-Occupied,Single-Family
LN003656,2024-01-01,177327.74,3.559,700-749,80-90%,30-40%,IL,Purchase,Owner-Occupied,Single-Family
LN003657,2022-03-01,308142.25,3.844,750-799,70-80%,40-50%,FL,Purchase,Owner-Occupied,Multi-Unit
LN003658,2023-03-01,279907.96,7.003,600-649,80-90%,<30%,IL,Purchase,Owner-Occupied,Single-Family
LN003659,2024-05-01,275805.36,4.291,700-749,70-80%,>50%,OH,Purchase,Owner-Occupied,Single-Family
LN003660,2024-08-01,357625.98,2.744,600-649,<60%,>50%,NY,Refinance-Cashout,Second Home,Single-Family
LN003661,2024-02-01,280046.05,4.903,700-749,60-70%,30-40%,GA,Refinance-Cashout,Owner-Occupied,Single-Family
LN003662,2023-04-01,269450.09,4.996,800+,90-95%,40-50%,PA,Purchase,Second Home,Condo
LN003663,2024-01-01,436240.47,3.452,650-699,60-70%,<30%,PA,Purchase,Owner-Occupied,Condo
LN003664,2024-04-01,126043.3,5.886,<600,>95%,40-50%,PA,Purchase,Owner-Occupied,Condo
LN003665,2022-09-01,294861.77,6.706,700-749,80-90%,30-40%,NY,Purchase,Second Home,Single-Family
LN003666,2022-01-01,392885.19,4.467,700-749,70-80%,40-50%,FL,Purchase,Owner-Occupied,Condo
LN003667,2024-05-01,362693.24,2.744,650-699,90-95%,30-40%,MI,Purchase,Owner-Occupied,Single-Family
LN003668,2023-10-01,402004.86,4.589,700-749,80-90%,40-50%,PA,Refinance-Rate-Term,Owner-Occupied,Single-Family
LN003669,2023-04-01,502157.19,5.453,800+,70-80%,40-50%,PA,Purchase,Owner-Occupied,Single-Family
LN003670,2022-07-01,469895.17,2.5,650-699,<60%,30-40%,TX,Refinance-Cashout,Owner-Occupied,Multi-Unit
LN003671,2023-02-01,184446.53,5.722,650-699,90-95%,40-50%,MI,Purchase,Owner-Occupied,Single-Family
LN003672,2024-05-01,138929.66,4.438,700-749,80-90%,>50%,NC,Refinance-Rate-Term,Owner-Occupied,Condo
LN003673,2023-07-01,332685.24,5.066,700-749,80-90%,40-50%,NY,Refinance-Cashout,Owner-Occupied,Single-Family
LN003674,2023-07-01,164588.23,4.566,<600,80-90%,40-50%,NY,Purchase,Investment,Condo
LN003675,2022-02-01,107353.07,3.87,700-749,70-80%,30-40%,MI,Refinance-Cashout,Owner-Occupied,Single-Family
LN003676,2023-03-01,331624.29,4.834,800+,90-95%,30-40%,GA,Purchase,Owner-Occupied,Single-Family
LN003677,2022-03-01,356704.53,4.237,650-699,<60%,<30%,FL,Refinance-Cashout,Owner-Occupied,Multi-Unit
LN003678,2022-11-01,471114.06,4.464,700-749,60-70%,30-40%,MI,Refinance-Cashout,Second Home,Single-Family
LN003679,2024-06-01,376843.11,3.679,<600,<60%,30-40%,OH,Purchase,Investment,Single-Family
LN003680,2023-06-01,491956.01,5.805,700-749,60-70%,40-50%,OH,Refinance-Cashout,Owner-Occupied,Condo
LN003681,2022-02-01,335555.42,6.855,700-749,70-80%,<30%,TX,Purchase,Owner-Occupied,Condo
LN003682,2024-08-01,186372.98,3.69,700-749,<60%,30-40%,FL,Purchase,Owner-Occupied,Single-Family
LN003683,2022-08-01,382218.71,4.825,700-749,60-70%,40-50%,NY,Purchase,Second Home,Single-Family
LN003684,2023-10-01,433431.31,3.357,650-699,60-70%,<30%,TX,Purchase,Owner-Occupied,Single-Family
LN003685,2022-06-01,339108.44,5.582,750-799,80-90%,30-40%,NC,Refinance-Rate-Term,Second Home,Single-Family
LN003686,2022-12-01,445055.05,5.336,700-749,70-80%,30-40%,MI,Purchase,Owner-Occupied,Single-Family
LN003687,2024-12-01,287674.93,4.132,650-699,70-80%,30-40%,PA,Refinance-Rate-Term,Owner-Occupied,Single-Family
LN003688,2023-03-01,354589.91,4.876,800+,80-90%,>50%,CA,Purchase,Owner-Occupied,Single-Family
LN003689,2024-04-01,282566.79,6.298,<600,70-80%,40-50%,CA,Refinance-Cashout,Second Home,Single-Family
LN003690,2023-06-01,537904.36,2.589,750-799,70-80%,30-40%,GA,Purchase,Owner-Occupied,Single-Family
LN003691,2022-02-01,384126.07,3.062,700-749,>95%,30-40%,PA,Purchase,Owner-Occupied,Single-Family
LN003692,2023-01-01,188329.49,5.873,700-749,<60%,>50%,MI,Refinance-Rate-Term,Investment,Single-Family
LN003693,2023-03-01,485259.75,5.082,650-699,70-80%,40-50%,OH,Refinance-Cashout,Owner-Occupied,Single-Family
LN003694,2023-08-01,226682.02,4.895,650-699,70-80%,<30%,PA,Refinance-Rate-Term,Owner-Occupied,Single-Family
LN003695,2024-05-01,301369.6,6.414,<600,80-90%,40-50%,TX,Purchase,Owner-Occupied,Condo
LN003696,2024-05-01,346830.08,6.057,750-799,80-90%,30-40%,FL,Purchase,Owner-Occupied,Condo
LN003697,2022-03-01,354999.2,7.573,750-799,<60%,30-40%,GA,Purchase,Owner-Occupied,Single-Family
LN003698,2023-07-01,348372.22,6.342,750-799,80-90%,<30%,NY,Purchase,Owner-Occupied,Single-Family
LN003699,2022-03-01,186695.45,5.789,750-799,80-90%,>50%,GA,Purchase,Owner-Occupied,Single-Family
LN003700,2023-02-01,348703.46,4.919,800+,60-70%,40-50%,FL,Purchase,Owner-Occupied,Multi-Unit
LN003701,2022-04-01,410064.59,4.784,700-749,60-70%,30-40%,TX,Purchase,Owner-Occupied,Single-Family
LN003702,2022-11-01,407186.4,4.995,750-799,80-90%,40-50%,OH,Refinance-Rate-Term,Investment,Single-Family
LN003703,2024-07-01,169818.74,5.334,<600,60-70%,30-40%,CA,Refinance-Rate-Term,Owner-Occupied,Single-Family
LN003704,2024-08-01,234434.71,3.19,750-799,<60%,<30%,FL,Purchase,Second Home,Single-Family
LN003705,2024-03-01,195547.84,5.395,750-799,60-70%,30-40%,TX,Purchase,Investment,Multi-Unit
LN003706,2024-06-01,333981.3,4.635,<600,<60%,40-50%,IL,Purchase,Second Home,Condo
LN003707,2022-02-01,144835.22,5.536,700-749,60-70%,<30%,TX,Purchase,Investment,Single-Family
LN003708,2022-09-01,187725.72,4.133,800+,70-80%,30-40%,MI,Refinance-Rate-Term,Owner-Occupied,Single-Family
LN003709,2024-04-01,233486.5,4.011,650-699,70-80%,30-40%,IL,Refinance-Rate-Term,Owner-Occupied,Single-Family
LN003710,2024-07-01,120320.99,5.346,700-749,90-95%,40-50%,FL,Refinance-Rate-Term,Owner-Occupied,Single-Family
LN003711,2024-10-01,297220.09,5.716,650-699,60-70%,30-40%,NC,Purchase,Investment,Single-Family
LN003712,2023-03-01,89350.48,4.094,700-749,70-80%,<30%,MI,Refinance-Cashout,Owner-Occupied,Single-Family
LN003713,2024-01-01,348534.48,6.979,<600,>95%,30-40%,NC,Purchase,Owner-Occupied,Single-Family
LN003714,2024-12-01,260297.84,6.969,650-699,90-95%,30-40%,GA,Refinance-Cashout,Owner-Occupied,Single-Family
LN003715,2022-08-01,237601.68,2.627,650-699,70-80%,40-50%,IL,Purchase,Investment,Condo
LN003716,2022-09-01,253925.14,3.834,750-799,70-80%,>50%,MI,Purchase,Owner-Occupied,Single-Family
LN003717,2024-08-01,293961.39,5.174,700-749,70-80%,30-40%,OH,Purchase,Owner-Occupied,Single-Family
LN003718,2023-05-01,359286.62,5.556,700-749,90-95%,40-50%,TX,Purchase,Owner-Occupied,Single-Family
LN003719,2024-11-01,431709.73,8.199,700-749,<60%,<30%,FL,Purchase,Owner-Occupied,Single-Family
LN003720,2023-07-01,401390.58,5.211,600-649,70-80%,<30%,TX,Refinance-Cashout,Owner-Occupied,Single-Family
LN003721,2024-05-01,523168.83,4.825,800+,80-90%,30-40%,MI,Purchase,Owner-Occupied,Single-Family
LN003722,2022-07-01,367529.72,3.293,750-799,70-80%,40-50%,CA,Refinance-Rate-Term,Owner-Occupied,Single-Family
LN003723,2024-04-01,314031.51,2.622,700-749,80-90%,40-50%,FL,Refinance-Cashout,Owner-Occupied,Single-Family
LN003724,2022-09-01,254296.82,4.799,700-749,80-90%,40-50%,NY,Refinance-Rate-Term,Owner-Occupied,Single-Family
LN003725,2024-04-01,257620.1,8.086,700-749,60-70%,<30%,NC,Purchase,Second Home,Single-Family
LN003726,2022-06-01,353903.8,4.682,650-699,70-80%,40-50%,TX,Refinance-Cashout,Owner-Occupied,Single-Family
LN003727,2024-05-01,200055.59,3.841,600-649,70-80%,40-50%,NC,Purchase,Owner-Occupied,Single-Family
LN003728,2023-05-01,322897.61,5.678,700-749,80-90%,30-40%,CA,Purchase,Second Home,Single-Family
LN003729,2023-04-01,298113.51,2.5,800+,80-90%,>50%,NC,Refinance-Rate-Term,Owner-Occupied,Condo
LN003730,2023-11-01,227190.29,5.119,650-699,80-90%,<30%,PA,Purchase,Owner-Occupied,Single-Family
LN003731,2024-07-01,194880.97,6.237,700-749,<60%,40-50%,GA,Refinance-Rate-Term,Owner-Occupied,Single-Family
LN003732,2022-03-01,552471.75,3.579,<600,80-90%,30-40%,FL,Purchase,Owner-Occupied,Condo
LN003733,2023-09-01,160342.88,7.053,600-649,70-80%,40-50%,GA,Purchase,Owner-Occupied,Single-Family
LN003734,2024-02-01,293224.14,5.99,700-749,70-80%,40-50%,NC,Purchase,Investment,Single-Family
LN003735,2024-12-01,422258.38,7.067,650-699,70-80%,30-40%,OH,Refinance-Cashout,Owner-Occupied,Single-Family
LN003736,2023-10-01,352905.69,2.936,800+,80-90%,>50%,NY,Refinance-Cashout,Owner-Occupied,Single-Family
LN003737,2022-12-01,252646.44,4.729,700-749,80-90%,<30%,PA,Purchase,Owner-Occupied,Single-Family
LN003738,2023-01-01,180785.29,6.383,650-699,70-80%,<30%,PA,Purchase,Owner-Occupied,Single-Family
LN003739,2022-11-01,312978.64,2.753,700-749,90-95%,40-50%,TX,Purchase,Owner-Occupied,Multi-Unit
LN003740,2023-04-01,50000.0,6.421,750-799,60-70%,<30%,TX,Purchase,Owner-Occupied,Single-Family
LN003741,2022-08-01,316986.71,4.73,<600,70-80%,30-40%,IL,Refinance-Cashout,Owner-Occupied,Single-Family
LN003742,2022-02-01,303482.66,6.409,700-749,70-80%,40-50%,CA,Refinance-Cashout,Owner-Occupied,Multi-Unit
LN003743,2024-06-01,407012.19,5.326,750-799,>95%,40-50%,IL,Refinance-Rate-Term,Owner-Occupied,Single-Family
LN003744,2024-06-01,185666.03,7.116,600-649,<60%,>50%,MI,Purchase,Owner-Occupied,Condo
LN003745,2022-12-01,267652.86,3.062,800+,70-80%,40-50%,FL,Purchase,Owner-Occupied,Single-Family
LN003746,2022-10-01,343690.16,5.494,650-699,90-95%,40-50%,FL,Purchase,Owner-Occupied,Single-Family
LN003747,2022-11-01,320556.78,2.733,650-699,90-95%,>50%,GA,Purchase,Owner-Occupied,Single-Family
LN003748,2023-03-01,165735.35,5.629,700-749,90-95%,30-40%,FL,Purchase,Owner-Occupied,Condo
LN003749,2023-04-01,235249.83,5.492,650-699,70-80%,30-40%,FL,Refinance-Cashout,Second Home,Single-Family
LN003750,2023-05-01,439991.16,4.572,750-799,80-90%,40-50%,CA,Purchase,Owner-Occupied,Single-Family
LN003751,2024-02-01,325932.64,3.824,700-749,70-80%,<30%,GA,Purchase,Owner-Occupied,Single-Family
LN003752,2022-02-01,133588.39,4.512,600-649,70-80%,<30%,MI,Purchase,Owner-Occupied,Single-Family
LN003753,2022-12-01,388323.21,5.146,800+,60-70%,40-50%,MI,Refinance-Cashout,Second Home,Single-Family
LN003754,2024-02-01,140073.53,5.426,750-799,80-90%,>50%,PA,Refinance-Rate-Term,Owner-Occupied,Single-Family
LN003755,2023-11-01,269297.95,7.898,700-749,70-80%,30-40%,GA,Purchase,Owner-Occupied,Single-Family
LN003756,2023-06-01,356327.66,6.31,700-749,70-80%,<30%,FL,Refinance-Cashout,Owner-Occupied,Single-Family
LN003757,2024-08-01,421370.59,4.12,600-649,70-80%,30-40%,PA,Purchase,Owner-Occupied,Single-Family
LN003758,2022-03-01,66207.58,5.869,750-799,60-70%,30-40%,TX,Purchase,Owner-Occupied,Single-Family
LN003759,2022-03-01,371159.01,6.322,750-799,60-70%,30-40%,FL,Purchase,Owner-Occupied,Single-Family
LN003760,2024-06-01,386172.46,4.016,600-649,70-80%,40-50%,NY,Purchase,Owner-Occupied,Single-Family
LN003761,2022-01-01,244298.45,6.053,700-749,80-90%,<30%,NC,Purchase,Owner-Occupied,Single-Family
LN003762,2024-06-01,309090.91,2.77,700-749,60-70%,30-40%,NY,Refinance-Rate-Term,Owner-Occupied,Condo
LN003763,2024-08-01,50000.0,3.961,650-699,80-90%,40-50%,OH,Purchase,Owner-Occupied,Multi-Unit
LN003764,2024-04-01,50000.0,2.864,750-799,80-90%,40-50%,GA,Purchase,Owner-Occupied,Single-Family
LN003765,2023-09-01,410853.27,4.683,600-649,80-90%,<30%,IL,Purchase,Owner-Occupied,Single-Family
LN003766,2023-01-01,246110.48,4.29,650-699,70-80%,30-40%,TX,Refinance-Cashout,Owner-Occupied,Single-Family
LN003767,2024-03-01,265378.78,4.405,<600,80-90%,<30%,GA,Refinance-Rate-Term,Second Home,Condo
LN003768,2024-12-01,323467.64,6.223,700-749,<60%,>50%,IL,Purchase,Owner-Occupied,Condo
LN003769,2022-07-01,263406.78,5.136,650-699,70-80%,30-40%,IL,Purchase,Owner-Occupied,Single-Family
LN003770,2023-10-01,254130.79,6.2,750-799,80-90%,>50%,OH,Purchase,Owner-Occupied,Multi-Unit
LN003771,2022-10-01,339448.91,7.44,750-799,>95%,40-50%,PA,Purchase,Owner-Occupied,Multi-Unit
LN003772,2023-03-01,150446.37,8.142,600-649,<60%,30-40%,FL,Purchase,Second Home,Single-Family
LN003773,2023-03-01,415991.77,4.79,750-799,70-80%,30-40%,OH,Purchase,Owner-Occupied,Single-Family
LN003774,2022-04-01,276975.0,5.802,750-799,90-95%,40-50%,CA,Refinance-Cashout,Owner-Occupied,Single-Family
LN003775,2024-08-01,199434.15,4.768,650-699,90-95%,<30%,NY,Purchase,Owner-Occupied,Single-Family
LN003776,2023-11-01,185979.03,6.521,<600,<60%,<30%,NY,Refinance-Cashout,Owner-Occupied,Single-Family
LN003777,2022-06-01,304265.19,6.23,600-649,70-80%,30-40%,PA,Refinance-Rate-Term,Investment,Single-Family
LN003778,2023-12-01,269364.23,4.009,650-699,<60%,30-40%,PA,Purchase,Owner-Occupied,Single-Family
LN003779,2023-08-01,145115.99,4.23,750-799,80-90%,30-40%,MI,Refinance-Rate-Term,Owner-Occupied,Condo
LN003780,2023-08-01,239816.49,7.079,700-749,70-80%,>50%,GA,Purchase,Owner-Occupied,Multi-Unit
LN003781,2022-12-01,219080.1,4.176,800+,80-90%,<30%,CA,Refinance-Rate-Term,Owner-Occupied,Single-Family
LN003782,2024-09-01,426185.65,4.832,750-799,90-95%,40-50%,OH,Purchase,Investment,Condo
LN003783,2024-04-01,313045.24,6.013,650-699,>95%,<30%,NY,Purchase,Owner-Occupied,Single-Family
LN003784,2022-08-01,456933.94,4.752,750-799,90-95%,30-40%,PA,Purchase,Owner-Occupied,Single-Family
LN003785,2022-01-01,229002.58,7.301,600-649,60-70%,30-40%,MI,Purchase,Owner-Occupied,Single-Family
LN003786,2023-10-01,270886.81,6.55,<600,60-70%,>50%,NC,Purchase,Owner-Occupied,Single-Family
LN003787,2022-06-01,338655.32,3.674,700-749,70-80%,<30%,FL,Purchase,Owner-Occupied,Single-Family
LN003788,2023-09-01,360413.26,4.122,650-699,70-80%,40-50%,GA,Purchase,Owner-Occupied,Condo
LN003789,2024-08-01,372099.11,5.881,650-699,<60%,30-40%,FL,Refinance-Cashout,Owner-Occupied,Single-Family
LN003790,2024-11-01,211219.04,4.922,750-799,70-80%,40-50%,PA,Purchase,Second Home,Single-Family
LN003791,2023-03-01,214032.09,2.5,750-799,90-95%,30-40%,TX,Purchase,Owner-Occupied,Single-Family
LN003792,2022-05-01,264457.97,3.544,650-699,90-95%,<30%,NC,Purchase,Owner-Occupied,Multi-Unit
LN003793,2022-06-01,448090.69,5.351,650-699,60-70%,40-50%,TX,Purchase,Investment,Single-Family
LN003794,2024-01-01,199931.68,6.336,700-749,70-80%,30-40%,IL,Refinance-Rate-Term,Owner-Occupied,Single-Family
LN003795,2024-05-01,247307.5,6.357,750-799,70-80%,30-40%,PA,Purchase,Second Home,Condo
LN003796,2022-07-01,372985.79,7.944,650-699,90-95%,<30%,NY,Refinance-Rate-Term,Owner-Occupied,Single-Family
LN003797,2023-01-01,367635.43,3.963,800+,70-80%,40-50%,OH,Purchase,Owner-Occupied,Multi-Unit
LN003798,2023-06-01,355541.84,4.035,750-799,>95%,30-40%,OH,Purchase,Owner-Occupied,Single-Family
LN003799,2022-02-01,308084.36,4.962,700-749,80-90%,<30%,OH,Refinance-Rate-Term,Owner-Occupied,Condo
LN003800,2022-08-01,193486.64,2.5,800+,>95%,40-50%,OH,Purchase,Owner-Occupied,Condo
LN003801,2022-11-01,230922.41,4.995,800+,80-90%,<30%,MI,Purchase,Owner-Occupied,Condo
LN003802,2024-09-01,412649.02,4.707,600-649,90-95%,30-40%,MI,Purchase,Investment,Single-Family
LN003803,2024-03-01,377363.73,6.188,600-649,80-90%,40-50%,NC,Purchase,Owner-Occupied,Single-Family
LN003804,2023-08-01,166501.51,6.442,750-799,70-80%,>50%,TX,Purchase,Owner-Occupied,Single-Family
LN003805,2022-12-01,386945.76,5.536,800+,60-70%,<30%,IL,Purchase,Owner-Occupied,Single-Family
LN003806,2024-07-01,430877.84,5.004,750-799,90-95%,40-50%,MI,Purchase,Owner-Occupied,Single-Family
LN003807,2024-03-01,305383.08,5.546,700-749,<60%,30-40%,NC,Refinance-Rate-Term,Owner-Occupied,Single-Family
LN003808,2024-08-01,342628.12,3.811,750-799,70-80%,30-40%,TX,Refinance-Cashout,Owner-Occupied,Single-Family
LN003809,2022-10-01,401148.52,4.876,650-699,80-90%,30-40%,FL,Refinance-Rate-Term,Owner-Occupied,Single-Family
LN003810,2022-03-01,230428.36,5.025,800+,80-90%,30-40%,OH,Refinance-Rate-Term,Investment,Single-Family
LN003811,2024-03-01,532959.78,4.887,700-749,60-70%,30-40%,NC,Refinance-Rate-Term,Investment,Single-Family
LN003812,2024-11-01,422307.8,4.743,800+,70-80%,40-50%,FL,Refinance-Cashout,Investment,Single-Family
LN003813,2024-07-01,352402.81,4.068,700-749,70-80%,30-40%,MI,Purchase,Owner-Occupied,Single-Family
LN003814,2023-03-01,296549.22,3.462,800+,70-80%,<30%,GA,Purchase,Owner-Occupied,Condo
LN003815,2023-04-01,349477.74,4.692,650-699,90-95%,30-40%,GA,Purchase,Investment,Condo
LN003816,2023-01-01,143971.75,5.892,750-799,80-90%,30-40%,NY,Purchase,Owner-Occupied,Single-Family
LN003817,2024-11-01,508208.78,2.5,800+,>95%,30-40%,PA,Purchase,Owner-Occupied,Condo
LN003818,2022-11-01,412889.16,4.254,700-749,<60%,<30%,GA,Purchase,Second Home,Single-Family
LN003819,2023-09-01,446401.36,8.104,750-799,70-80%,30-40%,NC,Purchase,Second Home,Multi-Unit
LN003820,2022-11-01,303075.72,4.711,600-649,80-90%,40-50%,TX,Refinance-Cashout,Owner-Occupied,Multi-Unit
LN003821,2024-06-01,263971.08,5.227,700-749,70-80%,<30%,CA,Refinance-Cashout,Owner-Occupied,Single-Family
LN003822,2024-11-01,232569.28,7.758,750-799,70-80%,40-50%,IL,Refinance-Rate-Term,Owner-Occupied,Single-Family
LN003823,2023-10-01,381357.46,5.479,650-699,>95%,>50%,MI,Purchase,Owner-Occupied,Single-Family
LN003824,2024-07-01,248745.29,5.513,750-799,90-95%,<30%,FL,Refinance-Cashout,Owner-Occupied,Single-Family
LN003825,2023-02-01,281264.31,3.635,750-799,70-80%,<30%,PA,Refinance-Cashout,Owner-Occupied,Single-Family
LN003826,2023-12-01,354639.91,5.469,650-699,70-80%,30-40%,CA,Refinance-Cashout,Owner-Occupied,Single-Family
LN003827,2024-08-01,234067.17,4.978,650-699,<60%,30-40%,NY,Refinance-Rate-Term,Owner-Occupied,Single-Family
LN003828,2024-12-01,404394.68,6.387,700-749,>95%,40-50%,PA,Purchase,Owner-Occupied,Single-Family
LN003829,2024-08-01,298225.89,6.916,600-649,80-90%,30-40%,TX,Purchase,Owner-Occupied,Single-Family
LN003830,2023-03-01,149188.07,5.045,800+,<60%,30-40%,GA,Refinance-Cashout,Owner-Occupied,Single-Family
LN003831,2024-11-01,232999.73,5.573,750-799,60-70%,<30%,NY,Purchase,Owner-Occupied,Single-Family
LN003832,2022-03-01,430818.54,2.5,700-749,80-90%,30-40%,TX,Purchase,Owner-Occupied,Single-Family
LN003833,2023-04-01,206299.75,2.5,650-699,<60%,30-40%,CA,Purchase,Owner-Occupied,Single-Family
LN003834,2022-05-01,389407.75,6.64,750-799,90-95%,30-40%,GA,Purchase,Owner-Occupied,Single-Family
LN003835,2023-09-01,312167.34,2.5,700-749,>95%,<30%,MI,Refinance-Cashout,Investment,Single-Family
LN003836,2022-10-01,282829.97,5.491,650-699,90-95%,30-40%,CA,Purchase,Owner-Occupied,Single-Family
LN003837,2023-07-01,551259.42,4.74,700-749,80-90%,30-40%,OH,Purchase,Owner-Occupied,Single-Family
LN003838,2024-01-01,171578.38,6.847,750-799,70-80%,40-50%,OH,Refinance-Cashout,Investment,Single-Family
LN003839,2022-04-01,225986.64,4.947,600-649,<60%,30-40%,PA,Purchase,Owner-Occupied,Multi-Unit
LN003840,2024-05-01,297656.99,7.703,700-749,80-90%,30-40%,GA,Refinance-Cashout,Owner-Occupied,Single-Family
LN003841,2023-07-01,541574.94,4.694,800+,70-80%,<30%,MI,Purchase,Owner-Occupied,Single-Family
LN003842,2022-02-01,297889.88,6.72,<600,70-80%,40-50%,CA,Refinance-Rate-Term,Owner-Occupied,Condo
LN003843,2022-10-01,327425.29,2.753,750-799,70-80%,30-40%,CA,Purchase,Owner-Occupied,Condo
LN003844,2024-01-01,266416.45,2.5,700-749,60-70%,<30%,CA,Purchase,Owner-Occupied,Multi-Unit
LN003845,2023-08-01,335862.86,4.958,650-699,70-80%,30-40%,PA,Purchase,Owner-Occupied,Single-Family
LN003846,2023-07-01,272618.26,2.899,<600,80-90%,>50%,OH,Refinance-Cashout,Owner-Occupied,Single-Family
LN003847,2023-11-01,369532.26,4.91,600-649,70-80%,40-50%,MI,Purchase,Owner-Occupied,Condo
LN003848,2023-12-01,377418.73,4.38,650-699,70-80%,30-40%,NC,Purchase,Owner-Occupied,Single-Family
LN003849,2022-11-01,276589.48,5.908,<600,70-80%,30-40%,MI,Refinance-Cashout,Owner-Occupied,Single-Family
LN003850,2024-10-01,187452.0,3.403,650-699,<60%,30-40%,IL,Purchase,Owner-Occupied,Single-Family
LN003851,2024-04-01,309356.98,5.637,<600,90-95%,<30%,CA,Refinance-Rate-Term,Owner-Occupied,Single-Family
LN003852,2022-05-01,440212.17,6.296,750-799,70-80%,40-50%,NC,Refinance-Rate-Term,Owner-Occupied,Single-Family
LN003853,2022-05-01,217333.94,4.691,750-799,60-70%,40-50%,IL,Purchase,Owner-Occupied,Single-Family
LN003854,2023-09-01,333391.69,5.717,750-799,70-80%,30-40%,PA,Purchase,Owner-Occupied,Multi-Unit
LN003855,2022-12-01,179425.96,3.532,700-749,>95%,40-50%,NC,Refinance-Cashout,Investment,Single-Family
LN003856,2022-04-01,196019.27,4.426,800+,70-80%,30-40%,TX,Purchase,Owner-Occupied,Single-Family
LN003857,2023-08-01,430036.58,2.987,<600,70-80%,<30%,FL,Purchase,Second Home,Single-Family
LN003858,2024-01-01,369153.34,8.508,600-649,70-80%,30-40%,OH,Refinance-Rate-Term,Second Home,Multi-Unit
LN003859,2023-02-01,334896.51,6.843,650-699,70-80%,30-40%,FL,Purchase,Owner-Occupied,Single-Family
LN003860,2022-11-01,67822.67,7.49,750-799,<60%,<30%,TX,Refinance-Rate-Term,Investment,Single-Family
LN003861,2024-08-01,244710.71,6.822,750-799,80-90%,30-40%,OH,Purchase,Owner-Occupied,Single-Family
LN003862,2022-11-01,360681.4,4.005,700-749,70-80%,<30%,GA,Refinance-Cashout,Investment,Single-Family
LN003863,2023-06-01,155093.45,2.698,700-749,80-90%,30-40%,NC,Purchase,Owner-Occupied,Single-Family
LN003864,2024-03-01,264611.46,4.364,750-799,70-80%,40-50%,TX,Purchase,Owner-Occupied,Single-Family
LN003865,2023-06-01,376665.37,5.713,650-699,60-70%,>50%,TX,Refinance-Cashout,Investment,Multi-Unit
LN003866,2023-11-01,148886.13,4.565,700-749,80-90%,30-40%,OH,Purchase,Owner-Occupied,Single-Family
LN003867,2022-11-01,132071.34,2.5,700-749,70-80%,40-50%,NY,Purchase,Second Home,Single-Family
LN003868,2023-09-01,150617.19,6.121,600-649,80-90%,40-50%,IL,Refinance-Rate-Term,Owner-Occupied,Single-Family
LN003869,2022-05-01,333448.52,2.603,<600,80-90%,40-50%,CA,Refinance-Rate-Term,Owner-Occupied,Single-Family
LN003870,2023-11-01,244300.15,4.366,750-799,>95%,<30%,PA,Purchase,Owner-Occupied,Single-Family
LN003871,2024-01-01,387804.86,7.616,700-749,<60%,30-40%,MI,Purchase,Investment,Single-Family
LN003872,2022-10-01,312101.84,5.074,650-699,<60%,30-40%,GA,Refinance-Rate-Term,Owner-Occupied,Single-Family
LN003873,2023-10-01,488053.47,6.615,700-749,70-80%,30-40%,CA,Purchase,Owner-Occupied,Condo
LN003874,2023-07-01,176251.78,5.52,800+,70-80%,<30%,TX,Refinance-Cashout,Owner-Occupied,Single-Family
LN003875,2022-01-01,333177.17,3.487,700-749,70-80%,40-50%,OH,Purchase,Investment,Single-Family
LN003876,2022-07-01,220478.52,6.094,600-649,<60%,<30%,TX,Refinance-Cashout,Owner-Occupied,Single-Family
LN003877,2022-04-01,360021.27,4.905,700-749,70-80%,30-40%,NC,Purchase,Owner-Occupied,Single-Family
LN003878,2022-01-01,311993.59,2.771,700-749,60-70%,30-40%,PA,Purchase,Owner-Occupied,Single-Family
LN003879,2023-03-01,200687.92,2.52,<600,80-90%,<30%,IL,Purchase,Owner-Occupied,Single-Family
LN003880,2022-12-01,284284.78,5.575,650-699,80-90%,40-50%,OH,Purchase,Second Home,Single-Family
LN003881,2023-10-01,307309.81,8.212,700-749,<60%,40-50%,MI,Purchase,Owner-Occupied,Single-Family
LN003882,2023-10-01,240069.11,3.386,700-749,80-90%,40-50%,GA,Purchase,Owner-Occupied,Single-Family
LN003883,2023-05-01,372716.72,3.565,650-699,70-80%,30-40%,NC,Refinance-Cashout,Owner-Occupied,Single-Family
LN003884,2024-05-01,196890.74,5.597,750-799,70-80%,30-40%,PA,Purchase,Owner-Occupied,Single-Family
LN003885,2023-02-01,509100.86,3.029,800+,60-70%,40-50%,IL,Refinance-Cashout,Owner-Occupied,Single-Family
LN003886,2023-08-01,395369.03,8.531,800+,80-90%,30-40%,OH,Purchase,Second Home,Single-Family
LN003887,2024-09-01,334874.11,3.701,750-799,70-80%,30-40%,TX,Refinance-Rate-Term,Owner-Occupied,Single-Family
LN003888,2023-03-01,584531.43,4.252,700-749,<60%,30-40%,GA,Refinance-Cashout,Owner-Occupied,Multi-Unit
LN003889,2022-12-01,269070.12,3.793,750-799,>95%,>50%,NY,Refinance-Cashout,Owner-Occupied,Single-Family
LN003890,2023-08-01,361137.59,6.402,750-799,70-80%,40-50%,CA,Purchase,Owner-Occupied,Multi-Unit
LN003891,2024-06-01,322268.05,8.243,750-799,90-95%,<30%,FL,Refinance-Rate-Term,Owner-Occupied,Single-Family
LN003892,2022-03-01,379746.77,3.945,650-699,70-80%,<30%,NC,Purchase,Investment,Single-Family
LN003893,2024-04-01,449611.64,6.3,<600,80-90%,40-50%,NY,Purchase,Owner-Occupied,Single-Family
LN003894,2024-02-01,354894.94,3.041,800+,80-90%,<30%,MI,Refinance-Rate-Term,Owner-Occupied,Single-Family
LN003895,2024-06-01,404179.39,6.439,800+,90-95%,<30%,MI,Purchase,Owner-Occupied,Single-Family
LN003896,2023-01-01,244961.2,7.638,700-749,>95%,<30%,FL,Purchase,Owner-Occupied,Single-Family
LN003897,2023-01-01,279384.99,7.179,800+,90-95%,30-40%,NY,Purchase,Investment,Single-Family
LN003898,2022-02-01,463828.76,5.199,750-799,70-80%,30-40%,FL,Purchase,Owner-Occupied,Single-Family
LN003899,2022-02-01,359685.62,3.451,700-749,80-90%,30-40%,FL,Purchase,Owner-Occupied,Single-Family
LN003900,2024-12-01,324832.36,5.001,700-749,80-90%,>50%,TX,Refinance-Cashout,Owner-Occupied,Single-Family
LN003901,2024-02-01,224675.58,4.534,700-749,<60%,30-40%,PA,Purchase,Owner-Occupied,Single-Family
LN003902,2022-11-01,396659.61,4.33,700-749,90-95%,30-40%,MI,Refinance-Rate-Term,Owner-Occupied,Single-Family
LN003903,2022-08-01,221853.46,5.31,800+,70-80%,30-40%,PA,Refinance-Rate-Term,Investment,Multi-Unit
LN003904,2023-10-01,192383.41,4.9,700-749,60-70%,30-40%,MI,Purchase,Owner-Occupied,Single-Family
LN003905,2023-08-01,311492.58,6.062,750-799,70-80%,>50%,NY,Refinance-Rate-Term,Owner-Occupied,Single-Family
LN003906,2022-08-01,59750.75,6.072,750-799,70-80%,30-40%,GA,Refinance-Rate-Term,Owner-Occupied,Single-Family
LN003907,2024-05-01,361107.67,4.906,600-649,70-80%,>50%,PA,Purchase,Investment,Single-Family
LN003908,2024-02-01,337694.42,5.648,600-649,70-80%,30-40%,GA,Purchase,Investment,Single-Family
LN003909,2024-06-01,264719.64,6.982,750-799,70-80%,40-50%,PA,Refinance-Cashout,Investment,Multi-Unit
LN003910,2023-05-01,273788.18,4.203,650-699,70-80%,40-50%,NC,Refinance-Cashout,Owner-Occupied,Condo
LN003911,2023-08-01,288067.91,5.024,750-799,90-95%,>50%,FL,Refinance-Rate-Term,Owner-Occupied,Single-Family
LN003912,2023-04-01,221087.26,3.457,600-649,70-80%,40-50%,FL,Purchase,Owner-Occupied,Condo
LN003913,2022-07-01,318457.26,5.72,700-749,70-80%,30-40%,TX,Purchase,Owner-Occupied,Single-Family
LN003914,2023-04-01,275060.51,5.298,600-649,60-70%,40-50%,MI,Purchase,Owner-Occupied,Single-Family
LN003915,2024-03-01,311245.22,5.691,650-699,<60%,40-50%,PA,Refinance-Rate-Term,Owner-Occupied,Single-Family
LN003916,2023-11-01,284427.14,3.517,600-649,70-80%,40-50%,OH,Refinance-Rate-Term,Owner-Occupied,Single-Family
LN003917,2023-12-01,264747.13,6.148,800+,<60%,30-40%,OH,Purchase,Owner-Occupied,Single-Family
LN003918,2022-09-01,327849.26,5.153,700-749,80-90%,30-40%,IL,Refinance-Rate-Term,Owner-Occupied,Single-Family
LN003919,2024-11-01,378109.98,6.544,800+,80-90%,<30%,PA,Purchase,Owner-Occupied,Single-Family
LN003920,2023-08-01,247523.09,4.343,800+,70-80%,30-40%,OH,Refinance-Rate-Term,Owner-Occupied,Single-Family
LN003921,2023-05-01,339547.33,6.024,800+,70-80%,40-50%,TX,Purchase,Owner-Occupied,Single-Family
LN003922,2024-07-01,351943.04,5.668,700-749,90-95%,<30%,MI,Refinance-Rate-Term,Owner-Occupied,Single-Family
LN003923,2022-08-01,171613.61,7.287,750-799,<60%,30-40%,OH,Purchase,Owner-Occupied,Single-Family
LN003924,2023-03-01,397654.45,4.826,650-699,70-80%,40-50%,CA,Purchase,Second Home,Multi-Unit
LN003925,2024-07-01,505645.13,4.168,600-649,90-95%,40-50%,PA,Purchase,Owner-Occupied,Single-Family
LN003926,2024-06-01,291190.43,4.259,750-799,90-95%,30-40%,GA,Refinance-Cashout,Owner-Occupied,Single-Family
LN003927,2023-08-01,282880.46,3.338,<600,70-80%,<30%,CA,Refinance-Rate-Term,Owner-Occupied,Condo
LN003928,2022-12-01,278699.38,4.245,800+,70-80%,>50%,CA,Purchase,Investment,Single-Family
LN003929,2023-05-01,362060.58,2.5,750-799,<60%,<30%,PA,Refinance-Rate-Term,Owner-Occupied,Condo
LN003930,2024-06-01,351077.85,7.053,700-749,60-70%,40-50%,IL,Refinance-Rate-Term,Owner-Occupied,Single-Family
LN003931,2024-05-01,140933.88,7.901,600-649,80-90%,<30%,FL,Refinance-Rate-Term,Investment,Single-Family
LN003932,2023-07-01,213387.89,4.779,750-799,<60%,<30%,MI,Purchase,Owner-Occupied,Single-Family
LN003933,2022-11-01,350731.28,5.657,700-749,90-95%,40-50%,MI,Purchase,Owner-Occupied,Single-Family
LN003934,2024-10-01,285497.82,5.246,750-799,70-80%,40-50%,OH,Purchase,Investment,Single-Family
LN003935,2022-07-01,183388.21,3.03,700-749,<60%,30-40%,OH,Purchase,Second Home,Single-Family
LN003936,2024-10-01,450026.02,6.539,600-649,60-70%,40-50%,OH,Refinance-Rate-Term,Owner-Occupied,Single-Family
LN003937,2023-08-01,220028.67,6.763,650-699,70-80%,30-40%,PA,Purchase,Investment,Single-Family
LN003938,2023-12-01,303577.71,3.439,650-699,<60%,<30%,NY,Purchase,Owner-Occupied,Single-Family
LN003939,2022-10-01,282848.09,5.495,<600,80-90%,40-50%,NC,Purchase,Owner-Occupied,Single-Family
LN003940,2024-08-01,192131.12,4.606,<600,90-95%,40-50%,NC,Purchase,Owner-Occupied,Single-Family
LN003941,2023-03-01,318495.48,6.785,650-699,>95%,40-50%,OH,Refinance-Cashout,Owner-Occupied,Single-Family
LN003942,2023-08-01,339210.69,4.876,750-799,80-90%,30-40%,OH,Refinance-Cashout,Owner-Occupied,Single-Family
LN003943,2022-03-01,253232.4,4.916,700-749,90-95%,40-50%,GA,Purchase,Investment,Condo
LN003944,2022-08-01,266380.77,7.731,650-699,70-80%,30-40%,IL,Refinance-Cashout,Owner-Occupied,Single-Family
LN003945,2023-11-01,360048.7,3.072,700-749,70-80%,30-40%,NC,Purchase,Owner-Occupied,Multi-Unit
LN003946,2022-11-01,102486.17,5.372,700-749,80-90%,30-40%,PA,Refinance-Rate-Term,Owner-Occupied,Single-Family
LN003947,2022-08-01,215499.61,5.133,700-749,60-70%,>50%,OH,Purchase,Owner-Occupied,Single-Family
LN003948,2024-05-01,321343.49,4.095,700-749,60-70%,<30%,OH,Purchase,Owner-Occupied,Single-Family
LN003949,2024-06-01,247326.13,8.06,700-749,80-90%,30-40%,NC,Refinance-Cashout,Owner-Occupied,Single-Family
LN003950,2022-10-01,245897.09,5.505,600-649,>95%,40-50%,OH,Refinance-Cashout,Second Home,Multi-Unit
LN003951,2024-04-01,390169.25,6.008,700-749,70-80%,<30%,FL,Purchase,Second Home,Single-Family
LN003952,2024-12-01,236667.57,6.222,650-699,70-80%,40-50%,PA,Refinance-Cashout,Owner-Occupied,Single-Family
LN003953,2023-01-01,497917.83,4.519,700-749,70-80%,<30%,PA,Refinance-Rate-Term,Owner-Occupied,Condo
LN003954,2024-08-01,124548.74,6.863,750-799,70-80%,40-50%,OH,Purchase,Owner-Occupied,Single-Family
LN003955,2024-12-01,78800.62,6.561,700-749,70-80%,30-40%,PA,Purchase,Owner-Occupied,Single-Family
LN003956,2024-02-01,387893.62,4.817,750-799,90-95%,<30%,NY,Purchase,Owner-Occupied,Single-Family
LN003957,2023-10-01,201604.87,6.407,750-799,70-80%,40-50%,PA,Refinance-Rate-Term,Owner-Occupied,Single-Family
LN003958,2022-04-01,203292.64,6.86,650-699,<60%,40-50%,FL,Refinance-Cashout,Owner-Occupied,Single-Family
LN003959,2024-07-01,398473.33,6.193,800+,80-90%,<30%,CA,Purchase,Owner-Occupied,Multi-Unit
LN003960,2023-06-01,250273.14,3.747,600-649,70-80%,30-40%,CA,Refinance-Rate-Term,Investment,Single-Family
LN003961,2023-12-01,391036.18,4.861,800+,80-90%,30-40%,IL,Refinance-Rate-Term,Owner-Occupied,Single-Family
LN003962,2023-11-01,238958.81,5.713,650-699,70-80%,30-40%,GA,Purchase,Owner-Occupied,Single-Family
LN003963,2023-10-01,336253.15,5.378,650-699,80-90%,30-40%,FL,Purchase,Owner-Occupied,Single-Family
LN003964,2022-02-01,248857.75,3.882,700-749,<60%,30-40%,TX,Purchase,Owner-Occupied,Single-Family
LN003965,2024-07-01,208018.77,4.57,800+,<60%,30-40%,GA,Purchase,Owner-Occupied,Single-Family
LN003966,2022-11-01,473060.14,5.528,650-699,70-80%,30-40%,NC,Refinance-Cashout,Owner-Occupied,Single-Family
LN003967,2024-04-01,411646.22,2.736,750-799,80-90%,30-40%,NC,Purchase,Owner-Occupied,Single-Family
LN003968,2024-08-01,227335.93,5.029,750-799,60-70%,<30%,TX,Purchase,Second Home,Single-Family
LN003969,2022-05-01,282160.4,6.045,650-699,70-80%,40-50%,GA,Refinance-Rate-Term,Second Home,Single-Family
LN003970,2022-10-01,447622.68,5.424,700-749,>95%,40-50%,TX,Purchase,Owner-Occupied,Single-Family
LN003971,2023-12-01,201177.96,3.714,700-749,60-70%,30-40%,OH,Purchase,Owner-Occupied,Single-Family
LN003972,2024-11-01,206589.2,3.978,650-699,80-90%,<30%,GA,Purchase,Owner-Occupied,Single-Family
LN003973,2023-11-01,347006.05,7.23,750-799,80-90%,<30%,CA,Purchase,Owner-Occupied,Condo
LN003974,2023-05-01,527049.46,3.594,800+,90-95%,30-40%,GA,Refinance-Rate-Term,Owner-Occupied,Single-Family
LN003975,2022-01-01,305383.16,6.779,750-799,90-95%,30-40%,FL,Purchase,Owner-Occupied,Single-Family
LN003976,2024-07-01,404981.12,4.068,800+,70-80%,30-40%,CA,Refinance-Cashout,Owner-Occupied,Condo
LN003977,2024-07-01,198256.02,6.695,600-649,80-90%,>50%,OH,Purchase,Owner-Occupied,Single-Family
LN003978,2024-10-01,336105.23,5.812,<600,70-80%,30-40%,MI,Purchase,Owner-Occupied,Single-Family
LN003979,2022-09-01,264038.53,4.478,750-799,70-80%,40-50%,FL,Purchase,Owner-Occupied,Single-Family
LN003980,2023-10-01,486662.51,2.5,750-799,70-80%,<30%,GA,Refinance-Cashout,Second Home,Single-Family
LN003981,2023-01-01,459869.08,5.598,600-649,70-80%,30-40%,NC,Purchase,Investment,Multi-Unit
LN003982,2024-01-01,527941.67,5.272,700-749,60-70%,30-40%,TX,Purchase,Owner-Occupied,Single-Family
LN003983,2023-06-01,230451.07,5.621,750-799,80-90%,30-40%,CA,Refinance-Rate-Term,Owner-Occupied,Single-Family
LN003984,2022-12-01,303549.82,5.809,600-649,>95%,30-40%,GA,Purchase,Owner-Occupied,Single-Family
LN003985,2023-05-01,337516.69,3.029,650-699,90-95%,40-50%,MI,Purchase,Owner-Occupied,Single-Family
LN003986,2023-03-01,234353.24,5.59,750-799,60-70%,40-50%,PA,Purchase,Owner-Occupied,Single-Family
LN003987,2023-03-01,313105.52,6.114,800+,<60%,<30%,MI,Refinance-Cashout,Owner-Occupied,Multi-Unit
LN003988,2023-03-01,390897.8,6.096,750-799,80-90%,40-50%,CA,Refinance-Cashout,Owner-Occupied,Single-Family
LN003989,2023-01-01,244963.45,3.12,750-799,70-80%,<30%,FL,Purchase,Owner-Occupied,Single-Family
LN003990,2023-05-01,229664.35,6.731,650-699,80-90%,30-40%,NC,Purchase,Owner-Occupied,Single-Family
LN003991,2024-08-01,223034.42,5.643,750-799,80-90%,40-50%,NC,Purchase,Owner-Occupied,Single-Family
LN003992,2022-09-01,165629.76,5.833,600-649,70-80%,40-50%,PA,Refinance-Rate-Term,Owner-Occupied,Single-Family
LN003993,2023-08-01,385399.29,3.656,800+,70-80%,30-40%,FL,Purchase,Owner-Occupied,Condo
LN003994,2024-02-01,229433.17,6.136,700-749,60-70%,30-40%,GA,Purchase,Owner-Occupied,Single-Family
LN003995,2024-03-01,218889.27,2.5,700-749,70-80%,30-40%,PA,Refinance-Rate-Term,Owner-Occupied,Single-Family
LN003996,2023-09-01,352906.98,3.728,750-799,70-80%,<30%,CA,Purchase,Investment,Single-Family
LN003997,2023-06-01,298938.4,6.9,<600,>95%,>50%,PA,Purchase,Second Home,Single-Family
LN003998,2023-01-01,247446.96,6.063,800+,<60%,30-40%,IL,Refinance-Cashout,Owner-Occupied,Single-Family
LN003999,2023-04-01,381062.88,5.437,700-749,60-70%,>50%,GA,Refinance-Cashout,Owner-Occupied,Single-Family
LN004000,2022-09-01,243455.39,6.416,650-699,70-80%,>50%,TX,Purchase,Owner-Occupied,Single-Family
LN004001,2022-12-01,82304.9,6.52,600-649,70-80%,30-40%,OH,Purchase,Investment,Single-Family
LN004002,2023-07-01,433324.3,6.137,750-799,90-95%,30-40%,PA,Purchase,Investment,Single-Family
LN004003,2022-07-01,217180.45,4.674,750-799,60-70%,40-50%,CA,Purchase,Owner-Occupied,Single-Family
LN004004,2024-11-01,228104.58,3.683,<600,>95%,30-40%,GA,Refinance-Cashout,Investment,Single-Family
LN004005,2023-06-01,228546.29,4.005,600-649,90-95%,30-40%,PA,Refinance-Rate-Term,Owner-Occupied,Single-Family
LN004006,2023-04-01,305960.1,7.116,800+,90-95%,<30%,FL,Refinance-Rate-Term,Owner-Occupied,Single-Family
LN004007,2022-04-01,272575.75,3.087,600-649,60-70%,30-40%,IL,Purchase,Owner-Occupied,Single-Family
LN004008,2024-01-01,398807.11,5.736,700-749,70-80%,<30%,OH,Purchase,Owner-Occupied,Single-Family
LN004009,2024-08-01,464511.4,5.739,700-749,80-90%,30-40%,NC,Purchase,Second Home,Condo
LN004010,2023-01-01,232080.05,7.202,750-799,80-90%,40-50%,NY,Purchase,Owner-Occupied,Condo
LN004011,2023-05-01,206199.26,5.734,700-749,80-90%,>50%,TX,Purchase,Second Home,Single-Family
LN004012,2022-06-01,247809.86,4.365,700-749,70-80%,30-40%,FL,Purchase,Investment,Single-Family
LN004013,2023-07-01,343905.83,4.389,800+,70-80%,30-40%,OH,Purchase,Second Home,Single-Family
LN004014,2023-01-01,288363.9,4.991,650-699,>95%,30-40%,GA,Purchase,Owner-Occupied,Single-Family
LN004015,2024-02-01,249958.85,6.699,650-699,60-70%,<30%,IL,Purchase,Owner-Occupied,Single-Family
LN004016,2023-02-01,170298.95,6.21,600-649,<60%,40-50%,FL,Purchase,Owner-Occupied,Single-Family
LN004017,2024-07-01,79111.12,3.371,800+,<60%,40-50%,CA,Purchase,Owner-Occupied,Single-Family
LN004018,2022-04-01,199528.24,5.418,750-799,80-90%,<30%,MI,Purchase,Owner-Occupied,Single-Family
LN004019,2022-08-01,426441.59,6.238,<600,<60%,40-50%,CA,Purchase,Owner-Occupied,Single-Family
LN004020,2024-01-01,343599.28,4.644,750-799,70-80%,40-50%,TX,Refinance-Cashout,Owner-Occupied,Multi-Unit
LN004021,2023-01-01,280846.47,2.5,700-749,70-80%,<30%,IL,Purchase,Owner-Occupied,Single-Family
LN004022,2024-08-01,372978.68,4.705,800+,60-70%,40-50%,FL,Refinance-Rate-Term,Investment,Single-Family
LN004023,2024-04-01,171211.68,2.772,650-699,80-90%,30-40%,OH,Refinance-Cashout,Owner-Occupied,Single-Family
LN004024,2024-06-01,305675.01,2.535,750-799,<60%,40-50%,TX,Purchase,Owner-Occupied,Single-Family
LN004025,2022-03-01,121364.49,6.598,700-749,70-80%,30-40%,TX,Purchase,Owner-Occupied,Single-Family
LN004026,2024-04-01,334601.9,8.782,<600,70-80%,<30%,FL,Purchase,Owner-Occupied,Single-Family
LN004027,2022-03-01,325951.52,7.046,750-799,70-80%,40-50%,CA,Purchase,Owner-Occupied,Condo
LN004028,2024-10-01,328330.82,2.5,600-649,70-80%,30-40%,TX,Purchase,Owner-Occupied,Single-Family
LN004029,2023-04-01,416761.81,4.74,750-799,90-95%,40-50%,IL,Refinance-Cashout,Second Home,Single-Family
LN004030,2023-10-01,377599.48,4.115,750-799,90-95%,<30%,FL,Purchase,Investment,Single-Family
LN004031,2024-08-01,179108.64,2.794,700-749,70-80%,40-50%,MI,Refinance-Cashout,Owner-Occupied,Single-Family
LN004032,2022-08-01,418271.93,5.697,600-649,70-80%,30-40%,PA,Refinance-Rate-Term,Owner-Occupied,Single-Family
LN004033,2022-08-01,279054.81,4.723,800+,70-80%,40-50%,TX,Purchase,Owner-Occupied,Single-Family
LN004034,2022-06-01,102985.15,3.254,650-699,90-95%,30-40%,GA,Purchase,Owner-Occupied,Single-Family
LN004035,2023-02-01,289124.44,2.5,700-749,70-80%,30-40%,NY,Purchase,Owner-Occupied,Condo
LN004036,2024-08-01,364712.91,4.087,750-799,<60%,30-40%,FL,Purchase,Owner-Occupied,Single-Family
LN004037,2024-11-01,198614.81,5.012,800+,90-95%,40-50%,IL,Purchase,Owner-Occupied,Single-Family
LN004038,2022-10-01,433285.82,4.822,700-749,70-80%,30-40%,GA,Refinance-Cashout,Owner-Occupied,Single-Family
LN004039,2022-03-01,207668.34,6.594,650-699,70-80%,>50%,NC,Purchase,Investment,Single-Family
LN004040,2022-12-01,251890.8,5.507,750-799,70-80%,30-40%,CA,Purchase,Second Home,Single-Family
LN004041,2024-07-01,233526.25,4.483,650-699,<60%,40-50%,NY,Refinance-Cashout,Investment,Single-Family
LN004042,2024-05-01,129102.38,3.774,<600,>95%,40-50%,PA,Purchase,Owner-Occupied,Condo
LN004043,2022-05-01,200686.64,2.5,800+,80-90%,40-50%,PA,Purchase,Owner-Occupied,Single-Family
LN004044,2024-01-01,228814.07,3.363,700-749,60-70%,40-50%,NC,Purchase,Owner-Occupied,Condo
LN004045,2024-07-01,286989.45,7.037,600-649,70-80%,<30%,CA,Purchase,Owner-Occupied,Single-Family
LN004046,2023-09-01,50000.0,6.297,700-749,70-80%,30-40%,IL,Refinance-Cashout,Owner-Occupied,Single-Family
LN004047,2023-08-01,371655.3,5.433,600-649,60-70%,30-40%,MI,Refinance-Cashout,Owner-Occupied,Single-Family
LN004048,2023-10-01,370667.37,4.259,<600,70-80%,30-40%,CA,Purchase,Owner-Occupied,Single-Family
LN004049,2022-04-01,418146.12,6.862,600-649,70-80%,30-40%,PA,Purchase,Owner-Occupied,Single-Family
LN004050,2023-01-01,150834.45,3.483,750-799,70-80%,30-40%,NC,Purchase,Second Home,Single-Family
LN004051,2023-08-01,270716.86,3.5,750-799,70-80%,30-40%,NY,Refinance-Rate-Term,Owner-Occupied,Single-Family
LN004052,2023-01-01,394143.56,4.86,700-749,60-70%,30-40%,MI,Refinance-Rate-Term,Owner-Occupied,Single-Family
LN004053,2023-05-01,402749.58,2.5,650-699,70-80%,40-50%,MI,Purchase,Owner-Occupied,Condo
LN004054,2024-12-01,447893.09,3.441,750-799,70-80%,<30%,NC,Purchase,Investment,Single-Family
LN004055,2024-09-01,310271.5,4.646,700-749,60-70%,30-40%,FL,Refinance-Cashout,Owner-Occupied,Single-Family
LN004056,2022-01-01,294402.61,4.308,700-749,70-80%,40-50%,OH,Purchase,Owner-Occupied,Single-Family
LN004057,2023-03-01,144205.08,3.518,750-799,70-80%,30-40%,IL,Refinance-Rate-Term,Investment,Single-Family
LN004058,2023-01-01,406487.62,8.053,700-749,80-90%,30-40%,MI,Refinance-Cashout,Owner-Occupied,Single-Family
LN004059,2023-05-01,253968.58,7.045,700-749,70-80%,30-40%,CA,Purchase,Investment,Condo
LN004060,2023-12-01,303394.1,7.572,800+,70-80%,40-50%,OH,Refinance-Rate-Term,Owner-Occupied,Single-Family
LN004061,2022-08-01,296717.06,4.851,700-749,70-80%,30-40%,GA,Purchase,Owner-Occupied,Single-Family
LN004062,2024-03-01,60534.77,4.267,700-749,80-90%,30-40%,PA,Refinance-Cashout,Owner-Occupied,Single-Family
LN004063,2023-11-01,218854.43,7.402,700-749,80-90%,30-40%,CA,Purchase,Owner-Occupied,Condo
LN004064,2022-08-01,345388.14,5.128,650-699,60-70%,<30%,NC,Purchase,Owner-Occupied,Single-Family
LN004065,2022-08-01,295141.42,3.409,750-799,>95%,40-50%,OH,Purchase,Owner-Occupied,Condo
LN004066,2024-02-01,346182.3,3.513,750-799,80-90%,40-50%,PA,Refinance-Rate-Term,Owner-Occupied,Single-Family
LN004067,2023-01-01,378384.69,4.513,650-699,70-80%,40-50%,NY,Purchase,Owner-Occupied,Single-Family
LN004068,2024-04-01,217675.94,4.967,<600,90-95%,30-40%,FL,Purchase,Owner-Occupied,Single-Family
LN004069,2024-01-01,248484.97,5.122,800+,70-80%,40-50%,NY,Purchase,Second Home,Single-Family
LN004070,2023-04-01,285881.29,4.725,700-749,<60%,30-40%,CA,Purchase,Owner-Occupied,Single-Family
LN004071,2022-02-01,377349.9,8.509,650-699,80-90%,<30%,NC,Refinance-Rate-Term,Owner-Occupied,Single-Family
LN004072,2023-06-01,276590.2,2.97,650-699,90-95%,30-40%,TX,Purchase,Owner-Occupied,Condo
LN004073,2023-05-01,121890.28,6.009,700-749,60-70%,40-50%,TX,Refinance-Rate-Term,Owner-Occupied,Single-Family
LN004074,2024-06-01,280181.71,4.284,600-649,70-80%,40-50%,FL,Refinance-Cashout,Second Home,Condo
LN004075,2023-01-01,373327.05,4.942,<600,80-90%,<30%,CA,Refinance-Cashout,Second Home,Single-Family
LN004076,2024-08-01,435701.94,6.411,750-799,90-95%,40-50%,MI,Refinance-Rate-Term,Second Home,Multi-Unit
LN004077,2024-05-01,328057.59,2.5,750-799,70-80%,40-50%,FL,Purchase,Owner-Occupied,Multi-Unit
LN004078,2024-06-01,151400.33,3.581,650-699,60-70%,30-40%,NY,Purchase,Owner-Occupied,Single-Family
LN004079,2023-06-01,259362.93,4.8,600-649,60-70%,40-50%,NC,Refinance-Cashout,Owner-Occupied,Multi-Unit
LN004080,2023-01-01,347505.71,7.214,700-749,70-80%,<30%,IL,Refinance-Cashout,Owner-Occupied,Condo
LN004081,2023-09-01,386621.48,7.206,650-699,90-95%,40-50%,PA,Purchase,Second Home,Single-Family
LN004082,2024-06-01,350707.16,6.916,700-749,70-80%,40-50%,CA,Refinance-Cashout,Investment,Multi-Unit
LN004083,2023-09-01,274839.25,2.5,650-699,90-95%,30-40%,FL,Refinance-Cashout,Owner-Occupied,Single-Family
LN004084,2023-05-01,385851.54,3.425,650-699,80-90%,40-50%,OH,Refinance-Cashout,Owner-Occupied,Single-Family
LN004085,2023-07-01,235943.49,3.487,700-749,70-80%,<30%,OH,Refinance-Rate-Term,Owner-Occupied,Single-Family
LN004086,2023-03-01,318464.91,4.917,800+,<60%,40-50%,MI,Refinance-Cashout,Owner-Occupied,Single-Family
LN004087,2022-09-01,374978.74,2.5,650-699,70-80%,<30%,CA,Refinance-Cashout,Owner-Occupied,Single-Family
LN004088,2022-10-01,357663.58,6.647,650-699,<60%,40-50%,NC,Purchase,Owner-Occupied,Multi-Unit
LN004089,2024-07-01,359909.5,2.5,650-699,70-80%,30-40%,CA,Refinance-Cashout,Investment,Multi-Unit
LN004090,2023-11-01,357391.5,6.549,700-749,<60%,40-50%,OH,Purchase,Owner-Occupied,Condo
LN004091,2024-06-01,195130.61,6.306,750-799,60-70%,30-40%,TX,Purchase,Owner-Occupied,Single-Family
LN004092,2024-09-01,301755.75,3.358,700-749,70-80%,40-50%,NC,Refinance-Rate-Term,Owner-Occupied,Multi-Unit
LN004093,2022-09-01,209075.45,6.893,750-799,70-80%,30-40%,NC,Refinance-Rate-Term,Owner-Occupied,Single-Family
LN004094,2022-01-01,271052.59,4.5,600-649,60-70%,30-40%,NC,Refinance-Cashout,Owner-Occupied,Multi-Unit
LN004095,2024-11-01,183116.01,4.111,750-799,80-90%,30-40%,NY,Purchase,Owner-Occupied,Single-Family
LN004096,2022-11-01,334496.67,4.368,650-699,70-80%,40-50%,PA,Purchase,Owner-Occupied,Condo
LN004097,2024-10-01,103484.83,4.496,<600,80-90%,30-40%,TX,Purchase,Second Home,Single-Family
LN004098,2023-04-01,361728.12,4.634,650-699,80-90%,30-40%,FL,Purchase,Owner-Occupied,Multi-Unit
LN004099,2022-09-01,301534.78,4.669,650-699,80-90%,40-50%,PA,Refinance-Rate-Term,Second Home,Condo
LN004100,2024-08-01,490215.96,3.665,700-749,90-95%,40-50%,CA,Purchase,Owner-Occupied,Condo
LN004101,2023-03-01,279539.98,4.013,700-749,60-70%,<30%,OH,Purchase,Owner-Occupied,Single-Family
LN004102,2022-12-01,279510.33,4.143,750-799,70-80%,30-40%,TX,Purchase,Owner-Occupied,Condo
LN004103,2024-09-01,368253.23,7.509,600-649,<60%,<30%,GA,Refinance-Rate-Term,Investment,Condo
LN004104,2023-02-01,285350.73,4.143,700-749,70-80%,40-50%,IL,Purchase,Owner-Occupied,Single-Family
LN004105,2022-08-01,327483.28,4.047,650-699,70-80%,40-50%,OH,Refinance-Rate-Term,Owner-Occupied,Single-Family
LN004106,2022-08-01,399440.0,7.274,700-749,70-80%,40-50%,GA,Purchase,Owner-Occupied,Single-Family
LN004107,2024-03-01,273248.52,4.517,<600,60-70%,40-50%,FL,Purchase,Owner-Occupied,Condo
LN004108,2022-12-01,419526.02,3.665,<600,70-80%,30-40%,PA,Refinance-Cashout,Second Home,Single-Family
LN004109,2022-01-01,132086.61,3.34,700-749,70-80%,30-40%,NC,Purchase,Second Home,Multi-Unit
LN004110,2022-11-01,460347.99,2.87,750-799,70-80%,30-40%,NY,Purchase,Owner-Occupied,Single-Family
LN004111,2024-07-01,121183.39,5.812,750-799,70-80%,<30%,MI,Refinance-Rate-Term,Investment,Single-Family
LN004112,2023-05-01,435218.73,2.5,<600,90-95%,>50%,OH,Refinance-Rate-Term,Owner-Occupied,Multi-Unit
LN004113,2024-09-01,113353.75,7.02,650-699,80-90%,30-40%,CA,Refinance-Rate-Term,Second Home,Single-Family
LN004114,2024-08-01,498058.41,4.863,650-699,60-70%,>50%,OH,Refinance-Rate-Term,Owner-Occupied,Single-Family
LN004115,2024-05-01,316087.62,4.344,700-749,90-95%,40-50%,NC,Purchase,Owner-Occupied,Condo
LN004116,2023-09-01,205511.58,4.657,700-749,<60%,40-50%,MI,Purchase,Owner-Occupied,Single-Family
LN004117,2023-09-01,486511.98,5.695,650-699,70-80%,30-40%,GA,Purchase,Owner-Occupied,Single-Family
LN004118,2023-11-01,191112.99,4.295,700-749,<60%,<30%,NY,Refinance-Cashout,Owner-Occupied,Single-Family
LN004119,2022-06-01,277264.61,4.712,700-749,90-95%,30-40%,FL,Refinance-Cashout,Owner-Occupied,Multi-Unit
LN004120,2023-10-01,560471.23,6.58,700-749,<60%,40-50%,OH,Purchase,Owner-Occupied,Single-Family
LN004121,2022-08-01,339553.82,5.52,600-649,60-70%,<30%,CA,Purchase,Owner-Occupied,Single-Family
LN004122,2024-11-01,97398.52,3.125,700-749,90-95%,<30%,GA,Purchase,Owner-Occupied,Single-Family
LN004123,2022-11-01,272670.78,3.938,650-699,70-80%,40-50%,CA,Refinance-Rate-Term,Second Home,Single-Family
LN004124,2023-12-01,263824.05,2.5,750-799,80-90%,40-50%,OH,Purchase,Investment,Single-Family
LN004125,2023-09-01,318851.69,5.923,750-799,<60%,40-50%,PA,Refinance-Rate-Term,Investment,Single-Family
LN004126,2022-02-01,295555.7,6.083,650-699,70-80%,<30%,MI,Refinance-Cashout,Owner-Occupied,Single-Family
LN004127,2023-07-01,354585.05,3.598,650-699,>95%,>50%,GA,Refinance-Cashout,Owner-Occupied,Condo
LN004128,2024-04-01,147194.57,8.457,650-699,70-80%,40-50%,PA,Purchase,Second Home,Single-Family
LN004129,2023-05-01,245209.7,8.657,700-749,80-90%,40-50%,IL,Refinance-Cashout,Owner-Occupied,Single-Family
LN004130,2022-06-01,331184.36,5.034,800+,>95%,30-40%,NC,Refinance-Rate-Term,Owner-Occupied,Single-Family
LN004131,2023-07-01,223785.82,3.804,650-699,80-90%,40-50%,NY,Purchase,Owner-Occupied,Single-Family
LN004132,2024-04-01,409594.36,5.411,750-799,70-80%,40-50%,OH,Purchase,Owner-Occupied,Single-Family
LN004133,2022-02-01,225786.32,3.768,700-749,70-80%,30-40%,PA,Refinance-Rate-Term,Second Home,Single-Family
LN004134,2022-04-01,314332.91,6.425,750-799,<60%,30-40%,MI,Refinance-Cashout,Owner-Occupied,Single-Family
LN004135,2023-10-01,289504.3,5.25,750-799,70-80%,40-50%,PA,Purchase,Owner-Occupied,Single-Family
LN004136,2024-02-01,198531.91,5.357,750-799,90-95%,>50%,IL,Purchase,Owner-Occupied,Single-Family
LN004137,2024-12-01,306049.1,7.639,700-749,70-80%,40-50%,TX,Purchase,Owner-Occupied,Condo
LN004138,2023-01-01,168806.78,4.071,750-799,90-95%,30-40%,NY,Refinance-Cashout,Owner-Occupied,Multi-Unit
LN004139,2024-08-01,255638.88,4.132,650-699,80-90%,30-40%,CA,Refinance-Cashout,Owner-Occupied,Single-Family
LN004140,2023-05-01,303027.42,6.288,800+,>95%,30-40%,NC,Purchase,Owner-Occupied,Single-Family
LN004141,2024-12-01,157266.18,4.367,700-749,90-95%,40-50%,NC,Purchase,Owner-Occupied,Single-Family
LN004142,2023-07-01,362350.16,7.406,700-749,80-90%,40-50%,GA,Refinance-Cashout,Owner-Occupied,Single-Family
LN004143,2024-11-01,326037.47,6.501,800+,90-95%,30-40%,NY,Refinance-Rate-Term,Investment,Single-Family
LN004144,2024-04-01,353200.08,4.443,750-799,80-90%,>50%,IL,Refinance-Cashout,Investment,Single-Family
LN004145,2022-01-01,300246.91,2.5,750-799,80-90%,40-50%,CA,Refinance-Cashout,Owner-Occupied,Single-Family
LN004146,2023-06-01,184931.64,2.822,650-699,80-90%,30-40%,NY,Purchase,Owner-Occupied,Single-Family
LN004147,2024-09-01,299992.71,4.277,800+,80-90%,30-40%,NY,Refinance-Rate-Term,Owner-Occupied,Single-Family
LN004148,2022-12-01,362309.71,5.607,750-799,70-80%,<30%,IL,Purchase,Owner-Occupied,Single-Family
LN004149,2022-08-01,180969.12,6.653,700-749,70-80%,30-40%,TX,Refinance-Cashout,Owner-Occupied,Multi-Unit
LN004150,2023-12-01,188917.4,4.674,800+,70-80%,<30%,TX,Refinance-Rate-Term,Owner-Occupied,Condo
LN004151,2023-04-01,275391.56,3.667,650-699,60-70%,40-50%,TX,Refinance-Cashout,Owner-Occupied,Single-Family
LN004152,2022-04-01,262867.05,4.789,600-649,70-80%,40-50%,GA,Refinance-Cashout,Owner-Occupied,Single-Family
LN004153,2024-03-01,298383.62,5.031,700-749,90-95%,30-40%,TX,Purchase,Investment,Single-Family
LN004154,2022-09-01,270830.21,6.957,600-649,80-90%,<30%,PA,Purchase,Owner-Occupied,Single-Family
LN004155,2023-04-01,315999.95,6.874,750-799,<60%,40-50%,TX,Purchase,Owner-Occupied,Single-Family
LN004156,2022-12-01,422181.8,3.497,650-699,80-90%,30-40%,GA,Refinance-Cashout,Owner-Occupied,Single-Family
LN004157,2024-07-01,353838.84,5.681,600-649,90-95%,>50%,CA,Refinance-Cashout,Owner-Occupied,Single-Family
LN004158,2023-12-01,305615.17,3.719,700-749,80-90%,30-40%,TX,Refinance-Cashout,Owner-Occupied,Single-Family
LN004159,2023-02-01,189328.85,3.762,700-749,80-90%,<30%,IL,Refinance-Rate-Term,Investment,Single-Family
LN004160,2024-01-01,227801.34,6.558,650-699,60-70%,40-50%,PA,Purchase,Owner-Occupied,Single-Family
LN004161,2024-10-01,384173.42,4.701,<600,70-80%,40-50%,NC,Purchase,Owner-Occupied,Single-Family
LN004162,2022-03-01,253151.46,5.96,700-749,70-80%,<30%,PA,Purchase,Investment,Single-Family
LN004163,2023-12-01,203224.79,5.802,750-799,<60%,30-40%,GA,Refinance-Rate-Term,Owner-Occupied,Single-Family
LN004164,2022-09-01,509803.31,4.881,750-799,60-70%,40-50%,OH,Refinance-Cashout,Owner-Occupied,Single-Family
LN004165,2024-02-01,452445.94,5.499,600-649,90-95%,<30%,CA,Purchase,Owner-Occupied,Single-Family
LN004166,2023-08-01,287554.66,5.306,700-749,80-90%,<30%,TX,Refinance-Cashout,Owner-Occupied,Single-Family
LN004167,2022-10-01,191733.55,3.274,650-699,70-80%,40-50%,NY,Purchase,Owner-Occupied,Multi-Unit
LN004168,2023-07-01,372335.88,5.731,700-749,70-80%,40-50%,CA,Purchase,Owner-Occupied,Single-Family
LN004169,2022-03-01,250993.2,3.941,800+,70-80%,40-50%,GA,Purchase,Owner-Occupied,Single-Family
LN004170,2023-12-01,388853.28,3.396,700-749,<60%,30-40%,NY,Purchase,Owner-Occupied,Single-Family
LN004171,2022-05-01,251094.66,6.282,700-749,80-90%,30-40%,OH,Refinance-Cashout,Investment,Single-Family
LN004172,2022-03-01,464539.56,4.113,650-699,60-70%,30-40%,OH,Purchase,Owner-Occupied,Single-Family
LN004173,2024-03-01,248125.84,6.666,800+,80-90%,40-50%,GA,Purchase,Owner-Occupied,Single-Family
LN004174,2023-04-01,536473.35,6.648,700-749,80-90%,40-50%,NC,Refinance-Cashout,Owner-Occupied,Multi-Unit
LN004175,2023-03-01,319505.78,4.285,700-749,70-80%,30-40%,NC,Refinance-Cashout,Owner-Occupied,Multi-Unit
LN004176,2024-11-01,438430.56,6.603,700-749,80-90%,30-40%,OH,Refinance-Rate-Term,Owner-Occupied,Single-Family
LN004177,2022-12-01,245989.96,4.416,650-699,60-70%,40-50%,NC,Purchase,Owner-Occupied,Single-Family
LN004178,2024-02-01,168864.97,4.897,750-799,70-80%,30-40%,IL,Purchase,Second Home,Single-Family
LN004179,2024-10-01,69377.72,5.741,<600,80-90%,<30%,MI,Purchase,Owner-Occupied,Multi-Unit
LN004180,2023-11-01,427660.38,8.059,750-799,80-90%,<30%,NY,Purchase,Owner-Occupied,Single-Family
LN004181,2024-07-01,306801.39,6.411,700-749,60-70%,40-50%,FL,Refinance-Cashout,Second Home,Single-Family
LN004182,2023-08-01,175242.45,4.913,600-649,70-80%,>50%,PA,Purchase,Owner-Occupied,Single-Family
LN004183,2022-12-01,431820.31,5.155,650-699,70-80%,30-40%,MI,Purchase,Second Home,Single-Family
LN004184,2023-11-01,415599.4,2.625,750-799,70-80%,30-40%,NC,Refinance-Rate-Term,Owner-Occupied,Single-Family
LN004185,2022-04-01,438238.58,6.507,650-699,80-90%,<30%,NY,Refinance-Cashout,Investment,Single-Family
LN004186,2023-11-01,166021.4,6.346,650-699,70-80%,30-40%,TX,Purchase,Owner-Occupied,Single-Family
LN004187,2022-01-01,424641.13,5.425,600-649,80-90%,30-40%,FL,Purchase,Investment,Single-Family
LN004188,2024-01-01,338404.2,6.077,750-799,<60%,30-40%,FL,Purchase,Owner-Occupied,Condo
LN004189,2022-02-01,442762.3,2.5,750-799,90-95%,40-50%,TX,Purchase,Owner-Occupied,Single-Family
LN004190,2024-06-01,354273.12,3.377,750-799,70-80%,30-40%,NC,Purchase,Owner-Occupied,Single-Family
LN004191,2022-03-01,317301.56,7.702,700-749,<60%,40-50%,NY,Purchase,Investment,Single-Family
LN004192,2023-09-01,425998.52,4.613,700-749,70-80%,40-50%,FL,Purchase,Owner-Occupied,Condo
LN004193,2024-01-01,385189.94,6.136,650-699,70-80%,<30%,MI,Purchase,Owner-Occupied,Single-Family
LN004194,2023-08-01,408176.56,3.88,650-699,60-70%,<30%,PA,Purchase,Owner-Occupied,Single-Family
LN004195,2023-10-01,251195.26,4.337,750-799,80-90%,40-50%,GA,Refinance-Cashout,Owner-Occupied,Single-Family
LN004196,2023-09-01,282759.06,7.782,750-799,90-95%,40-50%,GA,Purchase,Owner-Occupied,Condo
LN004197,2024-09-01,126618.64,4.764,750-799,70-80%,30-40%,MI,Refinance-Cashout,Owner-Occupied,Single-Family
LN004198,2023-03-01,243987.59,5.785,700-749,70-80%,<30%,PA,Purchase,Owner-Occupied,Single-Family
LN004199,2023-03-01,379039.35,5.196,750-799,60-70%,40-50%,IL,Refinance-Cashout,Second Home,Single-Family
LN004200,2024-01-01,356418.78,5.37,800+,90-95%,30-40%,OH,Purchase,Owner-Occupied,Single-Family
LN004201,2023-09-01,202046.79,5.318,650-699,70-80%,<30%,FL,Purchase,Owner-Occupied,Multi-Unit
LN004202,2023-12-01,428234.54,2.5,650-699,60-70%,>50%,MI,Refinance-Rate-Term,Owner-Occupied,Single-Family
LN004203,2022-05-01,597307.53,5.716,700-749,70-80%,40-50%,TX,Refinance-Rate-Term,Owner-Occupied,Single-Family
LN004204,2022-06-01,209727.55,4.194,650-699,<60%,40-50%,GA,Refinance-Cashout,Second Home,Condo
LN004205,2023-11-01,279411.82,7.669,750-799,70-80%,<30%,NC,Refinance-Rate-Term,Owner-Occupied,Single-Family
LN004206,2022-04-01,237840.46,3.841,650-699,<60%,30-40%,PA,Purchase,Owner-Occupied,Single-Family
LN004207,2024-03-01,290511.42,4.293,700-749,60-70%,40-50%,NY,Purchase,Owner-Occupied,Single-Family
LN004208,2023-06-01,327390.6,8.669,700-749,60-70%,40-50%,PA,Purchase,Owner-Occupied,Single-Family
LN004209,2023-09-01,230266.71,6.085,700-749,90-95%,30-40%,OH,Purchase,Owner-Occupied,Single-Family
LN004210,2024-04-01,272308.02,3.525,650-699,90-95%,>50%,GA,Refinance-Rate-Term,Owner-Occupied,Single-Family
LN004211,2024-11-01,308724.32,5.265,800+,70-80%,30-40%,FL,Purchase,Owner-Occupied,Single-Family
LN004212,2023-10-01,347160.2,3.169,650-699,70-80%,<30%,PA,Refinance-Cashout,Second Home,Single-Family
LN004213,2023-11-01,446649.29,5.386,750-799,80-90%,30-40%,MI,Purchase,Owner-Occupied,Single-Family
LN004214,2022-03-01,298552.11,3.793,750-799,70-80%,40-50%,PA,Purchase,Owner-Occupied,Single-Family
LN004215,2022-10-01,243816.44,7.797,600-649,70-80%,40-50%,MI,Purchase,Second Home,Single-Family
LN004216,2024-01-01,369633.91,5.631,800+,80-90%,40-50%,OH,Purchase,Investment,Single-Family
LN004217,2022-08-01,340017.29,5.791,700-749,70-80%,<30%,NY,Refinance-Cashout,Owner-Occupied,Single-Family
LN004218,2022-11-01,280717.24,6.425,700-749,70-80%,40-50%,PA,Refinance-Cashout,Owner-Occupied,Single-Family
LN004219,2022-05-01,348501.67,6.592,700-749,70-80%,30-40%,TX,Purchase,Investment,Single-Family
LN004220,2024-05-01,261685.14,3.966,700-749,70-80%,30-40%,GA,Refinance-Cashout,Owner-Occupied,Condo
LN004221,2022-05-01,246961.6,5.142,600-649,80-90%,40-50%,FL,Refinance-Rate-Term,Owner-Occupied,Single-Family
LN004222,2022-09-01,110068.28,4.332,750-799,80-90%,30-40%,NC,Refinance-Cashout,Owner-Occupied,Single-Family
LN004223,2022-02-01,267207.69,8.141,700-749,>95%,30-40%,GA,Purchase,Owner-Occupied,Condo
LN004224,2022-01-01,123747.7,2.5,600-649,80-90%,30-40%,PA,Purchase,Owner-Occupied,Condo
LN004225,2024-06-01,236059.62,4.137,750-799,60-70%,30-40%,MI,Purchase,Investment,Single-Family
LN004226,2022-11-01,357948.07,4.88,750-799,80-90%,30-40%,TX,Purchase,Owner-Occupied,Single-Family
LN004227,2024-04-01,149483.03,5.205,700-749,80-90%,30-40%,GA,Purchase,Owner-Occupied,Condo
LN004228,2022-12-01,281015.51,5.175,600-649,70-80%,30-40%,PA,Purchase,Owner-Occupied,Single-Family
LN004229,2024-02-01,306547.37,4.931,700-749,70-80%,30-40%,CA,Refinance-Rate-Term,Owner-Occupied,Condo
LN004230,2023-01-01,276140.58,4.756,600-649,<60%,40-50%,PA,Purchase,Owner-Occupied,Multi-Unit
LN004231,2022-08-01,251866.52,5.362,700-749,>95%,<30%,IL,Refinance-Rate-Term,Investment,Single-Family
LN004232,2024-04-01,332538.88,5.692,800+,90-95%,40-50%,PA,Refinance-Rate-Term,Owner-Occupied,Condo
LN004233,2024-06-01,346409.92,7.686,<600,70-80%,40-50%,CA,Refinance-Cashout,Owner-Occupied,Single-Family
LN004234,2022-09-01,300152.61,7.673,650-699,60-70%,40-50%,NY,Purchase,Owner-Occupied,Condo
LN004235,2024-07-01,257423.91,5.451,750-799,80-90%,40-50%,OH,Purchase,Owner-Occupied,Single-Family
LN004236,2023-09-01,386473.59,4.257,<600,70-80%,<30%,IL,Purchase,Owner-Occupied,Single-Family
LN004237,2024-10-01,168925.99,4.362,<600,70-80%,<30%,PA,Purchase,Owner-Occupied,Single-Family
LN004238,2024-07-01,368737.86,3.029,700-749,80-90%,40-50%,TX,Refinance-Rate-Term,Owner-Occupied,Single-Family
LN004239,2024-01-01,341969.44,6.43,750-799,80-90%,40-50%,GA,Purchase,Owner-Occupied,Multi-Unit
LN004240,2022-12-01,319902.68,4.933,750-799,<60%,30-40%,MI,Purchase,Second Home,Single-Family
LN004241,2022-01-01,299010.45,5.656,750-799,80-90%,30-40%,NY,Purchase,Owner-Occupied,Single-Family
LN004242,2023-10-01,111003.12,5.501,700-749,80-90%,40-50%,PA,Purchase,Owner-Occupied,Single-Family
LN004243,2022-01-01,438735.24,3.954,750-799,70-80%,40-50%,FL,Refinance-Cashout,Owner-Occupied,Condo
LN004244,2022-01-01,383867.1,3.768,<600,70-80%,40-50%,NC,Refinance-Cashout,Owner-Occupied,Single-Family
LN004245,2023-09-01,203860.98,4.321,650-699,60-70%,<30%,GA,Purchase,Investment,Condo
LN004246,2023-03-01,375880.97,5.729,650-699,60-70%,<30%,PA,Purchase,Owner-Occupied,Single-Family
LN004247,2023-05-01,318883.97,4.879,650-699,<60%,30-40%,NC,Refinance-Cashout,Owner-Occupied,Single-Family
LN004248,2023-10-01,241699.8,2.5,650-699,60-70%,<30%,MI,Refinance-Cashout,Owner-Occupied,Condo
LN004249,2024-11-01,419179.37,3.464,700-749,70-80%,>50%,NC,Refinance-Cashout,Investment,Single-Family
LN004250,2023-04-01,256916.07,4.599,700-749,60-70%,<30%,TX,Purchase,Owner-Occupied,Single-Family
LN004251,2022-08-01,435612.66,4.954,650-699,70-80%,<30%,NC,Purchase,Owner-Occupied,Multi-Unit
LN004252,2023-05-01,353428.04,5.773,750-799,70-80%,<30%,GA,Purchase,Owner-Occupied,Single-Family
LN004253,2023-05-01,395655.87,5.059,750-799,70-80%,40-50%,TX,Refinance-Cashout,Investment,Single-Family
LN004254,2024-02-01,357908.54,4.456,650-699,80-90%,30-40%,NC,Refinance-Cashout,Owner-Occupied,Condo
LN004255,2023-01-01,353273.08,4.404,650-699,70-80%,40-50%,IL,Purchase,Owner-Occupied,Single-Family
LN004256,2023-05-01,321523.04,5.302,650-699,<60%,40-50%,NC,Purchase,Owner-Occupied,Condo
LN004257,2023-05-01,227318.11,5.627,600-649,60-70%,30-40%,FL,Refinance-Rate-Term,Owner-Occupied,Single-Family
LN004258,2023-02-01,306252.57,4.505,750-799,80-90%,<30%,NY,Refinance-Cashout,Owner-Occupied,Single-Family
LN004259,2022-06-01,391639.08,3.383,<600,70-80%,40-50%,CA,Refinance-Rate-Term,Owner-Occupied,Single-Family
LN004260,2024-11-01,371925.97,4.852,650-699,90-95%,40-50%,IL,Refinance-Rate-Term,Owner-Occupied,Multi-Unit
LN004261,2023-02-01,350125.35,4.025,600-649,80-90%,<30%,OH,Purchase,Second Home,Condo
LN004262,2022-08-01,90424.67,5.431,750-799,70-80%,30-40%,OH,Purchase,Owner-Occupied,Single-Family
LN004263,2023-03-01,278677.59,7.221,<600,70-80%,40-50%,PA,Refinance-Rate-Term,Owner-Occupied,Single-Family
LN004264,2024-03-01,268171.08,2.973,750-799,80-90%,30-40%,PA,Refinance-Cashout,Owner-Occupied,Single-Family
LN004265,2023-01-01,189674.24,6.726,<600,60-70%,30-40%,GA,Purchase,Owner-Occupied,Single-Family
LN004266,2024-07-01,390375.76,5.704,750-799,60-70%,40-50%,MI,Purchase,Owner-Occupied,Multi-Unit
LN004267,2024-11-01,97469.13,6.654,800+,70-80%,<30%,NC,Refinance-Rate-Term,Owner-Occupied,Single-Family
LN004268,2022-06-01,383663.57,4.346,700-749,90-95%,40-50%,NY,Purchase,Owner-Occupied,Multi-Unit
LN004269,2022-05-01,432923.82,2.831,750-799,70-80%,30-40%,NY,Purchase,Owner-Occupied,Single-Family
LN004270,2023-10-01,279015.83,5.27,750-799,70-80%,<30%,GA,Refinance-Rate-Term,Owner-Occupied,Single-Family
LN004271,2023-11-01,292566.11,7.1,750-799,60-70%,40-50%,IL,Refinance-Rate-Term,Owner-Occupied,Single-Family
LN004272,2024-01-01,396755.92,3.409,750-799,70-80%,<30%,MI,Refinance-Cashout,Owner-Occupied,Single-Family
LN004273,2024-10-01,223634.53,3.635,650-699,80-90%,40-50%,NC,Purchase,Owner-Occupied,Single-Family
LN004274,2024-02-01,366077.65,5.881,700-749,70-80%,30-40%,PA,Purchase,Investment,Condo
LN004275,2022-05-01,208218.57,4.232,800+,80-90%,<30%,NC,Purchase,Investment,Single-Family
LN004276,2024-02-01,178255.81,7.499,650-699,70-80%,<30%,NY,Refinance-Cashout,Investment,Single-Family
LN004277,2023-08-01,329599.07,5.978,800+,80-90%,40-50%,CA,Refinance-Cashout,Second Home,Single-Family
LN004278,2022-06-01,297331.3,3.921,700-749,70-80%,30-40%,NY,Purchase,Investment,Condo
LN004279,2022-06-01,127899.57,4.153,700-749,80-90%,30-40%,NC,Purchase,Owner-Occupied,Multi-Unit
LN004280,2023-06-01,441531.1,4.212,750-799,80-90%,30-40%,OH,Purchase,Investment,Single-Family
LN004281,2022-04-01,258528.3,4.936,750-799,80-90%,40-50%,PA,Purchase,Owner-Occupied,Multi-Unit
LN004282,2023-05-01,351067.99,5.457,700-749,60-70%,<30%,TX,Purchase,Second Home,Single-Family
LN004283,2023-02-01,460518.33,5.347,<600,80-90%,40-50%,NY,Refinance-Rate-Term,Owner-Occupied,Single-Family
LN004284,2023-02-01,324760.44,3.313,750-799,70-80%,>50%,CA,Refinance-Rate-Term,Owner-Occupied,Multi-Unit
LN004285,2023-01-01,427329.21,6.353,800+,>95%,30-40%,FL,Refinance-Rate-Term,Investment,Single-Family
LN004286,2022-07-01,213694.6,4.565,700-749,70-80%,30-40%,TX,Refinance-Cashout,Owner-Occupied,Single-Family
LN004287,2023-03-01,442098.54,3.609,650-699,80-90%,40-50%,NY,Purchase,Owner-Occupied,Condo
LN004288,2023-07-01,217413.55,4.305,650-699,70-80%,30-40%,NY,Refinance-Cashout,Owner-Occupied,Single-Family
LN004289,2024-11-01,242885.85,6.521,800+,70-80%,40-50%,NC,Purchase,Owner-Occupied,Single-Family
LN004290,2023-05-01,154533.46,5.285,<600,60-70%,<30%,OH,Purchase,Owner-Occupied,Single-Family
LN004291,2024-11-01,326842.46,5.416,700-749,60-70%,30-40%,FL,Purchase,Owner-Occupied,Single-Family
LN004292,2023-07-01,363092.75,3.245,650-699,60-70%,>50%,OH,Purchase,Owner-Occupied,Condo
LN004293,2023-08-01,376680.84,5.198,650-699,60-70%,30-40%,GA,Purchase,Investment,Multi-Unit
LN004294,2024-12-01,156841.37,6.496,650-699,<60%,30-40%,OH,Purchase,Owner-Occupied,Single-Family
LN004295,2024-11-01,337497.62,2.5,650-699,80-90%,40-50%,GA,Purchase,Owner-Occupied,Multi-Unit
LN004296,2024-08-01,341198.24,4.417,750-799,70-80%,>50%,NC,Refinance-Cashout,Second Home,Single-Family
LN004297,2023-12-01,361477.17,5.935,650-699,80-90%,<30%,CA,Purchase,Owner-Occupied,Single-Family
LN004298,2023-05-01,222727.12,5.237,650-699,70-80%,>50%,MI,Purchase,Owner-Occupied,Single-Family
LN004299,2022-07-01,50000.0,3.472,700-749,80-90%,40-50%,PA,Refinance-Cashout,Second Home,Single-Family
LN004300,2022-01-01,370647.89,5.597,800+,70-80%,>50%,NY,Refinance-Rate-Term,Second Home,Multi-Unit
LN004301,2024-11-01,285417.04,3.249,750-799,<60%,40-50%,CA,Purchase,Owner-Occupied,Condo
LN004302,2024-08-01,328024.11,3.699,600-649,70-80%,40-50%,TX,Purchase,Owner-Occupied,Condo
LN004303,2024-12-01,290539.3,3.856,<600,80-90%,40-50%,MI,Refinance-Rate-Term,Owner-Occupied,Single-Family
LN004304,2023-01-01,323450.22,7.315,700-749,70-80%,<30%,NY,Purchase,Investment,Condo
LN004305,2022-06-01,373711.93,2.5,750-799,80-90%,>50%,CA,Purchase,Second Home,Single-Family
LN004306,2023-02-01,114297.83,2.606,650-699,80-90%,<30%,PA,Purchase,Owner-Occupied,Single-Family
LN004307,2023-03-01,414102.03,5.425,650-699,70-80%,<30%,CA,Refinance-Rate-Term,Owner-Occupied,Multi-Unit
LN004308,2022-04-01,281785.75,5.157,750-799,80-90%,40-50%,NC,Purchase,Owner-Occupied,Single-Family
LN004309,2023-04-01,462707.43,4.295,700-749,80-90%,<30%,MI,Purchase,Second Home,Single-Family
LN004310,2024-04-01,254054.46,5.021,700-749,60-70%,40-50%,FL,Purchase,Owner-Occupied,Single-Family
LN004311,2023-04-01,231840.22,3.403,600-649,70-80%,40-50%,CA,Refinance-Rate-Term,Owner-Occupied,Multi-Unit
LN004312,2022-04-01,285166.06,5.138,650-699,80-90%,30-40%,PA,Refinance-Rate-Term,Owner-Occupied,Single-Family
LN004313,2024-02-01,349998.7,5.314,650-699,70-80%,<30%,PA,Refinance-Rate-Term,Owner-Occupied,Single-Family
LN004314,2024-04-01,272564.74,6.822,650-699,90-95%,30-40%,OH,Purchase,Owner-Occupied,Single-Family
LN004315,2024-08-01,357251.33,7.861,800+,60-70%,40-50%,OH,Refinance-Cashout,Owner-Occupied,Single-Family
LN004316,2022-02-01,261287.41,4.599,<600,80-90%,40-50%,MI,Purchase,Owner-Occupied,Single-Family
LN004317,2024-07-01,303489.22,3.09,700-749,80-90%,<30%,NY,Purchase,Second Home,Single-Family
LN004318,2022-03-01,523655.29,5.577,700-749,80-90%,>50%,IL,Refinance-Cashout,Owner-Occupied,Single-Family
LN004319,2022-08-01,335726.69,4.799,650-699,70-80%,30-40%,FL,Refinance-Cashout,Owner-Occupied,Single-Family
LN004320,2023-12-01,343749.62,4.733,750-799,70-80%,30-40%,PA,Refinance-Rate-Term,Owner-Occupied,Single-Family
LN004321,2023-03-01,152743.0,2.583,750-799,70-80%,<30%,OH,Refinance-Cashout,Owner-Occupied,Single-Family
LN004322,2024-07-01,435428.75,5.148,800+,70-80%,30-40%,NC,Purchase,Owner-Occupied,Condo
LN004323,2022-09-01,406646.51,5.634,650-699,90-95%,40-50%,NC,Purchase,Owner-Occupied,Single-Family
LN004324,2022-02-01,228555.09,6.49,600-649,60-70%,30-40%,IL,Purchase,Investment,Single-Family
LN004325,2022-08-01,404672.59,4.242,600-649,70-80%,40-50%,NY,Purchase,Second Home,Multi-Unit
LN004326,2022-07-01,332980.12,3.762,650-699,60-70%,40-50%,OH,Refinance-Rate-Term,Owner-Occupied,Single-Family
LN004327,2023-04-01,304641.59,4.23,700-749,70-80%,30-40%,FL,Purchase,Owner-Occupied,Single-Family
LN004328,2024-11-01,429095.56,6.401,750-799,80-90%,30-40%,NY,Refinance-Cashout,Second Home,Single-Family
LN004329,2024-06-01,248770.14,7.079,650-699,60-70%,<30%,NC,Purchase,Owner-Occupied,Single-Family
LN004330,2022-10-01,227764.49,6.681,800+,80-90%,30-40%,IL,Purchase,Owner-Occupied,Single-Family
LN004331,2023-06-01,320756.33,5.972,700-749,60-70%,30-40%,MI,Purchase,Owner-Occupied,Condo
LN004332,2022-05-01,352822.88,4.952,700-749,70-80%,<30%,OH,Refinance-Cashout,Owner-Occupied,Single-Family
LN004333,2024-05-01,396631.59,5.186,650-699,70-80%,30-40%,TX,Refinance-Cashout,Owner-Occupied,Single-Family
LN004334,2024-10-01,284904.7,5.404,650-699,70-80%,40-50%,NC,Refinance-Rate-Term,Investment,Condo
LN004335,2023-11-01,215022.89,4.622,750-799,60-70%,30-40%,IL,Refinance-Cashout,Owner-Occupied,Single-Family
LN004336,2022-05-01,552856.77,6.334,600-649,80-90%,>50%,IL,Refinance-Cashout,Owner-Occupied,Single-Family
LN004337,2024-06-01,191340.54,2.521,750-799,70-80%,30-40%,NY,Refinance-Cashout,Owner-Occupied,Single-Family
LN004338,2022-06-01,305511.81,2.798,700-749,<60%,>50%,GA,Purchase,Owner-Occupied,Single-Family
LN004339,2022-04-01,377970.55,2.518,750-799,80-90%,30-40%,NY,Purchase,Investment,Single-Family
LN004340,2024-05-01,415112.26,3.797,750-799,60-70%,40-50%,TX,Purchase,Owner-Occupied,Single-Family
LN004341,2023-11-01,243283.98,7.019,650-699,80-90%,30-40%,IL,Refinance-Cashout,Owner-Occupied,Multi-Unit
LN004342,2022-06-01,112508.23,3.217,700-749,70-80%,<30%,FL,Refinance-Cashout,Owner-Occupied,Single-Family
LN004343,2024-08-01,240973.48,3.272,<600,60-70%,40-50%,NY,Refinance-Rate-Term,Investment,Condo
LN004344,2023-06-01,386132.25,3.762,700-749,<60%,40-50%,FL,Purchase,Owner-Occupied,Single-Family
LN004345,2023-03-01,363749.65,6.661,600-649,70-80%,40-50%,OH,Purchase,Second Home,Single-Family
LN004346,2024-08-01,367012.24,7.153,700-749,<60%,30-40%,PA,Purchase,Owner-Occupied,Single-Family
LN004347,2022-09-01,371166.41,6.523,600-649,<60%,40-50%,TX,Purchase,Owner-Occupied,Single-Family
LN004348,2022-10-01,434008.42,6.616,800+,80-90%,30-40%,GA,Purchase,Owner-Occupied,Single-Family
LN004349,2023-08-01,222411.16,7.478,700-749,70-80%,<30%,IL,Purchase,Owner-Occupied,Multi-Unit
LN004350,2022-06-01,180210.2,2.5,800+,70-80%,40-50%,PA,Refinance-Cashout,Owner-Occupied,Multi-Unit
LN004351,2022-03-01,337048.02,3.163,<600,70-80%,30-40%,GA,Purchase,Owner-Occupied,Single-Family
LN004352,2022-11-01,195147.53,3.949,700-749,70-80%,>50%,OH,Refinance-Cashout,Owner-Occupied,Single-Family
LN004353,2023-05-01,173908.47,5.156,650-699,70-80%,30-40%,FL,Refinance-Rate-Term,Owner-Occupied,Single-Family
LN004354,2024-08-01,422395.99,5.151,700-749,70-80%,>50%,TX,Purchase,Owner-Occupied,Condo
LN004355,2022-04-01,325035.98,5.174,750-799,90-95%,40-50%,FL,Purchase,Owner-Occupied,Single-Family
LN004356,2022-04-01,302849.31,6.251,800+,70-80%,30-40%,GA,Refinance-Cashout,Investment,Single-Family
LN004357,2023-05-01,304927.4,2.5,650-699,70-80%,30-40%,NY,Refinance-Rate-Term,Owner-Occupied,Single-Family
LN004358,2023-07-01,289386.1,4.79,800+,<60%,40-50%,GA,Purchase,Owner-Occupied,Single-Family
LN004359,2022-05-01,421724.06,5.398,750-799,60-70%,40-50%,NY,Purchase,Owner-Occupied,Single-Family
LN004360,2024-08-01,148538.41,4.512,800+,60-70%,30-40%,OH,Refinance-Rate-Term,Owner-Occupied,Multi-Unit
LN004361,2023-10-01,144397.64,5.284,700-749,70-80%,40-50%,PA,Purchase,Owner-Occupied,Single-Family
LN004362,2022-06-01,206361.85,6.533,800+,70-80%,30-40%,MI,Purchase,Owner-Occupied,Single-Family
LN004363,2024-11-01,328916.16,5.093,750-799,<60%,40-50%,CA,Refinance-Rate-Term,Second Home,Multi-Unit
LN004364,2023-10-01,480534.37,8.207,600-649,80-90%,>50%,GA,Refinance-Rate-Term,Investment,Single-Family
LN004365,2022-01-01,386908.4,6.426,650-699,70-80%,30-40%,PA,Purchase,Owner-Occupied,Condo
LN004366,2023-08-01,359244.27,5.399,650-699,>95%,40-50%,TX,Refinance-Cashout,Owner-Occupied,Single-Family
LN004367,2023-10-01,292013.31,5.756,700-749,70-80%,30-40%,IL,Refinance-Rate-Term,Owner-Occupied,Single-Family
LN004368,2022-11-01,166747.01,6.115,750-799,80-90%,30-40%,TX,Refinance-Cashout,Owner-Occupied,Single-Family
LN004369,2023-01-01,351498.98,7.528,750-799,90-95%,40-50%,MI,Purchase,Owner-Occupied,Single-Family
LN004370,2022-03-01,502596.71,6.761,750-799,90-95%,30-40%,OH,Purchase,Second Home,Single-Family
LN004371,2022-09-01,275994.23,5.771,700-749,70-80%,<30%,MI,Purchase,Owner-Occupied,Single-Family
LN004372,2022-12-01,243932.66,3.907,600-649,70-80%,40-50%,PA,Purchase,Owner-Occupied,Single-Family
LN004373,2023-11-01,276475.68,5.622,650-699,70-80%,30-40%,OH,Refinance-Cashout,Owner-Occupied,Condo
LN004374,2023-02-01,359975.11,5.868,750-799,70-80%,30-40%,PA,Refinance-Cashout,Investment,Single-Family
LN004375,2024-09-01,311173.02,6.167,600-649,60-70%,<30%,MI,Refinance-Rate-Term,Owner-Occupied,Single-Family
LN004376,2023-06-01,391001.41,3.899,650-699,70-80%,<30%,CA,Purchase,Owner-Occupied,Single-Family
LN004377,2022-09-01,296654.91,6.107,700-749,60-70%,30-40%,FL,Refinance-Rate-Term,Owner-Occupied,Condo
LN004378,2023-11-01,275898.84,6.201,600-649,70-80%,40-50%,MI,Purchase,Owner-Occupied,Single-Family
LN004379,2022-10-01,322900.6,3.185,650-699,<60%,30-40%,TX,Purchase,Owner-Occupied,Single-Family
LN004380,2023-07-01,246034.78,3.198,600-649,70-80%,30-40%,CA,Purchase,Owner-Occupied,Single-Family
LN004381,2022-05-01,474076.49,6.677,800+,60-70%,<30%,CA,Purchase,Owner-Occupied,Condo
LN004382,2023-11-01,382311.44,3.717,650-699,70-80%,<30%,NY,Purchase,Second Home,Multi-Unit
LN004383,2024-06-01,190030.14,7.307,750-799,80-90%,<30%,CA,Purchase,Owner-Occupied,Single-Family
LN004384,2024-01-01,225424.08,4.582,600-649,70-80%,40-50%,TX,Purchase,Owner-Occupied,Condo
LN004385,2024-04-01,356533.7,5.577,750-799,>95%,30-40%,CA,Refinance-Rate-Term,Owner-Occupied,Single-Family
LN004386,2024-10-01,318331.75,5.504,700-749,60-70%,>50%,PA,Purchase,Owner-Occupied,Single-Family
LN004387,2024-01-01,330251.17,3.928,750-799,90-95%,30-40%,NY,Refinance-Rate-Term,Owner-Occupied,Condo
LN004388,2022-10-01,280787.25,7.086,750-799,60-70%,30-40%,GA,Purchase,Owner-Occupied,Single-Family
LN004389,2023-02-01,345517.3,4.583,700-749,90-95%,30-40%,IL,Purchase,Owner-Occupied,Single-Family
LN004390,2024-06-01,283139.41,5.088,800+,60-70%,30-40%,MI,Refinance-Cashout,Owner-Occupied,Single-Family
LN004391,2024-01-01,356337.95,2.5,700-749,80-90%,40-50%,IL,Purchase,Owner-Occupied,Condo
LN004392,2023-02-01,377302.82,2.995,750-799,<60%,40-50%,GA,Purchase,Owner-Occupied,Single-Family
LN004393,2024-11-01,460674.03,6.691,700-749,70-80%,<30%,MI,Refinance-Cashout,Owner-Occupied,Single-Family
LN004394,2024-10-01,248530.08,4.992,800+,60-70%,40-50%,PA,Purchase,Owner-Occupied,Single-Family
LN004395,2022-10-01,298888.14,4.122,750-799,80-90%,40-50%,PA,Refinance-Cashout,Owner-Occupied,Single-Family
LN004396,2024-11-01,178101.86,4.146,650-699,70-80%,>50%,FL,Purchase,Second Home,Single-Family
LN004397,2022-11-01,482626.14,5.823,700-749,90-95%,30-40%,PA,Purchase,Owner-Occupied,Multi-Unit
LN004398,2022-11-01,102451.2,6.891,750-799,70-80%,<30%,MI,Refinance-Rate-Term,Owner-Occupied,Single-Family
LN004399,2023-09-01,468286.94,4.157,750-799,70-80%,30-40%,OH,Purchase,Owner-Occupied,Single-Family
LN004400,2023-09-01,309346.96,6.644,800+,60-70%,30-40%,TX,Purchase,Owner-Occupied,Multi-Unit
LN004401,2023-10-01,341842.79,4.76,650-699,80-90%,40-50%,FL,Purchase,Owner-Occupied,Single-Family
LN004402,2022-07-01,283433.09,5.751,700-749,60-70%,>50%,PA,Purchase,Owner-Occupied,Single-Family
LN004403,2023-05-01,303110.07,2.5,700-749,80-90%,<30%,MI,Refinance-Rate-Term,Owner-Occupied,Single-Family
LN004404,2022-02-01,358808.46,2.594,650-699,60-70%,40-50%,NC,Refinance-Cashout,Owner-Occupied,Multi-Unit
LN004405,2022-12-01,136335.25,6.23,700-749,70-80%,>50%,NC,Refinance-Cashout,Owner-Occupied,Single-Family
LN004406,2023-06-01,234787.38,5.412,700-749,70-80%,>50%,GA,Purchase,Investment,Single-Family
LN004407,2022-11-01,215494.27,5.606,650-699,70-80%,40-50%,GA,Refinance-Rate-Term,Owner-Occupied,Single-Family
LN004408,2023-04-01,344740.48,3.382,650-699,80-90%,40-50%,NC,Purchase,Owner-Occupied,Single-Family
LN004409,2023-06-01,300436.62,4.367,600-649,70-80%,<30%,NC,Refinance-Rate-Term,Investment,Single-Family
LN004410,2024-11-01,361809.58,2.5,750-799,<60%,>50%,MI,Refinance-Cashout,Owner-Occupied,Single-Family
LN004411,2024-02-01,316477.5,3.729,700-749,>95%,30-40%,NC,Purchase,Owner-Occupied,Single-Family
LN004412,2023-04-01,405858.88,4.966,650-699,70-80%,<30%,IL,Refinance-Cashout,Owner-Occupied,Single-Family
LN004413,2022-06-01,225972.57,5.492,700-749,80-90%,30-40%,PA,Refinance-Cashout,Owner-Occupied,Single-Family
LN004414,2022-12-01,305815.58,3.931,600-649,70-80%,40-50%,IL,Refinance-Rate-Term,Owner-Occupied,Single-Family
LN004415,2023-01-01,410936.34,5.828,800+,80-90%,30-40%,CA,Refinance-Rate-Term,Second Home,Single-Family
LN004416,2022-04-01,390932.6,4.943,650-699,60-70%,40-50%,NY,Refinance-Rate-Term,Owner-Occupied,Single-Family
LN004417,2022-02-01,152035.54,4.661,750-799,70-80%,30-40%,CA,Refinance-Cashout,Owner-Occupied,Single-Family
LN004418,2024-02-01,197888.92,5.125,700-749,70-80%,30-40%,CA,Refinance-Rate-Term,Owner-Occupied,Single-Family
LN004419,2024-03-01,291820.91,8.149,750-799,70-80%,30-40%,FL,Purchase,Owner-Occupied,Single-Family
LN004420,2024-03-01,276516.33,4.758,650-699,>95%,30-40%,OH,Refinance-Rate-Term,Second Home,Single-Family
LN004421,2023-03-01,293457.33,6.428,650-699,60-70%,<30%,CA,Purchase,Owner-Occupied,Single-Family
LN004422,2022-08-01,379619.03,5.819,750-799,80-90%,30-40%,OH,Refinance-Cashout,Investment,Single-Family
LN004423,2022-07-01,328938.3,4.628,650-699,70-80%,<30%,MI,Refinance-Cashout,Second Home,Single-Family
LN004424,2022-12-01,334769.09,2.675,750-799,70-80%,40-50%,MI,Purchase,Second Home,Single-Family
LN004425,2023-01-01,367061.36,4.059,650-699,70-80%,30-40%,CA,Refinance-Rate-Term,Owner-Occupied,Single-Family
LN004426,2023-05-01,407417.42,5.115,750-799,70-80%,40-50%,NC,Refinance-Cashout,Owner-Occupied,Single-Family
LN004427,2023-05-01,50000.0,4.843,800+,70-80%,30-40%,IL,Purchase,Owner-Occupied,Single-Family
LN004428,2024-12-01,261337.36,6.945,800+,70-80%,30-40%,PA,Purchase,Owner-Occupied,Single-Family
LN004429,2023-09-01,211703.22,3.9,700-749,80-90%,40-50%,NC,Purchase,Owner-Occupied,Single-Family
LN004430,2022-08-01,347531.61,4.78,700-749,<60%,40-50%,FL,Refinance-Rate-Term,Owner-Occupied,Single-Family
LN004431,2022-05-01,253789.6,5.805,800+,70-80%,<30%,FL,Purchase,Investment,Single-Family
LN004432,2024-02-01,307586.16,4.583,750-799,70-80%,30-40%,IL,Refinance-Rate-Term,Owner-Occupied,Single-Family
LN004433,2023-04-01,385214.31,6.461,<600,80-90%,>50%,OH,Purchase,Owner-Occupied,Condo
LN004434,2024-12-01,239701.41,3.369,700-749,60-70%,30-40%,FL,Purchase,Owner-Occupied,Condo
LN004435,2024-04-01,336281.57,2.72,650-699,90-95%,<30%,NY,Purchase,Owner-Occupied,Single-Family
LN004436,2024-05-01,455382.78,4.57,800+,60-70%,<30%,TX,Purchase,Owner-Occupied,Single-Family
LN004437,2022-12-01,383161.55,4.893,600-649,70-80%,40-50%,NC,Purchase,Owner-Occupied,Single-Family
LN004438,2024-06-01,141422.26,5.327,700-749,60-70%,40-50%,MI,Purchase,Owner-Occupied,Single-Family
LN004439,2023-11-01,270825.33,5.208,750-799,70-80%,30-40%,NC,Refinance-Rate-Term,Owner-Occupied,Multi-Unit
LN004440,2023-04-01,335581.63,4.387,800+,80-90%,<30%,TX,Purchase,Owner-Occupied,Single-Family
LN004441,2023-02-01,355278.39,2.738,750-799,70-80%,30-40%,IL,Refinance-Rate-Term,Owner-Occupied,Single-Family
LN004442,2022-10-01,274765.1,4.822,650-699,60-70%,30-40%,CA,Purchase,Owner-Occupied,Multi-Unit
LN004443,2022-07-01,236021.11,3.441,700-749,<60%,30-40%,GA,Purchase,Owner-Occupied,Single-Family
LN004444,2024-05-01,306776.29,5.106,800+,60-70%,30-40%,PA,Purchase,Owner-Occupied,Single-Family
LN004445,2022-03-01,191311.53,3.338,750-799,90-95%,<30%,MI,Refinance-Rate-Term,Owner-Occupied,Single-Family
LN004446,2023-03-01,409973.43,5.569,750-799,80-90%,40-50%,MI,Purchase,Owner-Occupied,Single-Family
LN004447,2024-12-01,486868.1,7.502,750-799,70-80%,40-50%,TX,Purchase,Second Home,Single-Family
LN004448,2023-07-01,339469.4,3.911,650-699,70-80%,40-50%,TX,Refinance-Cashout,Owner-Occupied,Multi-Unit
LN004449,2023-01-01,276756.14,3.102,750-799,90-95%,30-40%,MI,Refinance-Rate-Term,Owner-Occupied,Multi-Unit
LN004450,2023-09-01,394090.1,6.717,650-699,70-80%,>50%,IL,Purchase,Investment,Single-Family
LN004451,2024-03-01,377192.92,7.651,700-749,90-95%,>50%,OH,Refinance-Rate-Term,Owner-Occupied,Condo
LN004452,2024-05-01,272445.93,3.132,750-799,70-80%,30-40%,NC,Refinance-Cashout,Owner-Occupied,Single-Family
LN004453,2023-08-01,295215.64,4.863,<600,60-70%,30-40%,NC,Refinance-Cashout,Investment,Single-Family
LN004454,2024-01-01,239046.57,5.73,700-749,80-90%,40-50%,PA,Purchase,Owner-Occupied,Single-Family
LN004455,2022-06-01,316468.48,4.61,650-699,70-80%,40-50%,TX,Purchase,Investment,Single-Family
LN004456,2024-12-01,329890.91,2.5,650-699,80-90%,>50%,PA,Refinance-Rate-Term,Owner-Occupied,Single-Family
LN004457,2022-02-01,221986.73,2.941,750-799,60-70%,40-50%,CA,Purchase,Owner-Occupied,Single-Family
LN004458,2023-10-01,192532.37,3.098,750-799,70-80%,30-40%,TX,Refinance-Cashout,Owner-Occupied,Single-Family
LN004459,2024-08-01,167398.46,3.44,600-649,70-80%,30-40%,FL,Purchase,Owner-Occupied,Single-Family
LN004460,2023-04-01,341653.47,5.13,700-749,70-80%,30-40%,IL,Purchase,Owner-Occupied,Single-Family
LN004461,2023-06-01,298851.74,6.647,700-749,80-90%,40-50%,MI,Refinance-Cashout,Owner-Occupied,Single-Family
LN004462,2022-05-01,291642.59,2.964,600-649,70-80%,>50%,CA,Purchase,Owner-Occupied,Single-Family
LN004463,2024-12-01,346452.59,3.821,750-799,70-80%,<30%,MI,Purchase,Investment,Single-Family
LN004464,2024-06-01,209903.8,3.335,700-749,>95%,30-40%,IL,Refinance-Rate-Term,Owner-Occupied,Condo
LN004465,2023-07-01,192974.73,5.433,750-799,80-90%,30-40%,IL,Purchase,Second Home,Single-Family
LN004466,2023-11-01,324108.19,3.767,650-699,70-80%,30-40%,NY,Refinance-Rate-Term,Owner-Occupied,Single-Family
LN004467,2024-10-01,127132.1,3.484,650-699,70-80%,40-50%,FL,Purchase,Owner-Occupied,Single-Family
LN004468,2023-01-01,274101.55,2.604,600-649,70-80%,30-40%,OH,Purchase,Owner-Occupied,Single-Family
LN004469,2024-05-01,546644.64,7.04,600-649,80-90%,30-40%,OH,Purchase,Owner-Occupied,Single-Family
LN004470,2024-12-01,165146.25,8.284,750-799,70-80%,30-40%,CA,Refinance-Rate-Term,Owner-Occupied,Condo
LN004471,2023-10-01,257025.76,5.126,600-649,80-90%,30-40%,OH,Purchase,Owner-Occupied,Single-Family
LN004472,2024-12-01,87710.72,7.228,600-649,70-80%,30-40%,FL,Purchase,Owner-Occupied,Single-Family
LN004473,2022-09-01,276627.19,4.15,800+,60-70%,<30%,FL,Refinance-Cashout,Owner-Occupied,Condo
LN004474,2023-07-01,496653.64,4.999,700-749,60-70%,<30%,PA,Refinance-Cashout,Owner-Occupied,Single-Family
LN004475,2022-06-01,346691.74,5.977,600-649,70-80%,40-50%,PA,Refinance-Rate-Term,Owner-Occupied,Condo
LN004476,2023-03-01,238622.07,3.872,800+,70-80%,40-50%,NY,Purchase,Owner-Occupied,Condo
LN004477,2023-08-01,518141.06,4.761,600-649,70-80%,40-50%,IL,Purchase,Owner-Occupied,Single-Family
LN004478,2022-09-01,125764.74,4.576,750-799,70-80%,40-50%,FL,Refinance-Rate-Term,Investment,Multi-Unit
LN004479,2024-08-01,345394.32,5.657,<600,<60%,>50%,FL,Refinance-Cashout,Owner-Occupied,Single-Family
LN004480,2022-04-01,306491.28,5.093,700-749,60-70%,40-50%,NC,Refinance-Cashout,Investment,Single-Family
LN004481,2023-06-01,275297.53,3.909,700-749,70-80%,30-40%,IL,Refinance-Cashout,Investment,Single-Family
LN004482,2022-05-01,380709.15,4.549,650-699,80-90%,30-40%,CA,Refinance-Cashout,Owner-Occupied,Single-Family
LN004483,2023-08-01,181802.06,6.672,700-749,70-80%,30-40%,NC,Purchase,Investment,Single-Family
LN004484,2023-11-01,331262.26,5.823,700-749,90-95%,30-40%,MI,Refinance-Rate-Term,Owner-Occupied,Condo
LN004485,2022-11-01,318565.83,5.693,750-799,70-80%,40-50%,PA,Refinance-Cashout,Investment,Single-Family
LN004486,2023-10-01,212898.73,8.384,750-799,70-80%,40-50%,NC,Refinance-Cashout,Owner-Occupied,Single-Family
LN004487,2022-04-01,494999.56,3.304,700-749,<60%,30-40%,OH,Refinance-Cashout,Owner-Occupied,Single-Family
LN004488,2024-05-01,281816.27,6.065,700-749,>95%,40-50%,MI,Purchase,Owner-Occupied,Single-Family
LN004489,2024-10-01,286134.96,5.082,700-749,70-80%,30-40%,MI,Refinance-Rate-Term,Second Home,Single-Family
LN004490,2023-01-01,197232.28,5.516,750-799,70-80%,>50%,OH,Purchase,Owner-Occupied,Single-Family
LN004491,2022-09-01,283665.95,5.273,700-749,90-95%,40-50%,IL,Purchase,Owner-Occupied,Single-Family
LN004492,2024-07-01,533475.46,3.948,700-749,70-80%,40-50%,OH,Purchase,Owner-Occupied,Condo
LN004493,2022-07-01,274728.81,3.447,700-749,70-80%,30-40%,MI,Refinance-Cashout,Owner-Occupied,Single-Family
LN004494,2022-04-01,351870.19,5.0,800+,80-90%,30-40%,NY,Refinance-Cashout,Owner-Occupied,Multi-Unit
LN004495,2023-07-01,395054.77,3.827,700-749,80-90%,<30%,PA,Refinance-Rate-Term,Owner-Occupied,Single-Family
LN004496,2024-06-01,281859.77,4.446,650-699,80-90%,<30%,TX,Purchase,Owner-Occupied,Single-Family
LN004497,2024-07-01,259040.97,6.197,700-749,80-90%,<30%,MI,Purchase,Owner-Occupied,Single-Family
LN004498,2024-11-01,347226.39,3.16,750-799,70-80%,>50%,FL,Refinance-Rate-Term,Owner-Occupied,Single-Family
LN004499,2023-09-01,275874.16,4.712,750-799,90-95%,<30%,TX,Purchase,Owner-Occupied,Condo
LN004500,2024-07-01,266815.49,6.582,750-799,70-80%,<30%,MI,Purchase,Investment,Single-Family
LN004501,2023-07-01,393988.99,4.239,750-799,60-70%,30-40%,TX,Refinance-Cashout,Owner-Occupied,Single-Family
LN004502,2024-07-01,293057.69,7.204,650-699,70-80%,30-40%,OH,Purchase,Investment,Single-Family
LN004503,2024-08-01,421323.98,2.674,700-749,80-90%,>50%,IL,Purchase,Investment,Condo
LN004504,2022-02-01,290807.33,7.729,750-799,80-90%,<30%,PA,Purchase,Second Home,Single-Family
LN004505,2022-10-01,168280.44,5.027,650-699,60-70%,>50%,FL,Refinance-Cashout,Second Home,Single-Family
LN004506,2022-02-01,50000.0,3.007,700-749,<60%,30-40%,MI,Refinance-Cashout,Owner-Occupied,Single-Family
LN004507,2022-02-01,116185.16,6.25,750-799,70-80%,>50%,IL,Refinance-Cashout,Owner-Occupied,Single-Family
LN004508,2023-12-01,133403.95,5.646,750-799,>95%,30-40%,IL,Refinance-Rate-Term,Owner-Occupied,Single-Family
LN004509,2023-05-01,326653.79,7.073,800+,60-70%,40-50%,NY,Purchase,Owner-Occupied,Condo
LN004510,2024-08-01,202866.73,2.696,800+,70-80%,30-40%,MI,Refinance-Cashout,Investment,Multi-Unit
LN004511,2023-04-01,102586.86,3.356,650-699,70-80%,40-50%,NY,Purchase,Owner-Occupied,Multi-Unit
LN004512,2023-04-01,286909.43,6.155,800+,90-95%,40-50%,GA,Purchase,Owner-Occupied,Condo
LN004513,2024-07-01,191817.19,8.824,600-649,80-90%,<30%,PA,Purchase,Owner-Occupied,Condo
LN004514,2023-12-01,346309.91,5.863,750-799,90-95%,<30%,TX,Refinance-Cashout,Owner-Occupied,Condo
LN004515,2022-01-01,343826.86,6.095,650-699,70-80%,>50%,TX,Refinance-Cashout,Owner-Occupied,Multi-Unit
LN004516,2022-11-01,354408.63,3.858,650-699,90-95%,30-40%,TX,Purchase,Owner-Occupied,Condo
LN004517,2023-09-01,50000.0,4.727,800+,70-80%,>50%,PA,Purchase,Owner-Occupied,Single-Family
LN004518,2022-04-01,304540.91,4.07,650-699,70-80%,40-50%,CA,Refinance-Cashout,Owner-Occupied,Single-Family
LN004519,2022-07-01,287859.76,5.754,750-799,80-90%,30-40%,FL,Purchase,Owner-Occupied,Single-Family
LN004520,2024-02-01,177835.57,6.394,650-699,70-80%,<30%,CA,Refinance-Rate-Term,Owner-Occupied,Single-Family
LN004521,2022-12-01,86256.92,5.279,600-649,90-95%,>50%,NY,Purchase,Owner-Occupied,Single-Family
LN004522,2024-07-01,289131.51,6.193,650-699,70-80%,30-40%,CA,Purchase,Second Home,Single-Family
LN004523,2023-05-01,406411.61,4.957,700-749,70-80%,<30%,NC,Purchase,Owner-Occupied,Single-Family
LN004524,2024-09-01,50000.0,6.987,650-699,70-80%,40-50%,PA,Purchase,Owner-Occupied,Single-Family
LN004525,2022-11-01,216747.91,3.708,650-699,70-80%,<30%,GA,Refinance-Rate-Term,Owner-Occupied,Single-Family
LN004526,2024-04-01,313153.51,7.124,750-799,60-70%,40-50%,TX,Refinance-Cashout,Second Home,Condo
LN004527,2024-08-01,412492.0,3.926,600-649,<60%,<30%,PA,Purchase,Owner-Occupied,Single-Family
LN004528,2022-01-01,268762.85,5.025,700-749,90-95%,30-40%,NY,Refinance-Cashout,Owner-Occupied,Single-Family
LN004529,2024-04-01,493100.29,3.209,800+,90-95%,<30%,OH,Refinance-Rate-Term,Owner-Occupied,Condo
LN004530,2022-07-01,120469.35,5.759,700-749,<60%,<30%,GA,Purchase,Second Home,Single-Family
LN004531,2022-02-01,98306.21,5.197,700-749,70-80%,30-40%,PA,Purchase,Owner-Occupied,Single-Family
LN004532,2023-12-01,401771.5,6.108,750-799,70-80%,40-50%,CA,Refinance-Rate-Term,Owner-Occupied,Single-Family
LN004533,2022-04-01,65037.57,2.5,750-799,70-80%,40-50%,GA,Purchase,Owner-Occupied,Condo
LN004534,2023-07-01,346153.23,5.201,750-799,70-80%,40-50%,CA,Purchase,Owner-Occupied,Single-Family
LN004535,2024-02-01,270546.76,5.605,800+,70-80%,30-40%,NC,Refinance-Cashout,Owner-Occupied,Single-Family
LN004536,2022-11-01,209899.94,3.517,600-649,70-80%,30-40%,TX,Refinance-Rate-Term,Owner-Occupied,Multi-Unit
LN004537,2022-11-01,257333.28,5.8,800+,80-90%,>50%,MI,Purchase,Owner-Occupied,Multi-Unit
LN004538,2022-03-01,171092.81,2.5,800+,70-80%,30-40%,PA,Purchase,Owner-Occupied,Single-Family
LN004539,2022-12-01,268166.59,4.808,750-799,70-80%,30-40%,GA,Purchase,Owner-Occupied,Condo
LN004540,2022-03-01,301741.93,7.119,700-749,70-80%,30-40%,IL,Purchase,Owner-Occupied,Single-Family
LN004541,2024-03-01,258377.8,4.795,750-799,70-80%,30-40%,TX,Purchase,Second Home,Single-Family
LN004542,2022-02-01,241506.37,3.921,650-699,80-90%,30-40%,IL,Purchase,Owner-Occupied,Single-Family
LN004543,2023-04-01,325413.7,4.903,750-799,70-80%,40-50%,CA,Purchase,Owner-Occupied,Single-Family
LN004544,2022-02-01,465957.18,5.149,650-699,80-90%,40-50%,GA,Refinance-Rate-Term,Second Home,Single-Family
LN004545,2024-06-01,273379.66,6.345,750-799,70-80%,30-40%,GA,Purchase,Owner-Occupied,Condo
LN004546,2023-08-01,381999.05,5.195,700-749,70-80%,40-50%,TX,Purchase,Owner-Occupied,Single-Family
LN004547,2024-04-01,203382.3,6.143,600-649,80-90%,<30%,PA,Purchase,Owner-Occupied,Single-Family
LN004548,2024-01-01,166591.87,5.138,750-799,80-90%,30-40%,GA,Purchase,Owner-Occupied,Single-Family
LN004549,2024-08-01,345331.54,3.876,700-749,70-80%,40-50%,MI,Purchase,Owner-Occupied,Single-Family
LN004550,2022-10-01,276646.55,2.897,750-799,70-80%,30-40%,GA,Purchase,Second Home,Single-Family
LN004551,2024-09-01,412949.73,5.558,650-699,80-90%,<30%,OH,Purchase,Owner-Occupied,Condo
LN004552,2023-01-01,432542.35,2.5,750-799,60-70%,40-50%,FL,Purchase,Owner-Occupied,Multi-Unit
LN004553,2023-04-01,383908.48,2.5,700-749,<60%,40-50%,NY,Refinance-Cashout,Investment,Multi-Unit
LN004554,2023-10-01,381735.83,2.903,700-749,70-80%,40-50%,CA,Purchase,Owner-Occupied,Single-Family
LN004555,2023-08-01,50000.0,6.072,700-749,60-70%,<30%,NC,Purchase,Owner-Occupied,Multi-Unit
LN004556,2024-03-01,344452.25,2.765,750-799,70-80%,<30%,MI,Purchase,Owner-Occupied,Single-Family
LN004557,2023-04-01,386287.98,5.705,750-799,70-80%,30-40%,MI,Refinance-Cashout,Investment,Single-Family
LN004558,2024-10-01,172821.74,3.452,700-749,80-90%,<30%,TX,Refinance-Cashout,Owner-Occupied,Single-Family
LN004559,2024-08-01,300877.25,4.78,700-749,70-80%,40-50%,MI,Purchase,Owner-Occupied,Condo
LN004560,2024-02-01,195727.18,4.906,700-749,70-80%,40-50%,OH,Purchase,Owner-Occupied,Single-Family
LN004561,2024-01-01,402751.06,4.758,800+,80-90%,30-40%,GA,Purchase,Owner-Occupied,Single-Family
LN004562,2022-02-01,204400.19,4.03,750-799,70-80%,40-50%,NY,Purchase,Owner-Occupied,Condo
LN004563,2022-12-01,220713.79,2.65,700-749,<60%,<30%,MI,Purchase,Owner-Occupied,Single-Family
LN004564,2022-09-01,253594.98,5.04,650-699,80-90%,40-50%,CA,Purchase,Owner-Occupied,Single-Family
LN004565,2022-12-01,524941.02,5.836,700-749,<60%,<30%,IL,Purchase,Investment,Single-Family
LN004566,2024-02-01,400467.23,6.019,750-799,<60%,<30%,MI,Purchase,Second Home,Condo
LN004567,2022-09-01,461260.39,5.123,<600,60-70%,<30%,MI,Purchase,Second Home,Single-Family
LN004568,2022-10-01,118688.01,5.386,750-799,70-80%,>50%,PA,Refinance-Cashout,Owner-Occupied,Single-Family
LN004569,2024-08-01,173070.53,3.843,650-699,80-90%,30-40%,OH,Purchase,Owner-Occupied,Condo
LN004570,2024-10-01,433857.96,5.674,650-699,80-90%,<30%,CA,Refinance-Rate-Term,Owner-Occupied,Multi-Unit
LN004571,2023-08-01,123983.89,5.619,<600,70-80%,30-40%,NY,Purchase,Owner-Occupied,Single-Family
LN004572,2022-02-01,232831.58,4.553,750-799,>95%,<30%,IL,Purchase,Owner-Occupied,Single-Family
LN004573,2022-01-01,505534.13,5.072,800+,60-70%,<30%,IL,Refinance-Cashout,Owner-Occupied,Single-Family
LN004574,2024-12-01,203653.53,4.96,600-649,70-80%,40-50%,OH,Purchase,Owner-Occupied,Single-Family
LN004575,2023-12-01,117900.25,5.685,700-749,80-90%,<30%,NY,Purchase,Owner-Occupied,Condo
LN004576,2024-03-01,304747.45,2.684,650-699,80-90%,>50%,MI,Purchase,Owner-Occupied,Multi-Unit
LN004577,2022-02-01,122025.7,2.654,750-799,<60%,30-40%,OH,Purchase,Owner-Occupied,Multi-Unit
LN004578,2024-07-01,423725.01,2.732,750-799,80-90%,<30%,GA,Purchase,Second Home,Single-Family
LN004579,2023-02-01,210514.13,4.333,650-699,70-80%,30-40%,TX,Purchase,Owner-Occupied,Single-Family
LN004580,2022-02-01,190476.1,5.683,600-649,70-80%,40-50%,CA,Purchase,Investment,Single-Family
LN004581,2024-05-01,302938.24,2.5,750-799,70-80%,30-40%,MI,Purchase,Second Home,Single-Family
LN004582,2023-03-01,259556.21,5.141,750-799,80-90%,30-40%,MI,Purchase,Owner-Occupied,Multi-Unit
LN004583,2022-12-01,325234.92,6.791,<600,60-70%,40-50%,CA,Purchase,Investment,Single-Family
LN004584,2024-04-01,352150.44,5.41,700-749,60-70%,40-50%,CA,Refinance-Rate-Term,Owner-Occupied,Single-Family
LN004585,2023-08-01,278271.23,2.5,750-799,60-70%,40-50%,NC,Purchase,Owner-Occupied,Single-Family
LN004586,2023-12-01,183855.14,5.782,700-749,60-70%,40-50%,NY,Refinance-Rate-Term,Second Home,Single-Family
LN004587,2023-09-01,373050.83,5.363,700-749,<60%,<30%,NC,Refinance-Cashout,Owner-Occupied,Single-Family
LN004588,2022-10-01,230659.02,4.486,700-749,90-95%,<30%,OH,Purchase,Owner-Occupied,Condo
LN004589,2023-02-01,213091.1,5.273,700-749,70-80%,40-50%,OH,Purchase,Owner-Occupied,Single-Family
LN004590,2023-06-01,314266.06,2.906,700-749,60-70%,30-40%,TX,Purchase,Owner-Occupied,Single-Family
LN004591,2023-12-01,107133.76,5.076,800+,70-80%,30-40%,TX,Purchase,Investment,Single-Family
LN004592,2023-02-01,339087.6,5.718,650-699,80-90%,40-50%,IL,Refinance-Rate-Term,Owner-Occupied,Single-Family
LN004593,2024-10-01,319576.2,3.961,700-749,80-90%,30-40%,MI,Purchase,Owner-Occupied,Single-Family
LN004594,2022-12-01,412181.96,4.294,650-699,80-90%,<30%,CA,Purchase,Investment,Single-Family
LN004595,2023-10-01,249960.79,4.149,650-699,<60%,40-50%,OH,Purchase,Owner-Occupied,Single-Family
LN004596,2022-06-01,432483.15,4.287,750-799,80-90%,40-50%,OH,Refinance-Rate-Term,Second Home,Single-Family
LN004597,2024-12-01,352964.29,3.755,800+,70-80%,<30%,GA,Purchase,Investment,Multi-Unit
LN004598,2024-12-01,297321.08,3.844,650-699,70-80%,30-40%,OH,Refinance-Cashout,Second Home,Single-Family
LN004599,2023-10-01,481669.59,5.774,800+,>95%,30-40%,GA,Refinance-Rate-Term,Owner-Occupied,Single-Family
LN004600,2023-02-01,309521.27,2.5,650-699,80-90%,30-40%,FL,Purchase,Owner-Occupied,Single-Family
LN004601,2023-04-01,248163.27,5.274,700-749,80-90%,<30%,FL,Purchase,Owner-Occupied,Single-Family
LN004602,2024-12-01,312384.0,5.771,650-699,60-70%,<30%,GA,Purchase,Owner-Occupied,Single-Family
LN004603,2024-01-01,246103.08,2.971,700-749,70-80%,40-50%,NC,Purchase,Owner-Occupied,Single-Family
LN004604,2024-08-01,337364.67,4.885,700-749,90-95%,30-40%,MI,Refinance-Cashout,Owner-Occupied,Single-Family
LN004605,2024-09-01,432068.73,3.625,700-749,70-80%,>50%,NY,Purchase,Owner-Occupied,Single-Family
LN004606,2024-12-01,299199.6,6.704,700-749,60-70%,30-40%,GA,Purchase,Owner-Occupied,Single-Family
LN004607,2023-08-01,309013.97,4.692,700-749,80-90%,>50%,CA,Purchase,Owner-Occupied,Single-Family
LN004608,2023-06-01,379783.12,7.21,700-749,<60%,30-40%,TX,Purchase,Owner-Occupied,Single-Family
LN004609,2022-03-01,418724.0,6.983,700-749,80-90%,<30%,MI,Purchase,Owner-Occupied,Multi-Unit
LN004610,2023-11-01,254736.47,5.461,750-799,90-95%,<30%,MI,Purchase,Owner-Occupied,Multi-Unit
LN004611,2024-08-01,317233.6,8.214,750-799,70-80%,40-50%,MI,Purchase,Owner-Occupied,Condo
LN004612,2023-04-01,380226.23,2.638,650-699,70-80%,40-50%,NC,Purchase,Owner-Occupied,Condo
LN004613,2022-05-01,332995.23,7.168,650-699,70-80%,40-50%,TX,Purchase,Owner-Occupied,Single-Family
LN004614,2022-04-01,113791.06,4.598,750-799,90-95%,40-50%,TX,Purchase,Owner-Occupied,Single-Family
LN004615,2023-09-01,398272.7,4.81,600-649,70-80%,<30%,GA,Purchase,Owner-Occupied,Single-Family
LN004616,2023-02-01,352288.13,4.308,750-799,70-80%,<30%,IL,Purchase,Owner-Occupied,Single-Family
LN004617,2024-07-01,359394.87,2.825,700-749,80-90%,<30%,IL,Purchase,Owner-Occupied,Single-Family
LN004618,2023-02-01,180784.93,5.854,700-749,70-80%,<30%,PA,Purchase,Owner-Occupied,Condo
LN004619,2022-06-01,315238.99,3.139,650-699,70-80%,40-50%,GA,Purchase,Owner-Occupied,Single-Family
LN004620,2022-12-01,384334.52,4.114,800+,80-90%,40-50%,GA,Purchase,Owner-Occupied,Single-Family
LN004621,2023-04-01,211941.94,4.18,800+,>95%,30-40%,NC,Purchase,Owner-Occupied,Single-Family
LN004622,2023-05-01,237945.55,6.493,800+,<60%,40-50%,MI,Purchase,Investment,Single-Family
LN004623,2023-11-01,386047.91,4.889,650-699,<60%,<30%,FL,Purchase,Owner-Occupied,Condo
LN004624,2023-02-01,233289.74,2.5,750-799,70-80%,30-40%,NC,Purchase,Owner-Occupied,Single-Family
LN004625,2022-07-01,279149.11,3.651,700-749,80-90%,30-40%,FL,Purchase,Owner-Occupied,Multi-Unit
LN004626,2024-08-01,196538.13,2.657,750-799,70-80%,<30%,CA,Purchase,Owner-Occupied,Single-Family
LN004627,2023-03-01,481993.86,5.754,650-699,>95%,<30%,IL,Refinance-Rate-Term,Owner-Occupied,Multi-Unit
LN004628,2023-05-01,352062.28,3.226,750-799,60-70%,30-40%,OH,Purchase,Owner-Occupied,Single-Family
LN004629,2024-10-01,274460.5,4.091,800+,<60%,30-40%,FL,Purchase,Owner-Occupied,Single-Family
LN004630,2022-05-01,255762.48,7.626,650-699,60-70%,30-40%,NC,Purchase,Owner-Occupied,Multi-Unit
LN004631,2024-03-01,177163.54,5.955,650-699,90-95%,30-40%,CA,Purchase,Owner-Occupied,Single-Family
LN004632,2023-11-01,288989.99,3.253,600-649,60-70%,30-40%,PA,Purchase,Owner-Occupied,Single-Family
LN004633,2023-02-01,366505.81,6.238,650-699,70-80%,>50%,PA,Purchase,Second Home,Single-Family
LN004634,2023-03-01,219018.59,3.923,700-749,70-80%,40-50%,GA,Purchase,Owner-Occupied,Single-Family
LN004635,2024-09-01,310554.11,6.234,750-799,80-90%,>50%,FL,Refinance-Cashout,Owner-Occupied,Single-Family
LN004636,2024-07-01,263261.82,4.382,650-699,<60%,30-40%,IL,Purchase,Owner-Occupied,Single-Family
LN004637,2024-11-01,438011.59,3.56,700-749,80-90%,40-50%,MI,Refinance-Cashout,Owner-Occupied,Single-Family
LN004638,2023-05-01,236330.12,3.42,700-749,70-80%,<30%,IL,Refinance-Cashout,Owner-Occupied,Multi-Unit
LN004639,2024-04-01,377715.59,5.431,650-699,90-95%,40-50%,GA,Refinance-Cashout,Owner-Occupied,Condo
LN004640,2023-07-01,439402.26,6.37,700-749,80-90%,30-40%,OH,Refinance-Cashout,Owner-Occupied,Single-Family
LN004641,2023-11-01,262286.94,5.559,650-699,70-80%,<30%,FL,Purchase,Owner-Occupied,Condo
LN004642,2024-08-01,241142.26,4.351,700-749,>95%,<30%,OH,Purchase,Owner-Occupied,Single-Family
LN004643,2023-01-01,392270.23,2.5,600-649,<60%,30-40%,MI,Purchase,Owner-Occupied,Single-Family
LN004644,2023-08-01,121877.61,4.041,750-799,80-90%,30-40%,GA,Purchase,Owner-Occupied,Condo
LN004645,2024-11-01,343059.46,3.122,650-699,70-80%,>50%,IL,Purchase,Owner-Occupied,Single-Family
LN004646,2022-05-01,142467.82,7.053,800+,70-80%,30-40%,IL,Refinance-Cashout,Investment,Single-Family
LN004647,2022-09-01,422241.17,4.402,750-799,60-70%,40-50%,CA,Purchase,Owner-Occupied,Single-Family
LN004648,2024-05-01,274790.37,5.451,650-699,70-80%,30-40%,GA,Purchase,Owner-Occupied,Multi-Unit
LN004649,2022-06-01,290922.19,4.485,700-749,<60%,40-50%,PA,Refinance-Rate-Term,Owner-Occupied,Single-Family
LN004650,2024-01-01,227575.08,5.645,650-699,70-80%,40-50%,PA,Purchase,Owner-Occupied,Single-Family
LN004651,2024-07-01,141729.27,6.077,750-799,60-70%,30-40%,IL,Purchase,Owner-Occupied,Single-Family
LN004652,2023-10-01,426586.04,8.493,700-749,80-90%,30-40%,IL,Purchase,Owner-Occupied,Single-Family
LN004653,2022-02-01,282894.25,4.316,750-799,70-80%,40-50%,FL,Refinance-Cashout,Investment,Single-Family
LN004654,2022-05-01,620876.86,6.565,<600,80-90%,30-40%,FL,Purchase,Owner-Occupied,Condo
LN004655,2024-03-01,218981.82,5.417,600-649,80-90%,30-40%,TX,Refinance-Rate-Term,Owner-Occupied,Multi-Unit
LN004656,2024-01-01,235330.59,4.133,700-749,60-70%,30-40%,NC,Purchase,Owner-Occupied,Condo
LN004657,2022-08-01,210275.59,4.24,600-649,<60%,30-40%,GA,Refinance-Cashout,Owner-Occupied,Single-Family
LN004658,2022-01-01,282383.94,5.706,700-749,70-80%,30-40%,FL,Purchase,Owner-Occupied,Single-Family
LN004659,2023-08-01,457521.79,4.555,600-649,90-95%,<30%,IL,Refinance-Rate-Term,Owner-Occupied,Single-Family
LN004660,2023-11-01,401013.73,5.157,750-799,70-80%,40-50%,MI,Refinance-Cashout,Owner-Occupied,Single-Family
LN004661,2024-08-01,149544.62,5.997,750-799,80-90%,40-50%,IL,Purchase,Second Home,Single-Family
LN004662,2022-11-01,420412.01,8.743,650-699,90-95%,<30%,GA,Purchase,Owner-Occupied,Single-Family
LN004663,2023-12-01,368279.13,5.049,700-749,90-95%,30-40%,PA,Purchase,Owner-Occupied,Single-Family
LN004664,2022-11-01,348138.78,3.308,700-749,70-80%,30-40%,OH,Purchase,Second Home,Condo
LN004665,2024-05-01,231575.92,5.597,750-799,70-80%,30-40%,IL,Refinance-Cashout,Owner-Occupied,Single-Family
LN004666,2024-02-01,239008.97,4.274,700-749,90-95%,40-50%,CA,Purchase,Owner-Occupied,Condo
LN004667,2023-04-01,313706.72,7.84,<600,80-90%,40-50%,GA,Refinance-Cashout,Owner-Occupied,Single-Family
LN004668,2024-11-01,244683.73,4.254,650-699,80-90%,40-50%,NY,Refinance-Rate-Term,Owner-Occupied,Condo
LN004669,2023-08-01,431263.2,5.028,700-749,70-80%,>50%,IL,Purchase,Owner-Occupied,Single-Family
LN004670,2022-03-01,240404.43,5.934,800+,70-80%,30-40%,CA,Purchase,Owner-Occupied,Condo
LN004671,2022-01-01,105323.56,5.737,750-799,70-80%,40-50%,FL,Purchase,Second Home,Single-Family
LN004672,2022-01-01,169854.31,7.085,650-699,80-90%,40-50%,TX,Purchase,Owner-Occupied,Single-Family
LN004673,2023-05-01,176203.66,6.001,750-799,70-80%,40-50%,TX,Purchase,Owner-Occupied,Single-Family
LN004674,2022-02-01,273665.19,8.514,800+,60-70%,40-50%,CA,Purchase,Owner-Occupied,Single-Family
LN004675,2024-05-01,321606.6,5.674,<600,60-70%,40-50%,PA,Refinance-Cashout,Owner-Occupied,Condo
LN004676,2023-08-01,305380.04,6.949,750-799,90-95%,<30%,GA,Purchase,Investment,Condo
LN004677,2022-06-01,346090.9,4.296,700-749,70-80%,>50%,FL,Purchase,Second Home,Single-Family
LN004678,2022-08-01,274772.0,7.962,750-799,70-80%,40-50%,CA,Purchase,Owner-Occupied,Single-Family
LN004679,2024-05-01,278309.3,4.478,700-749,60-70%,<30%,MI,Refinance-Rate-Term,Owner-Occupied,Condo
LN004680,2024-09-01,475186.0,7.229,800+,70-80%,40-50%,TX,Purchase,Owner-Occupied,Single-Family
LN004681,2022-03-01,420535.76,6.338,650-699,60-70%,30-40%,FL,Purchase,Owner-Occupied,Single-Family
LN004682,2024-11-01,340830.05,5.1,750-799,70-80%,40-50%,PA,Refinance-Cashout,Owner-Occupied,Single-Family
LN004683,2022-05-01,391667.05,7.244,650-699,80-90%,>50%,FL,Refinance-Cashout,Owner-Occupied,Single-Family
LN004684,2024-03-01,107378.48,4.982,700-749,70-80%,30-40%,NC,Refinance-Rate-Term,Investment,Single-Family
LN004685,2022-12-01,217746.14,7.053,800+,90-95%,40-50%,CA,Refinance-Cashout,Owner-Occupied,Single-Family
LN004686,2023-08-01,256779.65,5.567,750-799,<60%,40-50%,OH,Purchase,Owner-Occupied,Single-Family
LN004687,2023-08-01,218923.4,4.434,650-699,70-80%,40-50%,MI,Refinance-Cashout,Investment,Single-Family
LN004688,2022-09-01,145426.27,5.48,700-749,<60%,30-40%,GA,Purchase,Owner-Occupied,Single-Family
LN004689,2022-04-01,342054.38,5.051,<600,60-70%,<30%,NC,Purchase,Owner-Occupied,Condo
LN004690,2023-07-01,438574.78,4.336,650-699,60-70%,30-40%,GA,Refinance-Cashout,Owner-Occupied,Single-Family
LN004691,2024-03-01,298719.03,5.349,750-799,80-90%,<30%,IL,Purchase,Owner-Occupied,Single-Family
LN004692,2023-01-01,364818.2,5.606,700-749,70-80%,30-40%,CA,Purchase,Owner-Occupied,Single-Family
LN004693,2023-01-01,295746.6,2.5,700-749,90-95%,40-50%,CA,Purchase,Owner-Occupied,Single-Family
LN004694,2023-10-01,255836.12,5.752,750-799,<60%,>50%,GA,Purchase,Owner-Occupied,Condo
LN004695,2024-04-01,391919.66,6.112,700-749,80-90%,<30%,OH,Purchase,Second Home,Multi-Unit
LN004696,2023-10-01,157180.91,7.177,<600,>95%,30-40%,IL,Refinance-Rate-Term,Owner-Occupied,Multi-Unit
LN004697,2023-07-01,113659.73,3.146,700-749,60-70%,40-50%,MI,Refinance-Cashout,Owner-Occupied,Single-Family
LN004698,2022-08-01,155770.02,3.474,800+,70-80%,30-40%,FL,Purchase,Owner-Occupied,Single-Family
LN004699,2022-08-01,385358.8,5.314,750-799,80-90%,>50%,NC,Refinance-Rate-Term,Owner-Occupied,Condo
LN004700,2024-02-01,308721.11,3.931,700-749,70-80%,40-50%,NY,Purchase,Owner-Occupied,Single-Family
LN004701,2024-02-01,337653.8,3.215,<600,70-80%,40-50%,PA,Purchase,Owner-Occupied,Single-Family
LN004702,2023-11-01,467692.3,4.38,700-749,70-80%,<30%,NY,Refinance-Rate-Term,Owner-Occupied,Single-Family
LN004703,2023-01-01,183666.03,4.46,750-799,80-90%,<30%,NC,Refinance-Cashout,Investment,Condo
LN004704,2024-04-01,420417.04,3.477,650-699,80-90%,30-40%,NY,Purchase,Owner-Occupied,Single-Family
LN004705,2022-09-01,260367.56,3.467,700-749,60-70%,30-40%,GA,Purchase,Owner-Occupied,Single-Family
LN004706,2023-08-01,245163.91,4.818,800+,>95%,40-50%,FL,Purchase,Second Home,Single-Family
LN004707,2023-07-01,308122.04,2.827,700-749,70-80%,30-40%,GA,Refinance-Cashout,Owner-Occupied,Single-Family
LN004708,2022-12-01,323773.63,2.803,700-749,70-80%,30-40%,FL,Purchase,Owner-Occupied,Single-Family
LN004709,2023-03-01,278945.79,5.107,700-749,80-90%,40-50%,IL,Purchase,Investment,Single-Family
LN004710,2024-07-01,361031.43,7.258,650-699,70-80%,30-40%,CA,Refinance-Cashout,Owner-Occupied,Single-Family
LN004711,2023-02-01,308524.31,6.1,650-699,<60%,30-40%,PA,Purchase,Owner-Occupied,Single-Family
LN004712,2022-11-01,280066.84,6.834,800+,70-80%,40-50%,TX,Refinance-Cashout,Owner-Occupied,Single-Family
LN004713,2024-02-01,258371.59,2.5,650-699,80-90%,30-40%,FL,Refinance-Cashout,Owner-Occupied,Single-Family
LN004714,2024-03-01,323834.65,2.887,650-699,80-90%,<30%,CA,Purchase,Owner-Occupied,Multi-Unit
LN004715,2022-11-01,164334.22,5.016,700-749,>95%,30-40%,PA,Purchase,Owner-Occupied,Single-Family
LN004716,2024-10-01,192553.62,6.254,750-799,<60%,30-40%,IL,Purchase,Owner-Occupied,Single-Family
LN004717,2023-07-01,263254.99,5.957,750-799,70-80%,30-40%,MI,Refinance-Cashout,Owner-Occupied,Condo
LN004718,2022-06-01,354487.51,2.984,<600,70-80%,30-40%,TX,Purchase,Investment,Condo
LN004719,2024-04-01,514285.01,6.704,750-799,70-80%,30-40%,GA,Refinance-Rate-Term,Owner-Occupied,Single-Family
LN004720,2022-01-01,284067.44,4.878,700-749,70-80%,30-40%,NC,Purchase,Owner-Occupied,Single-Family
LN004721,2024-11-01,122576.87,6.167,700-749,80-90%,<30%,FL,Purchase,Investment,Single-Family
LN004722,2022-08-01,220975.25,4.092,750-799,60-70%,40-50%,PA,Purchase,Owner-Occupied,Single-Family
LN004723,2022-07-01,365889.18,2.684,650-699,<60%,40-50%,PA,Purchase,Owner-Occupied,Single-Family
LN004724,2022-11-01,202971.79,6.269,800+,>95%,40-50%,MI,Purchase,Owner-Occupied,Single-Family
LN004725,2022-04-01,169425.47,5.704,700-749,70-80%,30-40%,PA,Purchase,Investment,Condo
LN004726,2024-01-01,365366.89,3.132,700-749,>95%,30-40%,GA,Purchase,Owner-Occupied,Single-Family
LN004727,2022-12-01,346488.01,3.998,700-749,70-80%,40-50%,IL,Purchase,Investment,Single-Family
LN004728,2024-02-01,152745.93,6.029,650-699,<60%,40-50%,MI,Purchase,Owner-Occupied,Single-Family
LN004729,2022-12-01,210500.67,5.309,700-749,80-90%,40-50%,MI,Purchase,Owner-Occupied,Single-Family
LN004730,2023-12-01,424467.02,5.753,<600,80-90%,30-40%,GA,Purchase,Owner-Occupied,Single-Family
LN004731,2023-04-01,385284.43,4.213,650-699,70-80%,30-40%,FL,Purchase,Investment,Condo
LN004732,2023-01-01,180262.85,7.135,750-799,<60%,40-50%,OH,Refinance-Rate-Term,Owner-Occupied,Multi-Unit
LN004733,2024-01-01,101111.06,4.833,750-799,80-90%,>50%,CA,Purchase,Owner-Occupied,Condo
LN004734,2022-04-01,326851.79,2.5,650-699,60-70%,>50%,NY,Refinance-Cashout,Owner-Occupied,Single-Family
LN004735,2022-11-01,270393.2,5.16,700-749,80-90%,>50%,IL,Purchase,Owner-Occupied,Single-Family
LN004736,2024-08-01,318174.19,5.907,700-749,70-80%,40-50%,OH,Refinance-Cashout,Owner-Occupied,Single-Family
LN004737,2022-07-01,363466.19,5.446,700-749,80-90%,40-50%,PA,Purchase,Owner-Occupied,Single-Family
LN004738,2022-11-01,204373.06,4.36,650-699,70-80%,<30%,PA,Purchase,Owner-Occupied,Single-Family
LN004739,2024-04-01,256785.45,2.5,750-799,70-80%,40-50%,TX,Purchase,Owner-Occupied,Single-Family
LN004740,2023-11-01,210094.15,4.025,650-699,80-90%,30-40%,TX,Purchase,Owner-Occupied,Single-Family
LN004741,2023-11-01,213676.5,4.167,800+,<60%,<30%,TX,Purchase,Owner-Occupied,Condo
LN004742,2024-04-01,356475.92,4.011,700-749,80-90%,40-50%,MI,Refinance-Rate-Term,Owner-Occupied,Single-Family
LN004743,2024-02-01,314406.86,5.918,750-799,60-70%,40-50%,GA,Purchase,Owner-Occupied,Condo
LN004744,2024-01-01,143705.82,4.5,650-699,70-80%,40-50%,OH,Purchase,Investment,Multi-Unit
LN004745,2024-05-01,372510.36,7.073,750-799,70-80%,30-40%,CA,Refinance-Rate-Term,Owner-Occupied,Multi-Unit
LN004746,2023-07-01,264992.99,4.662,600-649,90-95%,30-40%,NC,Purchase,Owner-Occupied,Multi-Unit
LN004747,2024-09-01,377116.54,6.824,750-799,<60%,>50%,GA,Purchase,Owner-Occupied,Single-Family
LN004748,2024-12-01,198526.2,5.322,700-749,70-80%,40-50%,NC,Purchase,Owner-Occupied,Single-Family
LN004749,2023-02-01,207431.2,5.396,700-749,70-80%,30-40%,NY,Purchase,Owner-Occupied,Single-Family
LN004750,2023-02-01,325171.23,3.976,650-699,70-80%,30-40%,IL,Purchase,Second Home,Condo
LN004751,2024-11-01,190353.99,2.974,<600,70-80%,>50%,IL,Purchase,Owner-Occupied,Condo
LN004752,2024-06-01,272511.88,4.89,750-799,70-80%,30-40%,NC,Purchase,Owner-Occupied,Multi-Unit
LN004753,2024-04-01,178992.65,7.53,700-749,60-70%,<30%,GA,Purchase,Investment,Single-Family
LN004754,2023-05-01,260863.03,4.312,700-749,70-80%,30-40%,MI,Purchase,Owner-Occupied,Single-Family
LN004755,2022-03-01,296814.58,4.074,650-699,80-90%,30-40%,PA,Refinance-Cashout,Owner-Occupied,Multi-Unit
LN004756,2023-04-01,301525.79,4.742,650-699,80-90%,30-40%,MI,Refinance-Cashout,Owner-Occupied,Multi-Unit
LN004757,2024-06-01,263525.27,7.652,750-799,70-80%,30-40%,MI,Purchase,Owner-Occupied,Single-Family
LN004758,2024-05-01,333335.03,6.18,750-799,70-80%,30-40%,CA,Purchase,Owner-Occupied,Single-Family
LN004759,2023-03-01,314779.9,6.821,650-699,<60%,<30%,OH,Purchase,Owner-Occupied,Condo
LN004760,2024-01-01,291063.33,2.5,700-749,70-80%,<30%,NC,Purchase,Owner-Occupied,Single-Family
LN004761,2023-11-01,237414.95,3.763,750-799,>95%,>50%,NY,Purchase,Owner-Occupied,Condo
LN004762,2024-01-01,406824.37,3.815,750-799,70-80%,40-50%,NY,Purchase,Owner-Occupied,Single-Family
LN004763,2022-07-01,338628.72,6.704,<600,70-80%,30-40%,IL,Purchase,Owner-Occupied,Single-Family
LN004764,2023-10-01,196389.11,5.99,750-799,80-90%,30-40%,GA,Refinance-Cashout,Owner-Occupied,Single-Family
LN004765,2023-05-01,364888.39,6.584,700-749,70-80%,30-40%,IL,Refinance-Cashout,Owner-Occupied,Single-Family
LN004766,2023-06-01,387549.36,2.5,750-799,70-80%,40-50%,NY,Refinance-Cashout,Owner-Occupied,Single-Family
LN004767,2022-10-01,291843.52,6.666,700-749,60-70%,30-40%,GA,Purchase,Owner-Occupied,Single-Family
LN004768,2022-10-01,298491.27,5.989,700-749,70-80%,>50%,IL,Refinance-Cashout,Owner-Occupied,Multi-Unit
LN004769,2022-07-01,94112.93,3.614,700-749,70-80%,40-50%,GA,Purchase,Owner-Occupied,Single-Family
LN004770,2024-03-01,215655.89,4.705,700-749,80-90%,>50%,CA,Purchase,Second Home,Single-Family
LN004771,2024-09-01,384369.44,3.66,700-749,70-80%,<30%,FL,Refinance-Cashout,Second Home,Condo
LN004772,2022-01-01,221737.68,4.855,750-799,80-90%,40-50%,OH,Refinance-Cashout,Owner-Occupied,Single-Family
LN004773,2024-10-01,284015.81,5.674,700-749,60-70%,40-50%,CA,Refinance-Rate-Term,Owner-Occupied,Condo
LN004774,2022-04-01,214137.99,7.106,<600,70-80%,<30%,IL,Purchase,Owner-Occupied,Single-Family
LN004775,2023-05-01,323081.56,3.591,<600,70-80%,30-40%,PA,Purchase,Owner-Occupied,Condo
LN004776,2022-04-01,339374.26,4.296,750-799,60-70%,30-40%,CA,Refinance-Rate-Term,Investment,Single-Family
LN004777,2024-02-01,342047.47,3.346,750-799,70-80%,<30%,OH,Refinance-Cashout,Owner-Occupied,Multi-Unit
LN004778,2022-04-01,186063.9,6.15,750-799,70-80%,40-50%,NC,Refinance-Rate-Term,Owner-Occupied,Single-Family
LN004779,2022-01-01,310670.21,2.637,650-699,60-70%,40-50%,NC,Purchase,Owner-Occupied,Single-Family
LN004780,2022-07-01,457656.98,5.266,700-749,60-70%,30-40%,FL,Purchase,Owner-Occupied,Multi-Unit
LN004781,2024-06-01,374848.87,3.161,650-699,70-80%,<30%,NY,Purchase,Owner-Occupied,Single-Family
LN004782,2022-09-01,309333.12,5.069,800+,90-95%,>50%,CA,Refinance-Cashout,Owner-Occupied,Condo
LN004783,2024-11-01,106902.57,6.734,650-699,<60%,30-40%,NY,Purchase,Owner-Occupied,Single-Family
LN004784,2022-08-01,275064.35,4.233,700-749,90-95%,<30%,IL,Purchase,Owner-Occupied,Single-Family
LN004785,2023-12-01,464636.56,5.331,750-799,70-80%,30-40%,OH,Refinance-Cashout,Second Home,Single-Family
LN004786,2023-07-01,431860.68,3.66,750-799,70-80%,>50%,IL,Purchase,Owner-Occupied,Single-Family
LN004787,2024-12-01,346141.83,4.831,600-649,70-80%,40-50%,GA,Refinance-Cashout,Owner-Occupied,Single-Family
LN004788,2024-03-01,228066.96,2.663,650-699,90-95%,30-40%,OH,Refinance-Cashout,Owner-Occupied,Multi-Unit
LN004789,2024-08-01,305227.9,6.062,700-749,80-90%,30-40%,CA,Purchase,Owner-Occupied,Single-Family
LN004790,2023-02-01,377348.08,4.377,700-749,>95%,30-40%,TX,Purchase,Owner-Occupied,Single-Family
LN004791,2023-06-01,394053.92,4.687,600-649,80-90%,<30%,OH,Refinance-Rate-Term,Owner-Occupied,Single-Family
LN004792,2024-04-01,331262.03,5.104,750-799,70-80%,40-50%,FL,Purchase,Owner-Occupied,Condo
LN004793,2024-05-01,385503.97,2.5,700-749,>95%,<30%,TX,Purchase,Owner-Occupied,Single-Family
LN004794,2023-04-01,294130.74,3.962,750-799,>95%,30-40%,NC,Purchase,Owner-Occupied,Single-Family
LN004795,2024-11-01,289709.33,5.203,650-699,60-70%,30-40%,MI,Purchase,Owner-Occupied,Condo
LN004796,2024-07-01,254108.5,4.76,650-699,90-95%,<30%,GA,Purchase,Owner-Occupied,Single-Family
LN004797,2022-04-01,342453.68,8.266,750-799,80-90%,>50%,GA,Purchase,Owner-Occupied,Single-Family
LN004798,2023-05-01,400034.03,6.888,750-799,90-95%,30-40%,FL,Purchase,Owner-Occupied,Single-Family
LN004799,2024-02-01,370844.39,5.209,750-799,90-95%,<30%,MI,Purchase,Owner-Occupied,Single-Family
LN004800,2022-04-01,178196.35,3.466,750-799,90-95%,40-50%,NC,Purchase,Owner-Occupied,Single-Family
LN004801,2024-06-01,183552.57,4.258,600-649,90-95%,<30%,GA,Purchase,Second Home,Single-Family
LN004802,2024-06-01,410363.99,5.987,650-699,60-70%,<30%,TX,Refinance-Rate-Term,Owner-Occupied,Single-Family
LN004803,2023-10-01,317657.28,5.115,650-699,60-70%,30-40%,OH,Purchase,Owner-Occupied,Single-Family
LN004804,2022-11-01,321564.82,6.914,800+,60-70%,<30%,GA,Refinance-Cashout,Owner-Occupied,Single-Family
LN004805,2022-02-01,319311.46,5.103,700-749,<60%,>50%,OH,Purchase,Owner-Occupied,Single-Family
LN004806,2022-12-01,475163.95,5.174,600-649,70-80%,<30%,NC,Purchase,Owner-Occupied,Single-Family
LN004807,2024-06-01,255371.52,7.436,650-699,80-90%,<30%,OH,Refinance-Rate-Term,Second Home,Single-Family
LN004808,2024-12-01,411663.41,3.355,750-799,70-80%,40-50%,OH,Purchase,Second Home,Single-Family
LN004809,2023-06-01,323360.7,7.601,750-799,80-90%,30-40%,CA,Purchase,Owner-Occupied,Multi-Unit
LN004810,2024-02-01,139948.7,6.154,800+,80-90%,>50%,TX,Purchase,Owner-Occupied,Single-Family
LN004811,2022-07-01,217514.77,9.0,700-749,80-90%,30-40%,IL,Purchase,Owner-Occupied,Condo
LN004812,2022-01-01,239296.94,3.948,700-749,70-80%,<30%,CA,Purchase,Owner-Occupied,Condo
LN004813,2024-02-01,409310.8,7.444,650-699,70-80%,<30%,MI,Purchase,Owner-Occupied,Single-Family
LN004814,2023-11-01,422729.78,5.201,650-699,60-70%,30-40%,OH,Purchase,Investment,Single-Family
LN004815,2024-02-01,335385.39,4.722,<600,70-80%,30-40%,IL,Refinance-Cashout,Owner-Occupied,Single-Family
LN004816,2022-06-01,247722.67,5.457,650-699,80-90%,<30%,IL,Refinance-Rate-Term,Owner-Occupied,Single-Family
LN004817,2022-06-01,208901.89,5.188,700-749,70-80%,30-40%,GA,Purchase,Owner-Occupied,Multi-Unit
LN004818,2022-08-01,413758.1,3.832,800+,80-90%,30-40%,NC,Refinance-Cashout,Owner-Occupied,Single-Family
LN004819,2023-12-01,171544.76,4.803,600-649,70-80%,30-40%,MI,Purchase,Owner-Occupied,Single-Family
LN004820,2023-10-01,289610.97,5.461,800+,<60%,30-40%,CA,Purchase,Owner-Occupied,Single-Family
LN004821,2023-07-01,536447.12,4.362,650-699,80-90%,30-40%,MI,Refinance-Rate-Term,Owner-Occupied,Condo
LN004822,2023-06-01,248021.28,5.811,700-749,60-70%,30-40%,NY,Purchase,Owner-Occupied,Single-Family
LN004823,2024-07-01,172830.18,4.556,700-749,70-80%,<30%,TX,Purchase,Investment,Multi-Unit
LN004824,2024-06-01,123454.2,5.688,700-749,80-90%,40-50%,NC,Purchase,Second Home,Single-Family
LN004825,2024-09-01,540400.44,5.507,650-699,60-70%,30-40%,NC,Purchase,Second Home,Single-Family
LN004826,2022-10-01,334862.71,5.677,750-799,70-80%,<30%,CA,Purchase,Owner-Occupied,Single-Family
LN004827,2022-12-01,213092.44,2.977,750-799,80-90%,30-40%,FL,Refinance-Rate-Term,Investment,Single-Family
LN004828,2024-06-01,281086.34,6.646,750-799,80-90%,30-40%,MI,Purchase,Second Home,Condo
LN004829,2024-03-01,233704.42,3.701,650-699,60-70%,40-50%,GA,Purchase,Second Home,Single-Family
LN004830,2022-09-01,113644.4,4.721,750-799,80-90%,<30%,TX,Purchase,Investment,Single-Family
LN004831,2023-09-01,378811.74,4.031,700-749,<60%,30-40%,TX,Refinance-Cashout,Investment,Single-Family
LN004832,2022-12-01,303381.28,5.107,800+,70-80%,30-40%,TX,Purchase,Owner-Occupied,Single-Family
LN004833,2024-05-01,370498.38,4.833,700-749,70-80%,>50%,IL,Purchase,Owner-Occupied,Single-Family
LN004834,2024-09-01,300655.05,5.977,800+,60-70%,<30%,NC,Refinance-Rate-Term,Owner-Occupied,Condo
LN004835,2023-03-01,313124.52,5.066,750-799,70-80%,40-50%,OH,Purchase,Owner-Occupied,Condo
LN004836,2022-02-01,76517.76,4.412,750-799,60-70%,30-40%,OH,Purchase,Owner-Occupied,Single-Family
LN004837,2023-06-01,390784.78,2.5,<600,70-80%,30-40%,TX,Purchase,Owner-Occupied,Single-Family
LN004838,2022-03-01,191169.02,6.326,700-749,<60%,30-40%,TX,Purchase,Owner-Occupied,Condo
LN004839,2022-07-01,216791.64,5.776,700-749,90-95%,<30%,IL,Purchase,Owner-Occupied,Single-Family
LN004840,2023-06-01,247212.77,6.388,<600,60-70%,30-40%,OH,Purchase,Owner-Occupied,Single-Family
LN004841,2024-09-01,94131.64,4.722,650-699,90-95%,30-40%,OH,Purchase,Owner-Occupied,Single-Family
LN004842,2024-07-01,241744.35,5.535,800+,90-95%,30-40%,NC,Refinance-Cashout,Owner-Occupied,Single-Family
LN004843,2022-11-01,234781.59,4.02,700-749,70-80%,30-40%,FL,Purchase,Investment,Single-Family
LN004844,2022-04-01,262216.65,3.883,650-699,70-80%,30-40%,CA,Purchase,Owner-Occupied,Single-Family
LN004845,2023-06-01,129882.05,4.575,700-749,70-80%,<30%,NC,Refinance-Cashout,Owner-Occupied,Multi-Unit
LN004846,2022-04-01,392770.89,6.383,<600,>95%,<30%,CA,Purchase,Owner-Occupied,Single-Family
LN004847,2024-10-01,339805.66,4.588,700-749,80-90%,30-40%,GA,Purchase,Owner-Occupied,Single-Family
LN004848,2024-05-01,213595.98,4.919,700-749,>95%,30-40%,IL,Purchase,Second Home,Single-Family
LN004849,2023-12-01,241845.36,5.364,700-749,70-80%,<30%,GA,Purchase,Owner-Occupied,Single-Family
LN004850,2023-10-01,383814.83,5.038,750-799,90-95%,40-50%,OH,Purchase,Owner-Occupied,Single-Family
LN004851,2022-02-01,274252.5,6.522,600-649,70-80%,30-40%,NC,Purchase,Second Home,Single-Family
LN004852,2022-06-01,175946.42,3.878,750-799,90-95%,>50%,TX,Refinance-Cashout,Investment,Single-Family
LN004853,2024-01-01,291640.81,5.15,800+,60-70%,40-50%,NC,Purchase,Owner-Occupied,Single-Family
LN004854,2023-09-01,191215.7,5.711,<600,70-80%,40-50%,MI,Purchase,Owner-Occupied,Single-Family
LN004855,2023-04-01,229212.68,2.537,750-799,80-90%,<30%,IL,Purchase,Owner-Occupied,Single-Family
LN004856,2024-07-01,294937.59,5.399,700-749,80-90%,40-50%,IL,Refinance-Rate-Term,Owner-Occupied,Single-Family
LN004857,2023-02-01,405521.15,7.013,700-749,70-80%,40-50%,CA,Purchase,Second Home,Single-Family
LN004858,2024-04-01,502332.47,4.474,650-699,80-90%,40-50%,PA,Refinance-Rate-Term,Investment,Multi-Unit
LN004859,2024-08-01,436261.56,3.372,700-749,60-70%,30-40%,MI,Refinance-Rate-Term,Owner-Occupied,Single-Family
LN004860,2024-04-01,292814.38,5.701,800+,70-80%,40-50%,MI,Purchase,Owner-Occupied,Single-Family
LN004861,2022-09-01,525734.98,5.269,650-699,70-80%,40-50%,MI,Purchase,Owner-Occupied,Single-Family
LN004862,2023-10-01,355826.93,7.284,650-699,70-80%,30-40%,MI,Purchase,Owner-Occupied,Single-Family
LN004863,2024-08-01,202031.15,5.657,650-699,80-90%,40-50%,FL,Purchase,Owner-Occupied,Single-Family
LN004864,2022-05-01,309454.99,3.585,700-749,<60%,<30%,MI,Purchase,Second Home,Single-Family
LN004865,2023-11-01,234308.34,3.517,800+,60-70%,40-50%,FL,Refinance-Cashout,Second Home,Single-Family
LN004866,2022-05-01,175209.41,6.29,700-749,70-80%,40-50%,FL,Refinance-Rate-Term,Owner-Occupied,Single-Family
LN004867,2024-08-01,182577.62,5.535,650-699,90-95%,30-40%,NY,Purchase,Owner-Occupied,Condo
LN004868,2022-10-01,285276.58,4.913,700-749,70-80%,40-50%,NC,Refinance-Rate-Term,Owner-Occupied,Condo
LN004869,2023-03-01,375420.6,5.259,700-749,80-90%,40-50%,GA,Refinance-Rate-Term,Owner-Occupied,Single-Family
LN004870,2022-07-01,406820.33,5.663,<600,70-80%,30-40%,PA,Purchase,Owner-Occupied,Single-Family
LN004871,2024-05-01,175528.21,5.559,700-749,80-90%,<30%,GA,Purchase,Owner-Occupied,Single-Family
LN004872,2022-03-01,269674.13,2.742,600-649,70-80%,40-50%,GA,Purchase,Owner-Occupied,Single-Family
LN004873,2023-07-01,348659.07,6.825,750-799,80-90%,30-40%,CA,Purchase,Owner-Occupied,Single-Family
LN004874,2022-10-01,315185.86,6.925,700-749,70-80%,30-40%,NC,Purchase,Owner-Occupied,Single-Family
LN004875,2024-04-01,369454.64,7.715,750-799,70-80%,40-50%,CA,Refinance-Cashout,Second Home,Single-Family
LN004876,2024-05-01,256530.63,7.389,800+,60-70%,>50%,TX,Purchase,Owner-Occupied,Condo
LN004877,2023-03-01,427291.52,7.134,800+,90-95%,30-40%,NC,Refinance-Cashout,Owner-Occupied,Single-Family
LN004878,2024-11-01,299575.8,4.57,600-649,80-90%,<30%,OH,Purchase,Owner-Occupied,Single-Family
LN004879,2022-06-01,375772.41,5.452,800+,90-95%,30-40%,MI,Purchase,Owner-Occupied,Single-Family
LN004880,2022-12-01,261922.63,6.75,750-799,60-70%,40-50%,CA,Refinance-Cashout,Owner-Occupied,Single-Family
LN004881,2023-01-01,305839.09,2.5,750-799,<60%,40-50%,FL,Purchase,Owner-Occupied,Single-Family
LN004882,2024-05-01,140397.41,4.672,600-649,70-80%,<30%,CA,Refinance-Cashout,Owner-Occupied,Single-Family
LN004883,2023-07-01,216324.47,2.5,650-699,70-80%,30-40%,IL,Purchase,Owner-Occupied,Single-Family
LN004884,2022-03-01,279253.63,5.42,800+,80-90%,30-40%,NY,Refinance-Cashout,Owner-Occupied,Single-Family
LN004885,2022-08-01,310006.15,6.899,650-699,70-80%,40-50%,GA,Purchase,Owner-Occupied,Single-Family
LN004886,2022-08-01,568120.16,5.028,650-699,70-80%,<30%,NC,Purchase,Owner-Occupied,Condo
LN004887,2023-08-01,261810.0,4.146,700-749,70-80%,40-50%,NY,Refinance-Rate-Term,Owner-Occupied,Single-Family
LN004888,2022-04-01,162335.98,5.425,800+,80-90%,30-40%,FL,Refinance-Rate-Term,Owner-Occupied,Single-Family
LN004889,2023-09-01,470248.47,5.619,700-749,70-80%,40-50%,NY,Purchase,Owner-Occupied,Single-Family
LN004890,2022-03-01,407883.78,5.724,800+,>95%,30-40%,FL,Refinance-Cashout,Owner-Occupied,Condo
LN004891,2022-08-01,184348.78,3.178,650-699,60-70%,40-50%,PA,Refinance-Rate-Term,Owner-Occupied,Single-Family
LN004892,2023-11-01,346526.21,5.365,650-699,80-90%,>50%,CA,Purchase,Owner-Occupied,Multi-Unit
LN004893,2023-04-01,383520.64,5.276,700-749,70-80%,>50%,TX,Purchase,Owner-Occupied,Condo
LN004894,2023-01-01,316382.51,6.422,700-749,60-70%,>50%,GA,Purchase,Owner-Occupied,Single-Family
LN004895,2022-03-01,332582.19,4.887,700-749,80-90%,<30%,FL,Purchase,Owner-Occupied,Single-Family
LN004896,2022-09-01,236774.38,7.961,650-699,70-80%,30-40%,NY,Purchase,Owner-Occupied,Single-Family
LN004897,2023-02-01,350378.93,5.124,650-699,80-90%,<30%,CA,Refinance-Rate-Term,Owner-Occupied,Single-Family
LN004898,2023-01-01,250864.57,4.283,650-699,80-90%,30-40%,FL,Refinance-Rate-Term,Owner-Occupied,Single-Family
LN004899,2022-07-01,50000.0,3.495,750-799,60-70%,<30%,CA,Purchase,Owner-Occupied,Single-Family
LN004900,2023-03-01,319626.6,4.229,700-749,80-90%,40-50%,MI,Purchase,Owner-Occupied,Single-Family
LN004901,2022-07-01,132405.07,3.802,600-649,80-90%,40-50%,IL,Refinance-Cashout,Owner-Occupied,Single-Family
LN004902,2024-10-01,401349.42,4.766,600-649,80-90%,30-40%,CA,Purchase,Owner-Occupied,Single-Family
LN004903,2023-10-01,186917.99,7.53,700-749,70-80%,40-50%,NC,Purchase,Owner-Occupied,Single-Family
LN004904,2023-12-01,54699.58,2.811,800+,60-70%,<30%,OH,Refinance-Rate-Term,Owner-Occupied,Multi-Unit
LN004905,2022-01-01,123070.88,2.916,700-749,70-80%,40-50%,GA,Refinance-Rate-Term,Owner-Occupied,Single-Family
LN004906,2022-10-01,295852.33,4.648,600-649,90-95%,<30%,NC,Refinance-Cashout,Owner-Occupied,Multi-Unit
LN004907,2023-04-01,318650.78,2.956,700-749,90-95%,30-40%,MI,Refinance-Cashout,Owner-Occupied,Single-Family
LN004908,2022-08-01,158736.32,3.527,750-799,70-80%,30-40%,GA,Refinance-Cashout,Investment,Single-Family
LN004909,2024-01-01,192761.17,5.509,700-749,70-80%,40-50%,FL,Purchase,Owner-Occupied,Condo
LN004910,2022-12-01,299193.11,4.921,650-699,80-90%,>50%,OH,Purchase,Owner-Occupied,Condo
LN004911,2024-01-01,397222.78,5.658,750-799,80-90%,30-40%,OH,Purchase,Owner-Occupied,Single-Family
LN004912,2023-05-01,178991.78,5.887,700-749,80-90%,<30%,OH,Purchase,Owner-Occupied,Single-Family
LN004913,2024-02-01,337917.53,7.014,650-699,<60%,40-50%,GA,Purchase,Owner-Occupied,Single-Family
LN004914,2023-02-01,126130.94,5.569,650-699,<60%,30-40%,NY,Purchase,Owner-Occupied,Single-Family
LN004915,2024-12-01,331588.87,6.807,700-749,70-80%,30-40%,PA,Purchase,Second Home,Multi-Unit
LN004916,2023-11-01,375579.21,5.161,750-799,60-70%,<30%,TX,Purchase,Owner-Occupied,Single-Family
LN004917,2022-06-01,352420.66,5.586,800+,80-90%,40-50%,OH,Purchase,Owner-Occupied,Single-Family
LN004918,2022-05-01,399439.78,5.566,700-749,70-80%,30-40%,NC,Purchase,Owner-Occupied,Single-Family
LN004919,2024-01-01,392774.24,5.427,750-799,80-90%,30-40%,IL,Refinance-Cashout,Second Home,Single-Family
LN004920,2023-06-01,484693.18,5.309,600-649,60-70%,30-40%,NY,Refinance-Rate-Term,Owner-Occupied,Single-Family
LN004921,2023-01-01,310861.84,7.731,750-799,70-80%,>50%,TX,Refinance-Cashout,Owner-Occupied,Single-Family
LN004922,2023-02-01,484989.14,6.047,700-749,70-80%,<30%,OH,Purchase,Second Home,Single-Family
LN004923,2024-04-01,205590.09,4.329,700-749,70-80%,40-50%,TX,Purchase,Owner-Occupied,Single-Family
LN004924,2023-06-01,279465.83,8.515,600-649,70-80%,30-40%,TX,Purchase,Owner-Occupied,Single-Family
LN004925,2024-04-01,288499.68,4.434,<600,70-80%,30-40%,NC,Refinance-Rate-Term,Owner-Occupied,Multi-Unit
LN004926,2024-03-01,195721.55,4.992,750-799,90-95%,>50%,TX,Refinance-Cashout,Owner-Occupied,Multi-Unit
LN004927,2024-08-01,63934.11,3.754,600-649,<60%,<30%,MI,Purchase,Owner-Occupied,Single-Family
LN004928,2022-09-01,386929.84,6.076,600-649,80-90%,40-50%,FL,Refinance-Cashout,Owner-Occupied,Single-Family
LN004929,2024-08-01,207006.58,7.535,650-699,>95%,>50%,FL,Purchase,Owner-Occupied,Single-Family
LN004930,2023-08-01,259917.1,2.763,600-649,80-90%,40-50%,TX,Purchase,Owner-Occupied,Condo
LN004931,2024-04-01,458458.53,4.584,700-749,80-90%,<30%,MI,Refinance-Rate-Term,Owner-Occupied,Single-Family
LN004932,2024-09-01,357208.51,6.675,700-749,60-70%,40-50%,FL,Purchase,Second Home,Multi-Unit
LN004933,2022-04-01,474021.15,3.411,650-699,70-80%,40-50%,NC,Purchase,Owner-Occupied,Single-Family
LN004934,2024-10-01,312053.1,5.862,700-749,80-90%,>50%,FL,Purchase,Owner-Occupied,Condo
LN004935,2022-03-01,355549.27,3.048,750-799,70-80%,40-50%,IL,Refinance-Rate-Term,Owner-Occupied,Single-Family
LN004936,2024-02-01,275932.84,5.612,800+,70-80%,30-40%,OH,Purchase,Owner-Occupied,Single-Family
LN004937,2022-08-01,215130.37,5.117,700-749,90-95%,40-50%,CA,Purchase,Owner-Occupied,Single-Family
LN004938,2022-06-01,355179.3,9.0,700-749,70-80%,30-40%,CA,Refinance-Cashout,Owner-Occupied,Condo
LN004939,2023-04-01,256409.88,6.117,650-699,>95%,30-40%,MI,Purchase,Owner-Occupied,Single-Family
LN004940,2023-12-01,364452.2,2.5,700-749,70-80%,40-50%,TX,Purchase,Owner-Occupied,Single-Family
LN004941,2024-06-01,242953.1,4.888,750-799,80-90%,40-50%,CA,Purchase,Owner-Occupied,Condo
LN004942,2023-01-01,282461.67,6.236,700-749,80-90%,40-50%,CA,Refinance-Cashout,Owner-Occupied,Single-Family
LN004943,2022-05-01,290471.75,4.38,650-699,80-90%,40-50%,MI,Purchase,Owner-Occupied,Single-Family
LN004944,2024-01-01,407696.5,4.315,700-749,<60%,<30%,NY,Refinance-Rate-Term,Owner-Occupied,Single-Family
LN004945,2023-08-01,257565.14,4.388,800+,<60%,30-40%,MI,Refinance-Cashout,Owner-Occupied,Single-Family
LN004946,2023-06-01,418699.01,5.821,750-799,70-80%,30-40%,FL,Refinance-Rate-Term,Investment,Single-Family
LN004947,2023-06-01,209514.83,3.117,750-799,90-95%,<30%,CA,Purchase,Owner-Occupied,Condo
LN004948,2022-02-01,326985.76,4.158,650-699,70-80%,30-40%,FL,Refinance-Rate-Term,Owner-Occupied,Single-Family
LN004949,2022-10-01,231239.94,6.549,650-699,60-70%,>50%,CA,Refinance-Rate-Term,Owner-Occupied,Single-Family
LN004950,2022-12-01,411574.58,4.269,750-799,70-80%,30-40%,FL,Purchase,Owner-Occupied,Single-Family
LN004951,2023-01-01,218133.65,4.18,650-699,70-80%,30-40%,NY,Purchase,Second Home,Single-Family
LN004952,2022-11-01,228326.73,2.935,700-749,70-80%,30-40%,GA,Refinance-Rate-Term,Investment,Single-Family
LN004953,2023-07-01,174369.76,5.969,700-749,>95%,40-50%,FL,Purchase,Owner-Occupied,Single-Family
LN004954,2024-11-01,310304.06,5.638,700-749,70-80%,30-40%,FL,Purchase,Investment,Single-Family
LN004955,2024-02-01,359104.87,6.459,700-749,70-80%,30-40%,NC,Refinance-Rate-Term,Owner-Occupied,Single-Family
LN004956,2023-02-01,348312.92,4.831,750-799,70-80%,30-40%,NC,Refinance-Cashout,Owner-Occupied,Single-Family
LN004957,2023-12-01,285576.2,5.474,600-649,80-90%,30-40%,PA,Purchase,Owner-Occupied,Single-Family
LN004958,2022-01-01,233945.89,5.461,750-799,70-80%,40-50%,MI,Purchase,Owner-Occupied,Single-Family
LN004959,2023-10-01,272132.01,2.863,750-799,70-80%,30-40%,NY,Refinance-Rate-Term,Owner-Occupied,Single-Family
LN004960,2023-11-01,275947.05,8.53,800+,70-80%,<30%,MI,Refinance-Rate-Term,Second Home,Multi-Unit
LN004961,2023-07-01,325261.04,6.467,700-749,80-90%,>50%,IL,Refinance-Cashout,Owner-Occupied,Single-Family
LN004962,2023-06-01,318385.28,5.118,700-749,<60%,<30%,NC,Refinance-Rate-Term,Owner-Occupied,Single-Family
LN004963,2022-12-01,473971.91,4.664,800+,70-80%,<30%,CA,Refinance-Rate-Term,Owner-Occupied,Single-Family
LN004964,2024-04-01,303963.61,6.986,700-749,60-70%,40-50%,OH,Refinance-Cashout,Owner-Occupied,Single-Family
LN004965,2024-04-01,336080.1,5.144,700-749,90-95%,40-50%,OH,Purchase,Owner-Occupied,Single-Family
LN004966,2024-09-01,307145.58,6.37,650-699,<60%,<30%,MI,Purchase,Second Home,Single-Family
LN004967,2023-07-01,267326.64,4.133,<600,80-90%,40-50%,CA,Purchase,Owner-Occupied,Single-Family
LN004968,2024-04-01,335407.45,3.687,700-749,70-80%,<30%,CA,Purchase,Owner-Occupied,Single-Family
LN004969,2024-02-01,257933.94,4.757,750-799,70-80%,>50%,NC,Purchase,Owner-Occupied,Multi-Unit
LN004970,2024-11-01,294178.27,5.016,750-799,80-90%,40-50%,OH,Purchase,Owner-Occupied,Condo
LN004971,2024-10-01,415926.85,5.635,<600,70-80%,<30%,NY,Refinance-Rate-Term,Owner-Occupied,Single-Family
LN004972,2024-11-01,251464.06,7.2,750-799,70-80%,<30%,NC,Refinance-Cashout,Investment,Single-Family
LN004973,2023-04-01,338734.39,6.668,700-749,70-80%,30-40%,IL,Purchase,Investment,Single-Family
LN004974,2023-01-01,51865.09,6.977,700-749,70-80%,40-50%,FL,Purchase,Owner-Occupied,Single-Family
LN004975,2023-11-01,281465.61,3.901,800+,90-95%,40-50%,TX,Purchase,Owner-Occupied,Single-Family
LN004976,2023-10-01,250788.13,4.558,650-699,90-95%,>50%,NC,Refinance-Rate-Term,Owner-Occupied,Single-Family
LN004977,2023-04-01,312026.04,6.452,750-799,80-90%,30-40%,NY,Purchase,Owner-Occupied,Single-Family
LN004978,2024-04-01,276376.32,6.822,700-749,90-95%,40-50%,OH,Refinance-Cashout,Owner-Occupied,Single-Family
LN004979,2024-11-01,314151.78,6.113,750-799,>95%,30-40%,CA,Purchase,Owner-Occupied,Single-Family
LN004980,2022-08-01,262133.37,4.156,700-749,80-90%,30-40%,NC,Purchase,Investment,Single-Family
LN004981,2023-10-01,338633.47,3.438,650-699,70-80%,40-50%,NC,Purchase,Owner-Occupied,Single-Family
LN004982,2023-09-01,128535.8,5.349,700-749,70-80%,<30%,MI,Purchase,Owner-Occupied,Condo
LN004983,2024-02-01,311141.23,3.662,700-749,90-95%,30-40%,PA,Refinance-Cashout,Owner-Occupied,Single-Family
LN004984,2023-09-01,206292.08,5.691,650-699,80-90%,40-50%,PA,Refinance-Cashout,Owner-Occupied,Single-Family
LN004985,2024-01-01,416786.65,6.876,750-799,80-90%,30-40%,PA,Purchase,Second Home,Condo
LN004986,2022-01-01,204678.6,5.284,700-749,60-70%,>50%,IL,Refinance-Cashout,Owner-Occupied,Single-Family
LN004987,2022-06-01,399522.07,3.041,750-799,60-70%,<30%,CA,Purchase,Owner-Occupied,Single-Family
LN004988,2023-11-01,298846.74,4.236,700-749,70-80%,30-40%,NY,Purchase,Owner-Occupied,Single-Family
LN004989,2023-11-01,117123.72,6.297,700-749,60-70%,30-40%,MI,Refinance-Cashout,Owner-Occupied,Multi-Unit
LN004990,2023-11-01,212373.27,5.711,800+,90-95%,30-40%,CA,Purchase,Owner-Occupied,Multi-Unit
LN004991,2024-08-01,384780.1,5.831,800+,60-70%,>50%,IL,Purchase,Owner-Occupied,Single-Family
LN004992,2024-06-01,379100.88,7.653,650-699,70-80%,30-40%,NY,Purchase,Owner-Occupied,Single-Family
LN004993,2023-01-01,170064.92,5.524,750-799,<60%,30-40%,GA,Purchase,Owner-Occupied,Single-Family
LN004994,2023-06-01,456285.57,5.476,700-749,60-70%,30-40%,CA,Purchase,Investment,Single-Family
LN004995,2023-11-01,297543.58,6.285,600-649,60-70%,40-50%,GA,Refinance-Cashout,Owner-Occupied,Single-Family
LN004996,2023-03-01,388484.57,3.24,700-749,>95%,30-40%,GA,Purchase,Owner-Occupied,Condo
LN004997,2024-09-01,178815.87,4.332,800+,80-90%,40-50%,CA,Purchase,Investment,Condo
LN004998,2023-09-01,254405.1,3.892,800+,80-90%,40-50%,NC,Purchase,Second Home,Condo
LN004999,2023-11-01,341590.43,5.982,600-649,90-95%,<30%,NC,Purchase,Owner-Occupied,Single-Family
